symbol,company,security_id,series,exchange,core_business_halal,non_muslim_board,price_gt_100,is_liquid,price,avg_volume,is_halal_final,halal,sector,industry,market_cap,debt_mcap_pct,cash_mcap_pct,haram_income_pct,illiquid_asset_pct,net_liquid_ok,last_price,is_illiquid,rank,turnover_liquid_ok,atvr_pct,frequency_of_trading_pct
20MICRONS,20 Microns Limited,16921,EQ,NSE,True,True,True,True,196.72000122070312,219016.7,True,True,,,,0,0,0,0,True,196.72000122070312,False,0,,,
360ONE,360 ONE WAM LIMITED,13061,EQ,NSE,True,True,True,True,1155.0,1338444.4285714286,True,True,,,,0,0,0,0,True,1155.0,False,0,,,
3BBLACKBIO,3B Blackbio Dx Limited,762518,EQ,NSE,True,True,True,True,1238.5,10705.310344827589,True,True,,,,0,0,0,0,True,1238.5,False,0,,,
63MOONS,63 moons technologies limited,11868,EQ,NSE,True,True,True,True,864.2000122070312,773668.5172413794,True,True,,,,0,0,0,0,True,864.2000122070312,False,0,,,
AARON,Aaron Industries Limited,1030,EQ,NSE,True,True,True,True,130.61000061035156,43001.0,True,True,,,,0,0,0,0,True,130.61000061035156,False,0,,,
AARTIDRUGS,Aarti Drugs Limited,4481,EQ,NSE,True,True,True,True,414.0499877929688,203585.56666666668,True,True,,,,0,0,0,0,True,414.0499877929688,False,0,,,
AARTIIND,Aarti Industries Limited,7,EQ,NSE,True,True,True,True,481.75,1108372.1379310344,True,True,,,,0,0,0,0,True,481.75,False,0,,,
AARTIPHARM,Aarti Pharmalabs Limited,13868,EQ,NSE,True,True,True,True,690.0,159813.2857142857,True,True,,,,0,0,0,0,True,690.0,False,0,,,
AARTISURF,Aarti Surfactants Limited,19233,EQ,NSE,True,True,True,True,541.8499755859375,40863.67857142857,True,True,,,,0,0,0,0,True,541.8499755859375,False,0,,,
AARVI,Aarvi Encon Limited,19073,EQ,NSE,True,True,True,True,156.3699951171875,56984.63333333333,True,True,,,,0,0,0,0,True,156.3699951171875,False,0,,,
ABB,ABB India Limited,13,EQ,NSE,True,True,True,True,7700.0,433532.0,True,True,,,,0,0,0,0,True,7700.0,False,0,,,
ABBOTINDIA,Abbott India Limited,17903,EQ,NSE,True,True,True,True,27825.0,12359.5,True,True,,,,0,0,0,0,True,27825.0,False,0,,,
ABCOTS,A B Cotspin India Limited,759130,EQ,NSE,True,True,True,True,200.8099975585937,43725.96428571428,True,True,,,,0,0,0,0,True,200.8099975585937,False,0,,,
ABREL,Aditya Birla Real Estate Limited,625,EQ,NSE,True,True,True,True,1424.0999755859375,156263.1379310345,True,True,,,,0,0,0,0,True,1424.0999755859375,False,0,,,
ABSLAMC,Aditya Birla Sun Life AMC Limited,6018,EQ,NSE,True,True,True,True,995.5999755859376,372229.03571428574,True,True,,,,0,0,0,0,True,995.5999755859376,False,0,,,
ACC,ACC Limited,22,EQ,NSE,True,True,True,True,1384.699951171875,183563.4482758621,True,True,,,,0,0,0,0,True,1384.699951171875,False,0,,,
ACE,Action Construction Equipment Limited,13587,EQ,NSE,True,True,True,True,1098.5999755859375,618863.1379310344,True,True,,,,0,0,0,0,True,1098.5999755859375,False,0,,,
ACI,Archean Chemical Industries Limited,12024,EQ,NSE,True,True,True,True,532.2000122070312,278084.14285714284,True,True,,,,0,0,0,0,True,532.2000122070312,False,0,,,
ACMESOLAR,Acme Solar Holdings Limited,27061,EQ,NSE,True,True,True,True,381.6499938964844,2057342.4285714289,True,True,,,,0,0,0,0,True,381.6499938964844,False,0,,,
ACUTAAS,Acutaas Chemicals Limited,5578,EQ,NSE,True,True,True,True,3224.300048828125,447523.5,True,True,,,,0,0,0,0,True,3224.300048828125,False,0,,,
ADANIENSOL,Adani Energy Solutions Limited,10217,EQ,NSE,True,True,True,True,1646.0,2458355.8666666667,True,True,,,,0,0,0,0,True,1646.0,False,0,,,
ADANIENT,Adani Enterprises Limited,25,EQ,NSE,True,True,True,True,3050.0,1618252.2333333334,True,True,,,,0,0,0,0,True,3050.0,False,0,,,
ADANIGREEN,Adani Green Energy Limited,3563,EQ,NSE,True,True,True,True,1384.0,2687610.1,True,True,,,,0,0,0,0,True,1384.0,False,0,,,
ADANIPORTS,Adani Ports and Special Economic Zone Limited,15083,EQ,NSE,True,True,True,True,1706.699951171875,2003550.8,True,True,,,,0,0,0,0,True,1706.699951171875,False,0,,,
ADANIPOWER,Adani Power Limited,17388,EQ,NSE,True,True,True,True,209.9499969482422,26981676.166666668,True,True,,,,0,0,0,0,True,209.9499969482422,False,0,,,
ADFFOODS,ADF Foods Limited,19761,EQ,NSE,True,True,True,True,273.25,746435.1666666666,True,True,,,,0,0,0,0,True,273.25,False,0,,,
ADOR,Ador Welding Limited,34,EQ,NSE,True,True,True,True,1510.800048828125,66104.0,True,True,,,,0,0,0,0,True,1510.800048828125,False,0,,,
ADVAIT,Advait Energy Transitions Limited,760657,EQ,NSE,True,True,True,True,2343.0,38187.357142857145,True,True,,,,0,0,0,0,True,2343.0,False,0,,,
ADVENTHTL,Advent Hotels International Limited,759769,EQ,NSE,True,True,True,True,147.86000061035156,498397.4285714286,True,True,,,,0,0,0,0,True,147.86000061035156,False,0,,,
ADVENZYMES,Advanced Enzyme Technologies Limited,18039,EQ,NSE,True,True,True,True,322.6499938964844,387047.5714285714,True,True,,,,0,0,0,0,True,322.6499938964844,False,0,,,
AEGISVOPAK,Aegis Vopak Terminals Limited,757336,EQ,NSE,True,True,True,True,296.1499938964844,2674035.7,True,True,,,,0,0,0,0,True,296.1499938964844,False,0,,,
AEROPLANE,Amir Chand Jagdish Kumar (Exports) Limited,761670,EQ,NSE,True,True,True,True,201.38999938964844,918575.0344827586,True,True,,,,0,0,0,0,True,201.38999938964844,False,0,,,
AFCONS,Afcons Infrastructure Limited,25977,EQ,NSE,True,True,True,True,281.6000061035156,1380887.1724137932,True,True,,,,0,0,0,0,True,281.6000061035156,False,0,,,
AGARIND,Agarwal Industrial Corporation Limited,3389,EQ,NSE,True,True,True,True,526.0,189421.57142857145,True,True,,,,0,0,0,0,True,526.0,False,0,,,
AGARWALEYE,Dr. Agarwal's Health Care Limited,29452,EQ,NSE,True,True,True,True,493.5,79671.55172413793,True,True,,,,0,0,0,0,True,493.5,False,0,,,
AGI,AGI Greenpac Limited,1412,EQ,NSE,True,True,True,True,714.7000122070312,115467.5,True,True,,,,0,0,0,0,True,714.7000122070312,False,0,,,
AGIIL,Agi Infra Limited,24445,EQ,NSE,True,True,True,True,306.8500061035156,2157142.2666666666,True,True,,,,0,0,0,0,True,306.8500061035156,False,0,,,
AHLUCONT,Ahluwalia Contracts (India) Limited,17833,EQ,NSE,True,True,True,True,830.7000122070312,33539.5,True,True,,,,0,0,0,0,True,830.7000122070312,False,0,,,
AIAENG,AIA Engineering Limited,13086,EQ,NSE,True,True,True,True,4627.0,75203.71428571429,True,True,,,,0,0,0,0,True,4627.0,False,0,,,
AJANTPHARM,Ajanta Pharma Limited,8124,EQ,NSE,True,True,True,True,3525.10009765625,133046.5172413793,True,True,,,,0,0,0,0,True,3525.10009765625,False,0,,,
AJAXENGG,Ajax Engineering Limited,29624,EQ,NSE,True,True,True,True,593.7999877929688,57499.53571428572,True,True,,,,0,0,0,0,True,593.7999877929688,False,0,,,
AJMERA,Ajmera Realty & Infra India Limited,17307,EQ,NSE,True,True,True,True,122.97000122070312,463257.1428571429,True,True,,,,0,0,0,0,True,122.97000122070312,False,0,,,
ALICON,Alicon Castalloy Limited,13656,EQ,NSE,True,True,True,True,694.8499755859375,13507.785714285714,True,True,,,,0,0,0,0,True,694.8499755859375,False,0,,,
ALKEM,Alkem Laboratories Limited,11703,EQ,NSE,True,True,True,True,5608.0,149774.4827586207,True,True,,,,0,0,0,0,True,5608.0,False,0,,,
ALKYLAMINE,Alkyl Amines Chemicals Limited,4487,EQ,NSE,True,True,True,True,1921.199951171875,153671.10714285713,True,True,,,,0,0,0,0,True,1921.199951171875,False,0,,,
ALLTIME,All Time Plastics Limited,758448,EQ,NSE,True,True,True,True,221.4499969482422,53119.0,True,True,,,,0,0,0,0,True,221.4499969482422,False,0,,,
ALPHAGEO,Alphageo (India) Limited,14597,EQ,NSE,True,True,True,True,247.67999267578125,10669.206896551725,True,True,,,,0,0,0,0,True,247.67999267578125,False,0,,,
AMAGI,Amagi Media Labs Limited,760740,EQ,NSE,True,True,True,True,674.7000122070312,545286.6551724138,True,True,,,,0,0,0,0,True,674.7000122070312,False,0,,,
AMBER,Amber Enterprises India Limited,1185,EQ,NSE,True,True,True,True,7395.0,242992.0344827586,True,True,,,,0,0,0,0,True,7395.0,False,0,,,
AMBIKCO,Ambika Cotton Mills Limited,15234,EQ,NSE,True,True,True,True,1779.300048828125,15375.464285714286,True,True,,,,0,0,0,0,True,1779.300048828125,False,0,,,
AMBUJACEM,Ambuja Cements Limited,1270,EQ,NSE,True,True,True,True,436.0499877929688,2589344.7666666666,True,True,,,,0,0,0,0,True,436.0499877929688,False,0,,,
AMNPLST,Amines & Plasticizers Limited,19867,EQ,NSE,True,True,True,True,201.7700042724609,16666.821428571428,True,True,,,,0,0,0,0,True,201.7700042724609,False,0,,,
AMRUTANJAN,Amrutanjan Health Care Limited,17547,EQ,NSE,True,True,True,True,517.8499755859375,56454.42857142857,True,True,,,,0,0,0,0,True,517.8499755859375,False,0,,,
ANANDRATHI,Anand Rathi Wealth Limited,7145,EQ,NSE,True,True,True,True,2034.0,434757.0,True,True,,,,0,0,0,0,True,2034.0,False,0,,,
ANANTRAJ,Anant Raj Limited,13620,EQ,NSE,True,True,True,True,630.4000244140625,2799474.066666667,True,True,,,,0,0,0,0,True,630.4000244140625,False,0,,,
ANUP,The Anup Engineering Limited,9014,EQ,NSE,True,True,True,True,2189.5,23708.464285714286,True,True,,,,0,0,0,0,True,2189.5,False,0,,,
ANURAS,Anupam Rasayan India Limited,2829,EQ,NSE,True,True,True,True,1214.4000244140625,341887.1724137931,True,True,,,,0,0,0,0,True,1214.4000244140625,False,0,,,
APARINDS,Apar Industries Limited,11491,EQ,NSE,True,True,True,True,15433.0,157653.03333333333,True,True,,,,0,0,0,0,True,15433.0,False,0,,,
APCOTEXIND,Apcotex Industries Limited,154,EQ,NSE,True,True,True,True,626.2000122070312,429342.1666666667,True,True,,,,0,0,0,0,True,626.2000122070312,False,0,,,
APEX,Apex Frozen Foods Limited,21623,EQ,NSE,True,True,True,True,378.2999877929688,108265.41379310343,True,True,,,,0,0,0,0,True,378.2999877929688,False,0,,,
APLAPOLLO,APL Apollo Tubes Limited,25780,EQ,NSE,True,True,True,True,1920.0,636592.6,True,True,,,,0,0,0,0,True,1920.0,False,0,,,
APOLLO,Apollo Micro Systems Limited,1134,EQ,NSE,True,True,True,True,398.2000122070313,11265084.666666666,True,True,,,,0,0,0,0,True,398.2000122070313,False,0,,,
APOLLOHOSP,Apollo Hospitals Enterprise Limited,157,EQ,NSE,True,True,True,True,9050.0,269200.6896551724,True,True,,,,0,0,0,0,True,9050.0,False,0,,,
APOLLOTYRE,Apollo Tyres Limited,163,EQ,NSE,True,True,True,True,438.3500061035156,803308.6785714285,True,True,,,,0,0,0,0,True,438.3500061035156,False,0,,,
ARIHANTSUP,Arihant Superstructures Limited,20159,EQ,NSE,True,True,True,True,258.8500061035156,19974.5,True,True,,,,0,0,0,0,True,258.8500061035156,False,0,,,
ARIS,Arisinfra Solutions Limited,757614,EQ,NSE,True,True,True,True,130.50999450683594,906411.6071428572,True,True,,,,0,0,0,0,True,130.50999450683594,False,0,,,
ARKADE,Arkade Developers Limited,25398,EQ,NSE,True,True,True,True,139.17999267578125,632955.3571428572,True,True,,,,0,0,0,0,True,139.17999267578125,False,0,,,
ARVIND,Arvind Limited,193,EQ,NSE,True,True,True,True,547.3499755859375,822276.1785714285,True,True,,,,0,0,0,0,True,547.3499755859375,False,0,,,
ARVINDFASN,Arvind Fashions Limited,9111,EQ,NSE,True,True,True,True,445.8999938964844,351769.71428571426,True,True,,,,0,0,0,0,True,445.8999938964844,False,0,,,
ARVSMART,Arvind SmartSpaces Limited,10457,EQ,NSE,True,True,True,True,604.2000122070312,27590.214285714286,True,True,,,,0,0,0,0,True,604.2000122070312,False,0,,,
ASAL,Automotive Stampings and Assemblies Limited,10634,EQ,NSE,True,True,True,True,507.2999877929688,31768.10714285714,True,True,,,,0,0,0,0,True,507.2999877929688,False,0,,,
ASHAPURMIN,Ashapura Minechem Limited,203,EQ,NSE,True,True,True,True,719.2999877929688,409936.2068965517,True,True,,,,0,0,0,0,True,719.2999877929688,False,0,,,
ASHIANA,Ashiana Housing Limited,24403,EQ,NSE,True,True,True,True,387.7999877929688,330178.46428571426,True,True,,,,0,0,0,0,True,387.7999877929688,False,0,,,
ASHIKAG,Ashika Global Securities Limited,762548,EQ,NSE,True,True,True,True,459.2999877929688,378247.5862068966,True,True,,,,0,0,0,0,True,459.2999877929688,False,0,,,
ASHOKA,Ashoka Buildcon Limited,20182,EQ,NSE,True,True,True,True,120.33000183105467,641064.4,True,True,,,,0,0,0,0,True,120.33000183105467,False,0,,,
ASHOKLEY,Ashok Leyland Limited,212,EQ,NSE,True,True,True,True,172.0800018310547,20980326.73333333,True,True,,,,0,0,0,0,True,172.0800018310547,False,0,,,
ASIANENE,Asian Energy Services Limited,7030,EQ,NSE,True,True,True,True,417.6000061035156,307827.39285714284,True,True,,,,0,0,0,0,True,417.6000061035156,False,0,,,
ASIANHOTNR,Asian Hotels (North) Limited,18422,EQ,NSE,True,True,True,True,301.54998779296875,66663.17857142857,True,True,,,,0,0,0,0,True,301.54998779296875,False,0,,,
ASKAUTOLTD,ASK Automotive Limited,20152,EQ,NSE,True,True,True,True,551.2999877929688,283070.5714285714,True,True,,,,0,0,0,0,True,551.2999877929688,False,0,,,
ASTEC,Astec LifeSciences Limited,17728,EQ,NSE,True,True,True,True,622.25,37487.66666666666,True,True,,,,0,0,0,0,True,622.25,False,0,,,
ASTRAL,Astral Limited,14418,EQ,NSE,True,True,True,True,1448.0,732043.1724137932,True,True,,,,0,0,0,0,True,1448.0,False,0,,,
ASTRAMICRO,Astra Microwave Products Limited,11618,EQ,NSE,True,True,True,True,1835.4000244140625,667313.3333333334,True,True,,,,0,0,0,0,True,1835.4000244140625,False,0,,,
ATGL,Adani Total Gas Limited,6066,EQ,NSE,True,True,True,True,666.9500122070312,1590489.8,True,True,,,,0,0,0,0,True,666.9500122070312,False,0,,,
ATHERENERG,Ather Energy Limited,757645,EQ,NSE,True,True,True,True,1450.4000244140625,5192629.033333333,True,True,,,,0,0,0,0,True,1450.4000244140625,False,0,,,
ATLANTAELE,Atlanta Electricals Limited,759007,EQ,NSE,True,True,True,True,1614.0,119079.32142857143,True,True,,,,0,0,0,0,True,1614.0,False,0,,,
ATUL,Atul Limited,263,EQ,NSE,True,True,True,True,6793.5,60040.379310344826,True,True,,,,0,0,0,0,True,6793.5,False,0,,,
ATULAUTO,Atul Auto Limited,30023,EQ,NSE,True,True,True,True,557.7999877929688,203811.41379310345,True,True,,,,0,0,0,0,True,557.7999877929688,False,0,,,
AURIONPRO,Aurionpro Solutions Limited,12022,EQ,NSE,True,True,True,True,738.5,147399.75,True,True,,,,0,0,0,0,True,738.5,False,0,,,
AUROPHARMA,Aurobindo Pharma Limited,275,EQ,NSE,True,True,True,True,1585.9000244140625,1168609.3793103448,True,True,,,,0,0,0,0,True,1585.9000244140625,False,0,,,
AVALON,Avalon Technologies Limited,15058,EQ,NSE,True,True,True,True,1805.4000244140625,324826.1034482759,True,True,,,,0,0,0,0,True,1805.4000244140625,False,0,,,
AVANTEL,Avantel Limited,24610,EQ,NSE,True,True,True,True,164.07000732421875,2943884.3666666667,True,True,,,,0,0,0,0,True,164.07000732421875,False,0,,,
AVANTIFEED,Avanti Feeds Limited,7936,EQ,NSE,True,True,True,True,893.4000244140625,506588.6666666667,True,True,,,,0,0,0,0,True,893.4000244140625,False,0,,,
AVL,Aditya Vision Limited,25984,EQ,NSE,True,True,True,True,634.4000244140625,240099.82142857145,True,True,,,,0,0,0,0,True,634.4000244140625,False,0,,,
AWFIS,Awfis Space Solutions Limited,23864,EQ,NSE,True,True,True,True,273.04998779296875,248329.32142857145,True,True,,,,0,0,0,0,True,273.04998779296875,False,0,,,
AWHCL,Antony Waste Handling Cell Limited,1797,EQ,NSE,True,True,True,True,429.5499877929688,79174.41379310345,True,True,,,,0,0,0,0,True,429.5499877929688,False,0,,,
AWL,AWL Agri Business Limited,8110,EQ,NSE,True,True,True,True,190.58999633789065,3682371.0,True,True,,,,0,0,0,0,True,190.58999633789065,False,0,,,
AXISCADES,AXISCADES Technologies Limited,9436,EQ,NSE,True,True,True,True,1583.199951171875,241590.1379310345,True,True,,,,0,0,0,0,True,1583.199951171875,False,0,,,
AZAD,Azad Engineering Limited,20905,EQ,NSE,True,True,True,True,2374.39990234375,620773.5714285715,True,True,,,,0,0,0,0,True,2374.39990234375,False,0,,,
BAJAJ-AUTO,Bajaj Auto Limited,16669,EQ,NSE,True,True,True,True,11600.0,444173.275862069,True,True,,,,0,0,0,0,True,11600.0,False,0,,,
BAJAJCON,Bajaj Consumer Care Limited,19531,EQ,NSE,True,True,True,True,544.2000122070312,1036597.75,True,True,,,,0,0,0,0,True,544.2000122070312,False,0,,,
BAJAJELEC,Bajaj Electricals Limited,15034,EQ,NSE,True,True,True,True,349.70001220703125,156049.9655172414,True,True,,,,0,0,0,0,True,349.70001220703125,False,0,,,
BAJAJHCARE,Bajaj Healthcare Limited,6863,EQ,NSE,True,True,True,True,335.6000061035156,959010.2857142856,True,True,,,,0,0,0,0,True,335.6000061035156,False,0,,,
BAJAJINDEF,Indef Manufacturing Limited,29678,EQ,NSE,True,True,True,True,232.0800018310547,31571.821428571428,True,True,,,,0,0,0,0,True,232.0800018310547,False,0,,,
BAJAJST,Bajaj Steel Industries Limited,762563,EQ,NSE,True,True,True,True,390.3500061035156,23089.51724137931,True,True,,,,0,0,0,0,True,390.3500061035156,False,0,,,
BAJEL,Bajel Projects Limited,20531,EQ,NSE,True,True,True,True,178.69000244140625,211614.2068965517,True,True,,,,0,0,0,0,True,178.69000244140625,False,0,,,
BALKRISIND,Balkrishna Industries Limited,335,EQ,NSE,True,True,True,True,2491.89990234375,406787.2333333333,True,True,,,,0,0,0,0,True,2491.89990234375,False,0,,,
BALMLAWRIE,Balmer Lawrie & Company Limited,338,EQ,NSE,True,True,True,True,174.4199981689453,109521.06896551725,True,True,,,,0,0,0,0,True,174.4199981689453,False,0,,,
BALRAMCHIN,Balrampur Chini Mills Limited,341,EQ,NSE,True,True,True,True,658.7000122070312,733095.3793103448,True,True,,,,0,0,0,0,True,658.7000122070312,False,0,,,
BANARBEADS,Banaras Beads Limited,347,EQ,NSE,True,True,True,True,113.97000122070312,13059.785714285714,True,True,,,,0,0,0,0,True,113.97000122070312,False,0,,,
BANCOINDIA,Banco Products (I) Limited,13880,EQ,NSE,True,True,True,True,669.75,138752.6896551724,True,True,,,,0,0,0,0,True,669.75,False,0,,,
BANSALWIRE,Bansal Wire Industries Limited,24386,EQ,NSE,True,True,True,True,314.70001220703125,287233.71428571426,True,True,,,,0,0,0,0,True,314.70001220703125,False,0,,,
BANSWRAS,Banswara Syntex Limited,14511,EQ,NSE,True,True,True,True,125.48999786376952,51825.42857142857,True,True,,,,0,0,0,0,True,125.48999786376952,False,0,,,
BATAINDIA,Bata India Limited,371,EQ,NSE,True,True,True,True,709.5499877929688,280152.3793103448,True,True,,,,0,0,0,0,True,709.5499877929688,False,0,,,
BAYERCROP,Bayer Cropscience Limited,17927,EQ,NSE,True,True,True,True,4331.0,42717.82142857143,True,True,,,,0,0,0,0,True,4331.0,False,0,,,
BBL,Bharat Bijlee Limited,13761,EQ,NSE,True,True,True,True,2390.199951171875,32646.321428571428,True,True,,,,0,0,0,0,True,2390.199951171875,False,0,,,
BBOX,Black Box Limited,3435,EQ,NSE,True,True,True,True,750.0499877929688,350409.93333333335,True,True,,,,0,0,0,0,True,750.0499877929688,False,0,,,
BBTC,The Bombay Burmah Trading Corporation Limited,380,EQ,NSE,True,True,True,True,1505.699951171875,24005.51724137931,True,True,,,,0,0,0,0,True,1505.699951171875,False,0,,,
BCONCEPTS,Brand Concepts Limited,7780,EQ,NSE,True,True,True,True,183.9100036621093,18121.571428571428,True,True,,,,0,0,0,0,True,183.9100036621093,False,0,,,
BDL,Bharat Dynamics Limited,2144,EQ,NSE,True,True,True,True,1265.0,981693.4666666668,True,True,,,,0,0,0,0,True,1265.0,False,0,,,
BECTORFOOD,Mrs. Bectors Food Specialities Limited,1628,EQ,NSE,True,True,True,True,209.9600067138672,9840131.933333334,True,True,,,,0,0,0,0,True,209.9600067138672,False,0,,,
BEL,Bharat Electronics Limited,383,EQ,NSE,True,True,True,True,391.5,12179503.2,True,True,,,,0,0,0,0,True,391.5,False,0,,,
BELLACASA,Bella Casa Fashion & Retail Limited,757938,EQ,NSE,True,True,True,True,246.3800048828125,14236.357142857143,True,True,,,,0,0,0,0,True,246.3800048828125,False,0,,,
BELRISE,Belrise Industries Limited,757102,EQ,NSE,True,True,True,True,240.33999633789065,4654812.866666666,True,True,,,,0,0,0,0,True,240.33999633789065,False,0,,,
BEPL,Bhansali Engineering Polymers Limited,419,EQ,NSE,True,True,True,True,122.94000244140624,8255479.448275862,True,True,,,,0,0,0,0,True,122.94000244140624,False,0,,,
BERGEPAINT,Berger Paints (I) Limited,404,EQ,NSE,True,True,True,True,533.7999877929688,348958.78571428574,True,True,,,,0,0,0,0,True,533.7999877929688,False,0,,,
BETA,Beta Drugs Limited,759842,EQ,NSE,True,True,True,True,2365.0,51106.78571428572,True,True,,,,0,0,0,0,True,2365.0,False,0,,,
BFUTILITIE,BF Utilities Limited,14567,EQ,NSE,True,True,True,True,568.5,231295.24137931035,True,True,,,,0,0,0,0,True,568.5,False,0,,,
BHAGCHEM,Bhagiradha Chemicals & Industries Limited,6164,EQ,NSE,True,True,True,True,286.1000061035156,155575.3103448276,True,True,,,,0,0,0,0,True,286.1000061035156,False,0,,,
BHARATFORG,Bharat Forge Limited,422,EQ,NSE,True,True,True,True,2195.0,1039921.7333333332,True,True,,,,0,0,0,0,True,2195.0,False,0,,,
BHARATSE,Bharat Seats Limited,30244,EQ,NSE,True,True,True,True,231.8699951171875,1785738.2413793104,True,True,,,,0,0,0,0,True,231.8699951171875,False,0,,,
BHARATWIRE,Bharat Wire Ropes Limited,16123,EQ,NSE,True,True,True,True,200.3999938964844,253607.32142857145,True,True,,,,0,0,0,0,True,200.3999938964844,False,0,,,
BHARTIARTL,Bharti Airtel Limited,10604,EQ,NSE,True,True,True,True,1970.0999755859373,5992485.633333334,True,True,,,,0,0,0,0,True,1970.0999755859373,False,0,,,
BHARTIHEXA,Bharti Hexacom Limited,23489,EQ,NSE,True,True,True,True,1616.800048828125,229303.37931034484,True,True,,,,0,0,0,0,True,1616.800048828125,False,0,,,
BHEL,Bharat Heavy Electricals Limited,438,EQ,NSE,True,True,True,True,411.9500122070313,14927657.066666666,True,True,,,,0,0,0,0,True,411.9500122070313,False,0,,,
BIKAJI,Bikaji Foods International Limited,11966,EQ,NSE,True,True,True,True,647.9000244140625,106382.93103448275,True,True,,,,0,0,0,0,True,647.9000244140625,False,0,,,
BIOCON,Biocon Limited,11373,EQ,NSE,True,True,True,True,422.0,5935266.620689655,True,True,,,,0,0,0,0,True,422.0,False,0,,,
BIRLAMONEY,Aditya Birla Money Limited,15239,EQ,NSE,True,True,True,True,133.74000549316406,125789.35714285714,True,True,,,,0,0,0,0,True,133.74000549316406,False,0,,,
BLAL,BEML Land Assets Limited,15067,EQ,NSE,True,True,True,True,173.61000061035156,19933.28571428572,True,True,,,,0,0,0,0,True,173.61000061035156,False,0,,,
BLS,BLS International Services Limited,17279,EQ,NSE,True,True,True,True,247.9499969482422,1326853.0689655172,True,True,,,,0,0,0,0,True,247.9499969482422,False,0,,,
BLSE,BLS E-Services Limited,22566,EQ,NSE,True,True,True,True,301.45001220703125,1364485.892857143,True,True,,,,0,0,0,0,True,301.45001220703125,False,0,,,
BLUEDART,Blue Dart Express Limited,495,EQ,NSE,True,True,True,True,5364.5,32488.103448275862,True,True,,,,0,0,0,0,True,5364.5,False,0,,,
BLUEJET,Blue Jet Healthcare Limited,19686,EQ,NSE,True,True,True,True,582.0499877929688,1123912.448275862,True,True,,,,0,0,0,0,True,582.0499877929688,False,0,,,
BLUESTARCO,Blue Star Limited,8311,EQ,NSE,True,True,True,True,1685.0,294913.0333333333,True,True,,,,0,0,0,0,True,1685.0,False,0,,,
BLUESTONE,BlueStone Jewellery and Lifestyle Limited,759291,EQ,NSE,True,True,True,True,848.75,6320852.5,True,True,,,,0,0,0,0,True,848.75,False,0,,,
BLUSPRING,Bluspring Enterprises Limited,757520,EQ,NSE,True,True,True,True,111.4800033569336,808344.275862069,True,True,,,,0,0,0,0,True,111.4800033569336,False,0,,,
BOMDYEING,Bombay Dyeing & Mfg Company Limited,513,EQ,NSE,True,True,True,True,121.95999908447266,434925.1785714286,True,True,,,,0,0,0,0,True,121.95999908447266,False,0,,,
BORANA,Borana Weaves Limited,757919,EQ,NSE,True,True,True,True,319.0,36666.42857142857,True,True,,,,0,0,0,0,True,319.0,False,0,,,
BOROLTD,Borosil Limited,19401,EQ,NSE,True,True,True,True,239.8699951171875,105400.39285714286,True,True,,,,0,0,0,0,True,239.8699951171875,False,0,,,
BORORENEW,BOROSIL RENEWABLES LIMITED,3149,EQ,NSE,True,True,True,True,559.0499877929688,789400.5862068966,True,True,,,,0,0,0,0,True,559.0499877929688,False,0,,,
BOROSCI,Borosil Scientific Limited,24014,EQ,NSE,True,True,True,True,145.75,351068.724137931,True,True,,,,0,0,0,0,True,145.75,False,0,,,
BOSCH-HCIL,BOSCH HOME COMFORT INDIA LIMITED,4491,EQ,NSE,True,True,True,True,1439.4000244140625,32375.10714285714,True,True,,,,0,0,0,0,True,1439.4000244140625,False,0,,,
BOSCHLTD,Bosch Limited,2181,EQ,NSE,True,True,True,True,41200.0,33668.92857142857,True,True,,,,0,0,0,0,True,41200.0,False,0,,,
BPCL,Bharat Petroleum Corporation Limited,526,EQ,NSE,True,True,True,True,324.0,6860150.566666666,True,True,,,,0,0,0,0,True,324.0,False,0,,,
BRITANNIA,Britannia Industries Limited,547,EQ,NSE,True,True,True,True,5478.0,240911.24137931035,True,True,,,,0,0,0,0,True,5478.0,False,0,,,
BSOFT,BIRLASOFT LIMITED,6994,EQ,NSE,True,True,True,True,323.20001220703125,2552097.0,True,True,,,,0,0,0,0,True,323.20001220703125,False,0,,,
BUILDPRO,Shankara Buildpro Limited,760594,EQ,NSE,True,True,True,True,1337.800048828125,123918.06896551725,True,True,,,,0,0,0,0,True,1337.800048828125,False,0,,,
BUTTERFLY,Butterfly Gandhimathi Appliances Limited,2716,EQ,NSE,True,True,True,True,664.4500122070312,82002.31034482758,True,True,,,,0,0,0,0,True,664.4500122070312,False,0,,,
CAMLINFINE,Camlin Fine Sciences Limited,6216,EQ,NSE,True,True,True,True,130.22999572753906,646382.8275862068,True,True,,,,0,0,0,0,True,130.22999572753906,False,0,,,
CAMPUS,Campus Activewear Limited,9362,EQ,NSE,True,True,True,True,223.7700042724609,2357707.6896551726,True,True,,,,0,0,0,0,True,223.7700042724609,False,0,,,
CANFINHOME,Can Fin Homes Limited,583,EQ,NSE,True,True,True,True,809.7999877929688,337348.2413793103,True,True,,,,0,0,0,0,True,809.7999877929688,False,0,,,
CANTABIL,Cantabil Retail India Limited,20160,EQ,NSE,True,True,True,True,247.8600006103516,327048.1034482759,True,True,,,,0,0,0,0,True,247.8600006103516,False,0,,,
CAPACITE,Capacit'e Infraprojects Limited,21749,EQ,NSE,True,True,True,True,213.5200042724609,541674.8275862068,True,True,,,,0,0,0,0,True,213.5200042724609,False,0,,,
CAPILLARY,Capillary Technologies India Limited,759867,EQ,NSE,True,True,True,True,534.9500122070312,639138.1,True,True,,,,0,0,0,0,True,534.9500122070312,False,0,,,
CAPLIPOINT,Caplin Point Laboratories Limited,3906,EQ,NSE,True,True,True,True,2571.89990234375,122249.8275862069,True,True,,,,0,0,0,0,True,2571.89990234375,False,0,,,
CARBORUNIV,Carborundum Universal Limited,595,EQ,NSE,True,True,True,True,1078.5,142339.10344827586,True,True,,,,0,0,0,0,True,1078.5,False,0,,,
CARERATING,CARE Ratings Limited,29113,EQ,NSE,True,True,True,True,1729.4000244140625,36992.89655172414,True,True,,,,0,0,0,0,True,1729.4000244140625,False,0,,,
CARRARO,Carraro India Limited,28879,EQ,NSE,True,True,True,True,540.4000244140625,161705.24137931035,True,True,,,,0,0,0,0,True,540.4000244140625,False,0,,,
CARYSIL,CARYSIL LIMITED,1879,EQ,NSE,True,True,True,True,1178.199951171875,109528.46428571428,True,True,,,,0,0,0,0,True,1178.199951171875,False,0,,,
CASTROLIND,Castrol India Limited,1250,EQ,NSE,True,True,True,True,187.0599975585937,1265162.9655172413,True,True,,,,0,0,0,0,True,187.0599975585937,False,0,,,
CCL,CCL Products (India) Limited,11452,EQ,NSE,True,True,True,True,1122.0,184193.9655172414,True,True,,,,0,0,0,0,True,1122.0,False,0,,,
CDSL,Central Depository Services (India) Limited,21174,EQ,NSE,True,True,True,True,1340.0,1686973.5333333334,True,True,,,,0,0,0,0,True,1340.0,False,0,,,
CEATLTD,CEAT Limited,15254,EQ,NSE,True,True,True,True,3611.199951171875,204049.5862068965,True,True,,,,0,0,0,0,True,3611.199951171875,False,0,,,
CEIGALL,Ceigall India Limited,24742,EQ,NSE,True,True,True,True,339.8500061035156,412707.4482758621,True,True,,,,0,0,0,0,True,339.8500061035156,False,0,,,
CEINSYS,Ceinsys Tech Limited,761037,EQ,NSE,True,True,True,True,861.6500244140625,45111.17857142857,True,True,,,,0,0,0,0,True,861.6500244140625,False,0,,,
CELLO,Cello World Limited,19795,EQ,NSE,True,True,True,True,344.8500061035156,251371.75862068965,True,True,,,,0,0,0,0,True,344.8500061035156,False,0,,,
CEMPRO,Cemindia Projects Limited,5622,EQ,NSE,True,True,True,True,1329.800048828125,680085.8275862068,True,True,,,,0,0,0,0,True,1329.800048828125,False,0,,,
CENTENKA,Century Enka Limited,619,EQ,NSE,True,True,True,True,620.5,298037.8214285714,True,True,,,,0,0,0,0,True,620.5,False,0,,,
CENTUM,Centum Electronics Limited,14982,EQ,NSE,True,True,True,True,3698.60009765625,33002.53571428572,True,True,,,,0,0,0,0,True,3698.60009765625,False,0,,,
CENTURYPLY,Century Plyboards (India) Limited,13305,EQ,NSE,True,True,True,True,769.5,79080.03333333334,True,True,,,,0,0,0,0,True,769.5,False,0,,,
CESC,CESC Limited,628,EQ,NSE,True,True,True,True,164.75999450683594,1121767.6551724137,True,True,,,,0,0,0,0,True,164.75999450683594,False,0,,,
CEWATER,Concord Enviro Systems Limited,28764,EQ,NSE,True,True,True,True,279.6000061035156,190410.27586206896,True,True,,,,0,0,0,0,True,279.6000061035156,False,0,,,
CGPOWER,CG Power and Industrial Solutions Limited,760,EQ,NSE,True,True,True,True,880.0499877929688,5298886.133333334,True,True,,,,0,0,0,0,True,880.0499877929688,False,0,,,
CHALET,Chalet Hotels Limited,8546,EQ,NSE,True,True,True,True,825.6500244140625,112780.46428571428,True,True,,,,0,0,0,0,True,825.6500244140625,False,0,,,
CHAMBLFERT,Chambal Fertilizers & Chemicals Limited,637,EQ,NSE,True,True,True,True,454.6000061035156,419846.1034482759,True,True,,,,0,0,0,0,True,454.6000061035156,False,0,,,
CHEMPLASTS,Chemplast Sanmar Limited,5449,EQ,NSE,True,True,True,True,194.4100036621093,492780.0,True,True,,,,0,0,0,0,True,194.4100036621093,False,0,,,
CHENNPETRO,Chennai Petroleum Corporation Limited,2049,EQ,NSE,True,True,True,True,1325.699951171875,1697311.933333333,True,True,,,,0,0,0,0,True,1325.699951171875,False,0,,,
CHOICEIN,Choice International Limited,8866,EQ,NSE,True,True,True,True,824.7999877929688,1135346.2758620689,True,True,,,,0,0,0,0,True,824.7999877929688,False,0,,,
CIEINDIA,CIE Automotive India Limited,14937,EQ,NSE,True,True,True,True,410.6000061035156,457226.6551724138,True,True,,,,0,0,0,0,True,410.6000061035156,False,0,,,
CIPLA,Cipla Limited,694,EQ,NSE,True,True,True,True,1460.0,1418802.6,True,True,,,,0,0,0,0,True,1460.0,False,0,,,
CLEAN,Clean Science and Technology Limited,5049,EQ,NSE,True,True,True,True,774.5499877929688,331335.1379310345,True,True,,,,0,0,0,0,True,774.5499877929688,False,0,,,
CLEANMAX,Clean Max Enviro Energy Solutions Limited,760183,EQ,NSE,True,True,True,True,1326.699951171875,185216.7142857143,True,True,,,,0,0,0,0,True,1326.699951171875,False,0,,,
CLSEL,Chaman Lal Setia Exports Limited,3482,EQ,NSE,True,True,True,True,290.1499938964844,59326.142857142855,True,True,,,,0,0,0,0,True,290.1499938964844,False,0,,,
CMLL,Caliber Mining and Logistics Limited,764255,EQ,NSE,True,True,True,True,565.9000244140625,11317274.142857144,True,True,,,,0,0,0,0,True,565.9000244140625,False,0,,,
CMPDI,Central Mine Planning & Design Institute Limited,761581,EQ,NSE,True,True,True,True,247.0500030517578,3790329.5517241377,True,True,,,,0,0,0,0,True,247.0500030517578,False,0,,,
CMRGREEN,CMR Green Technologies Limited,30893,EQ,NSE,True,True,True,True,228.58999633789065,1591785.1724137932,True,True,,,,0,0,0,0,True,228.58999633789065,False,0,,,
CMSINFO,CMS Info Systems Limited,7603,EQ,NSE,True,True,True,True,279.3999938964844,603405.7333333333,True,True,,,,0,0,0,0,True,279.3999938964844,False,0,,,
CNL,Creative Newtech Limited,11155,EQ,NSE,True,True,True,True,1055.800048828125,534792.9310344828,True,True,,,,0,0,0,0,True,1055.800048828125,False,0,,,
COCHINSHIP,Cochin Shipyard Limited,21508,EQ,NSE,True,True,True,True,1430.0,1375201.7333333334,True,True,,,,0,0,0,0,True,1430.0,False,0,,,
COFORGE,Coforge Limited,11543,EQ,NSE,True,True,True,True,1749.9000244140625,3565008.0,True,True,,,,0,0,0,0,True,1749.9000244140625,False,0,,,
COHANCE,Cohance Lifesciences Limited,17945,EQ,NSE,True,True,True,True,424.8999938964844,690807.0689655172,True,True,,,,0,0,0,0,True,424.8999938964844,False,0,,,
COLPAL,Colgate Palmolive (India) Limited,15141,EQ,NSE,True,True,True,True,2010.0,391261.1724137931,True,True,,,,0,0,0,0,True,2010.0,False,0,,,
CONCOR,Container Corporation of India Limited,4749,EQ,NSE,True,True,True,True,515.0,2613520.413793104,True,True,,,,0,0,0,0,True,515.0,False,0,,,
CONCORDBIO,Concord Biotech Limited,18060,EQ,NSE,True,True,True,True,1420.0,134885.16666666666,True,True,,,,0,0,0,0,True,1420.0,False,0,,,
CONTROLPR,Control Print Limited,17477,EQ,NSE,True,True,True,True,575.0499877929688,202468.6071428572,True,True,,,,0,0,0,0,True,575.0499877929688,False,0,,,
COROMANDEL,Coromandel International Limited,739,EQ,NSE,True,True,True,True,2115.5,208940.3,True,True,,,,0,0,0,0,True,2115.5,False,0,,,
CORONA,CORONA Remedies Limited,760254,EQ,NSE,True,True,True,True,2159.699951171875,43025.25,True,True,,,,0,0,0,0,True,2159.699951171875,False,0,,,
COSMOFIRST,COSMO FIRST LIMITED,742,EQ,NSE,True,True,True,True,922.3499755859376,110618.60714285714,True,True,,,,0,0,0,0,True,922.3499755859376,False,0,,,
CPEDU,Career Point Edutech Limited,758941,EQ,NSE,True,True,True,True,210.1100006103516,17736.89285714286,True,True,,,,0,0,0,0,True,210.1100006103516,False,0,,,
CPPLUS,Aditya Infotech Limited,758858,EQ,NSE,True,True,True,True,3499.199951171875,189030.0344827586,True,True,,,,0,0,0,0,True,3499.199951171875,False,0,,,
CRAFTSMAN,Craftsman Automation Limited,2854,EQ,NSE,True,True,True,True,10175.0,62309.21428571428,True,True,,,,0,0,0,0,True,10175.0,False,0,,,
CRAMC,Canara Robeco Asset Management Company Limited,759311,EQ,NSE,True,True,True,True,266.6000061035156,1490199.1379310344,True,True,,,,0,0,0,0,True,266.6000061035156,False,0,,,
CRISIL,Crisil Limited,757,EQ,NSE,True,True,True,True,4357.2001953125,74216.85714285714,True,True,,,,0,0,0,0,True,4357.2001953125,False,0,,,
CROMPTON,Crompton Greaves Consumer Electricals Limited,17094,EQ,NSE,True,True,True,True,263.1000061035156,2657861.4,True,True,,,,0,0,0,0,True,263.1000061035156,False,0,,,
CSM,CSM Technologies Limited,763753,EQ,NSE,True,True,True,True,100.37999725341795,438999.4782608696,True,True,,,,0,0,0,0,True,100.37999725341795,False,0,,,
CUMMINSIND,Cummins India Limited,1901,EQ,NSE,True,True,True,True,5550.0,453804.8965517241,True,True,,,,0,0,0,0,True,5550.0,False,0,,,
CUPID,Cupid Limited,18520,EQ,NSE,True,True,True,True,237.9900054931641,40442291.89655172,True,True,,,,0,0,0,0,True,237.9900054931641,False,0,,,
CYIENT,Cyient Limited,5748,EQ,NSE,True,True,True,True,867.5999755859375,457236.3448275862,True,True,,,,0,0,0,0,True,867.5999755859375,False,0,,,
DALBHARAT,Dalmia Bharat Limited,8075,EQ,NSE,True,True,True,True,1827.0,288033.21428571426,True,True,,,,0,0,0,0,True,1827.0,False,0,,,
DALMIASUG,Dalmia Bharat Sugar and Industries Limited,781,EQ,NSE,True,True,True,True,412.75,834243.2413793104,True,True,,,,0,0,0,0,True,412.75,False,0,,,
DATAMATICS,Datamatics Global Services Limited,11423,EQ,NSE,True,True,True,True,840.3499755859375,155730.32142857142,True,True,,,,0,0,0,0,True,840.3499755859375,False,0,,,
DATAPATTNS,Data Patterns (India) Limited,7358,EQ,NSE,True,True,True,True,4554.7001953125,965980.4137931034,True,True,,,,0,0,0,0,True,4554.7001953125,False,0,,,
DBCORP,D.B.Corp Limited,17881,EQ,NSE,True,True,True,True,210.17999267578125,834900.0357142857,True,True,,,,0,0,0,0,True,210.17999267578125,False,0,,,
DBL,Dilip Buildcon Limited,18086,EQ,NSE,True,True,True,True,467.25,905457.8965517242,True,True,,,,0,0,0,0,True,467.25,False,0,,,
DBOL,Dhampur Bio Organics Limited,10893,EQ,NSE,True,True,True,True,108.1500015258789,82016.03571428571,True,True,,,,0,0,0,0,True,108.1500015258789,False,0,,,
DCAL,Dishman Carbogen Amcis Limited,21704,EQ,NSE,True,True,True,True,188.2400054931641,332646.71428571426,True,True,,,,0,0,0,0,True,188.2400054931641,False,0,,,
DCI,Dc Infotech And Communication Limited,11566,EQ,NSE,True,True,True,True,340.3500061035156,21255.464285714286,True,True,,,,0,0,0,0,True,340.3500061035156,False,0,,,
DCMSHRIRAM,DCM Shriram Limited,811,EQ,NSE,True,True,True,True,1026.699951171875,163786.44827586206,True,True,,,,0,0,0,0,True,1026.699951171875,False,0,,,
DCXINDIA,DCX Systems Limited,11895,EQ,NSE,True,True,True,True,180.05999755859375,847421.3793103448,True,True,,,,0,0,0,0,True,180.05999755859375,False,0,,,
DDEVPLSTIK,Ddev Plastiks Industries Limited,29098,EQ,NSE,True,True,True,True,283.8999938964844,120138.21428571428,True,True,,,,0,0,0,0,True,283.8999938964844,False,0,,,
DECCANCE,Deccan Cements Limited,14838,EQ,NSE,True,True,True,True,583.3499755859375,18632.92857142857,True,True,,,,0,0,0,0,True,583.3499755859375,False,0,,,
DECNGOLD,Deccan Gold Mines Limited,762638,EQ,NSE,True,True,True,True,199.4499969482422,1939992.7931034483,True,True,,,,0,0,0,0,True,199.4499969482422,False,0,,,
DEEPAKFERT,Deepak Fertilizers and Petrochemicals Corporation Limited,827,EQ,NSE,True,True,True,True,1599.0999755859375,383139.5172413793,True,True,,,,0,0,0,0,True,1599.0999755859375,False,0,,,
DEEPAKNTR,Deepak Nitrite Limited,19943,EQ,NSE,True,True,True,True,1717.699951171875,172449.1724137931,True,True,,,,0,0,0,0,True,1717.699951171875,False,0,,,
DEEPINDS,Deep Industries Limited,3292,EQ,NSE,True,True,True,True,654.0,556154.8620689656,True,True,,,,0,0,0,0,True,654.0,False,0,,,
DELHIVERY,Delhivery Limited,9599,EQ,NSE,True,True,True,True,482.0,5648965.533333333,True,True,,,,0,0,0,0,True,482.0,False,0,,,
DENTA,Denta Water and Infra Solutions Limited,29256,EQ,NSE,True,True,True,True,364.25,459814.3793103448,True,True,,,,0,0,0,0,True,364.25,False,0,,,
DEVYANI,Devyani International Limited,5373,EQ,NSE,True,True,True,True,119.75,3325920.8,True,True,,,,0,0,0,0,True,119.75,False,0,,,
DHAMPURSUG,Dhampur Sugar Mills Limited,857,EQ,NSE,True,True,True,True,151.3800048828125,251206.06896551725,True,True,,,,0,0,0,0,True,151.3800048828125,False,0,,,
DHANUKA,Dhanuka Agritech Limited,24409,EQ,NSE,True,True,True,True,1008.0999755859376,39820.96551724138,True,True,,,,0,0,0,0,True,1008.0999755859376,False,0,,,
DHARMAJ,Dharmaj Crop Guard Limited,13001,EQ,NSE,True,True,True,True,267.8500061035156,26716.48275862069,True,True,,,,0,0,0,0,True,267.8500061035156,False,0,,,
DIAMONDYD,Prataap Snacks Limited,21840,EQ,NSE,True,True,True,True,1171.5,25900.75,True,True,,,,0,0,0,0,True,1171.5,False,0,,,
DIFFNKG,Diffusion Engineers Limited,25672,EQ,NSE,True,True,True,True,423.7000122070313,147200.2142857143,True,True,,,,0,0,0,0,True,423.7000122070313,False,0,,,
DIXON,Dixon Technologies (India) Limited,21690,EQ,NSE,True,True,True,True,13988.0,576709.4666666667,True,True,,,,0,0,0,0,True,13988.0,False,0,,,
DJML,DJ Mediaprint & Logistics Limited,12749,EQ,NSE,True,True,True,True,110.75,403162.9642857143,True,True,,,,0,0,0,0,True,110.75,False,0,,,
DLF,DLF Limited,14732,EQ,NSE,True,True,True,True,643.4000244140625,4526410.2,True,True,,,,0,0,0,0,True,643.4000244140625,False,0,,,
DLINKINDIA,D-Link (India) Limited,17851,EQ,NSE,True,True,True,True,441.2999877929688,228417.9642857143,True,True,,,,0,0,0,0,True,441.2999877929688,False,0,,,
DMART,Avenue Supermarts Limited,19913,EQ,NSE,True,True,True,True,4023.0,688732.3103448276,True,True,,,,0,0,0,0,True,4023.0,False,0,,,
DMCC,DMCC SPECIALITY CHEMICALS LIMITED,6973,EQ,NSE,True,True,True,True,281.6499938964844,69921.53571428571,True,True,,,,0,0,0,0,True,281.6499938964844,False,0,,,
DODLA,Dodla Dairy Limited,4822,EQ,NSE,True,True,True,True,1043.699951171875,16930.89285714286,True,True,,,,0,0,0,0,True,1043.699951171875,False,0,,,
DOLLAR,Dollar Industries Limited,20560,EQ,NSE,True,True,True,True,271.1000061035156,206865.4642857143,True,True,,,,0,0,0,0,True,271.1000061035156,False,0,,,
DOLPHIN,Dolphin Offshore Enterprises (India) Limited,18139,EQ,NSE,True,True,True,True,402.3999938964844,18074.35714285714,True,True,,,,0,0,0,0,True,402.3999938964844,False,0,,,
DOMS,DOMS Industries Limited,20551,EQ,NSE,True,True,True,True,2253.10009765625,63736.107142857145,True,True,,,,0,0,0,0,True,2253.10009765625,False,0,,,
DPABHUSHAN,D. P. Abhushan Limited,936,EQ,NSE,True,True,True,True,1486.5999755859375,162651.64285714287,True,True,,,,0,0,0,0,True,1486.5999755859375,False,0,,,
DREDGECORP,Dredging Corporation of India Limited,11271,EQ,NSE,True,True,True,True,1120.9000244140625,146329.5172413793,True,True,,,,0,0,0,0,True,1120.9000244140625,False,0,,,
DRREDDY,Dr. Reddy's Laboratories Limited,881,EQ,NSE,True,True,True,True,1172.5999755859375,2651372.566666667,True,True,,,,0,0,0,0,True,1172.5999755859375,False,0,,,
DSSL,Dynacons Systems & Solutions Limited,25690,EQ,NSE,True,True,True,True,1238.5999755859375,37628.107142857145,True,True,,,,0,0,0,0,True,1238.5999755859375,False,0,,,
DVL,Dhunseri Ventures Limited,15214,EQ,NSE,True,True,True,True,248.2400054931641,17057.785714285714,True,True,,,,0,0,0,0,True,248.2400054931641,False,0,,,
DYCL,Dynamic Cables Limited,10417,EQ,NSE,True,True,True,True,398.2999877929688,1863834.607142857,True,True,,,,0,0,0,0,True,398.2999877929688,False,0,,,
DYNAMATECH,Dynamatic Technologies Limited,4525,EQ,NSE,True,True,True,True,10752.0,11121.92857142857,True,True,,,,0,0,0,0,True,10752.0,False,0,,,
DYNPRO,Dynemic Products Limited,21314,EQ,NSE,True,True,True,True,265.6499938964844,10981.5,True,True,,,,0,0,0,0,True,265.6499938964844,False,0,,,
EBGNG,GNG Electronics Limited,757862,EQ,NSE,True,True,True,True,508.4500122070313,677291.0333333333,True,True,,,,0,0,0,0,True,508.4500122070313,False,0,,,
EFCIL,EFC (I) Limited,758675,EQ,NSE,True,True,True,True,191.1499938964844,328970.6206896552,True,True,,,,0,0,0,0,True,191.1499938964844,False,0,,,
EICHERMOT,Eicher Motors Limited,910,EQ,NSE,True,True,True,True,7935.0,690136.5,True,True,,,,0,0,0,0,True,7935.0,False,0,,,
EIEL,Enviro Infra Engineers Limited,27213,EQ,NSE,True,True,True,True,224.47999572753903,2578094.4285714286,True,True,,,,0,0,0,0,True,224.47999572753903,False,0,,,
EIHAHOTELS,EIH Associated Hotels Limited,15399,EQ,NSE,True,True,True,True,315.75,15271.32142857143,True,True,,,,0,0,0,0,True,315.75,False,0,,,
EIHOTEL,EIH Limited,919,EQ,NSE,True,True,True,True,327.1000061035156,219645.3448275862,True,True,,,,0,0,0,0,True,327.1000061035156,False,0,,,
EIMCOELECO,Eimco Elecon (India) Limited,4040,EQ,NSE,True,True,True,True,1873.800048828125,64877.92857142857,True,True,,,,0,0,0,0,True,1873.800048828125,False,0,,,
EKC,Everest Kanto Cylinder Limited,13091,EQ,NSE,True,True,True,True,109.04000091552734,177210.57142857142,True,True,,,,0,0,0,0,True,109.04000091552734,False,0,,,
ELECON,Elecon Engineering Company Limited,13643,EQ,NSE,True,True,True,True,429.5499877929688,543024.6,True,True,,,,0,0,0,0,True,429.5499877929688,False,0,,,
ELECTHERM,Electrotherm (India) Limited,4469,EQ,NSE,True,True,True,True,1010.0,30040.53571428572,True,True,,,,0,0,0,0,True,1010.0,False,0,,,
ELGIEQUIP,Elgi Equipments Limited,937,EQ,NSE,True,True,True,True,591.2000122070312,298778.1034482759,True,True,,,,0,0,0,0,True,591.2000122070312,False,0,,,
ELIN,Elin Electronics Limited,13423,EQ,NSE,True,True,True,True,101.48999786376952,449600.6206896552,True,True,,,,0,0,0,0,True,101.48999786376952,False,0,,,
ELLEN,Ellenbarrie Industrial Gases Limited,758563,EQ,NSE,True,True,True,True,282.1499938964844,363296.3793103448,True,True,,,,0,0,0,0,True,282.1499938964844,False,0,,,
EMAMILTD,Emami Limited,13517,EQ,NSE,True,True,True,True,391.7999877929688,673838.9285714285,True,True,,,,0,0,0,0,True,391.7999877929688,False,0,,,
EMIL,Electronics Mart India Limited,11530,EQ,NSE,True,True,True,True,133.1699981689453,1886212.3793103448,True,True,,,,0,0,0,0,True,133.1699981689453,False,0,,,
EMMVEE,Emmvee Photovoltaic Power Limited,759728,EQ,NSE,True,True,True,True,323.5,3177212.2666666666,True,True,,,,0,0,0,0,True,323.5,False,0,,,
EMSLIMITED,EMS Limited,18593,EQ,NSE,True,True,True,True,408.6000061035156,786565.0333333333,True,True,,,,0,0,0,0,True,408.6000061035156,False,0,,,
EMUDHRA,eMudhra Limited,9756,EQ,NSE,True,True,True,True,514.0,358883.9655172414,True,True,,,,0,0,0,0,True,514.0,False,0,,,
ENDURANCE,Endurance Technologies Limited,18822,EQ,NSE,True,True,True,True,2838.699951171875,135858.6896551724,True,True,,,,0,0,0,0,True,2838.699951171875,False,0,,,
ENGINERSIN,Engineers India Limited,4907,EQ,NSE,True,True,True,True,224.88999938964844,1731970.75,True,True,,,,0,0,0,0,True,224.88999938964844,False,0,,,
ENIL,Entertainment Network (India) Limited,13192,EQ,NSE,True,True,True,True,109.5999984741211,36760.392857142855,True,True,,,,0,0,0,0,True,109.5999984741211,False,0,,,
ENRIN,Siemens Energy India Limited,756871,EQ,NSE,True,True,True,True,3310.300048828125,448328.1785714286,True,True,,,,0,0,0,0,True,3310.300048828125,False,0,,,
ENTERO,Entero Healthcare Solutions Limited,22717,EQ,NSE,True,True,True,True,1231.199951171875,95049.28571428572,True,True,,,,0,0,0,0,True,1231.199951171875,False,0,,,
EPACKPEB,EPack Prefab Technologies Limited,759251,EQ,NSE,True,True,True,True,260.3500061035156,1485372.607142857,True,True,,,,0,0,0,0,True,260.3500061035156,False,0,,,
EPIGRAL,Epigral Limited,5382,EQ,NSE,True,True,True,True,1100.699951171875,124485.17857142857,True,True,,,,0,0,0,0,True,1100.699951171875,False,0,,,
EPL,EPL Limited,981,EQ,NSE,True,True,True,True,227.7100067138672,438107.9285714286,True,True,,,,0,0,0,0,True,227.7100067138672,False,0,,,
ERIS,Eris Lifesciences Limited,21154,EQ,NSE,True,True,True,True,1373.0,87188.35714285714,True,True,,,,0,0,0,0,True,1373.0,False,0,,,
ESCORTS,Escorts Kubota Limited,958,EQ,NSE,True,True,True,True,3101.199951171875,110896.75862068964,True,True,,,,0,0,0,0,True,3101.199951171875,False,0,,,
ETHOSLTD,Ethos Limited,9750,EQ,NSE,True,True,True,True,2853.199951171875,116036.66666666669,True,True,,,,0,0,0,0,True,2853.199951171875,False,0,,,
EUROPRATIK,Euro Pratik Sales Limited,759797,EQ,NSE,True,True,True,True,317.79998779296875,192409.2068965517,True,True,,,,0,0,0,0,True,317.79998779296875,False,0,,,
EVEREADY,Eveready Industries India Limited,11782,EQ,NSE,True,True,True,True,354.20001220703125,148910.8275862069,True,True,,,,0,0,0,0,True,354.20001220703125,False,0,,,
EXICOM,Exicom Tele-Systems Limited,22947,EQ,NSE,True,True,True,True,165.8699951171875,2184766.8,True,True,,,,0,0,0,0,True,165.8699951171875,False,0,,,
EXPLEOSOL,Expleo Solutions Limited,17486,EQ,NSE,True,True,True,True,813.9500122070312,96541.89285714286,True,True,,,,0,0,0,0,True,813.9500122070312,False,0,,,
FACT,Fertilizers and Chemicals Travancore Limited,1008,EQ,NSE,True,True,True,True,842.2999877929688,126071.79310344828,True,True,,,,0,0,0,0,True,842.2999877929688,False,0,,,
FIEMIND,Fiem Industries Limited,13710,EQ,NSE,True,True,True,True,2324.5,37056.21428571428,True,True,,,,0,0,0,0,True,2324.5,False,0,,,
FINCABLES,Finolex Cables Limited,1038,EQ,NSE,True,True,True,True,993.25,261908.6071428572,True,True,,,,0,0,0,0,True,993.25,False,0,,,
FINEORG,Fine Organic Industries Limited,3744,EQ,NSE,True,True,True,True,4929.5,10483.5,True,True,,,,0,0,0,0,True,4929.5,False,0,,,
FINPIPE,Finolex Industries Limited,1041,EQ,NSE,True,True,True,True,165.42999267578125,502442.724137931,True,True,,,,0,0,0,0,True,165.42999267578125,False,0,,,
FIRSTCRY,Brainbees Solutions Limited,24814,EQ,NSE,True,True,True,True,214.72999572753903,1952961.607142857,True,True,,,,0,0,0,0,True,214.72999572753903,False,0,,,
FLAIR,Flair Writing Industries Limited,20372,EQ,NSE,True,True,True,True,249.9499969482422,146733.9655172414,True,True,,,,0,0,0,0,True,249.9499969482422,False,0,,,
FLUOROCHEM,Gujarat Fluorochemicals Limited,13750,EQ,NSE,True,True,True,True,4612.7998046875,175510.39285714287,True,True,,,,0,0,0,0,True,4612.7998046875,False,0,,,
FORCEMOT,FORCE MOTORS LTD,11573,EQ,NSE,True,True,True,True,18378.0,108078.16666666669,True,True,,,,0,0,0,0,True,18378.0,False,0,,,
FORTIS,Fortis Healthcare Limited,14592,EQ,NSE,True,True,True,True,932.7999877929688,1341986.3103448276,True,True,,,,0,0,0,0,True,932.7999877929688,False,0,,,
FRACTAL,Fractal Analytics Limited,760961,EQ,NSE,True,True,True,True,797.7999877929688,381413.2333333333,True,True,,,,0,0,0,0,True,797.7999877929688,False,0,,,
FRONTSP,Frontier Springs Limited,762685,EQ,NSE,True,True,True,True,1373.4000244140625,19374.86206896552,True,True,,,,0,0,0,0,True,1373.4000244140625,False,0,,,
FSL,Firstsource Solutions Limited,14304,EQ,NSE,True,True,True,True,330.70001220703125,3723583.1666666665,True,True,,,,0,0,0,0,True,330.70001220703125,False,0,,,
GABRIEL,Gabriel India Limited,1085,EQ,NSE,True,True,True,True,1530.800048828125,727113.275862069,True,True,,,,0,0,0,0,True,1530.800048828125,False,0,,,
GAEL,Gujarat Ambuja Exports Limited,8828,EQ,NSE,True,True,True,True,176.2100067138672,1570176.6896551724,True,True,,,,0,0,0,0,True,176.2100067138672,False,0,,,
GAIL,GAIL (India) Limited,4717,EQ,NSE,True,True,True,True,175.0,9243555.933333334,True,True,,,,0,0,0,0,True,175.0,False,0,,,
GALAPREC,Gala Precision Engineering Limited,25134,EQ,NSE,True,True,True,True,1102.699951171875,53990.1724137931,True,True,,,,0,0,0,0,True,1102.699951171875,False,0,,,
GALAXYSURF,Galaxy Surfactants Limited,1315,EQ,NSE,True,True,True,True,1980.5999755859373,10412.32142857143,True,True,,,,0,0,0,0,True,1980.5999755859373,False,0,,,
GALLANTT,Gallantt Ispat Limited,13337,EQ,NSE,True,True,True,True,629.2000122070312,162454.75862068965,True,True,,,,0,0,0,0,True,629.2000122070312,False,0,,,
GANECOS,Ganesha Ecosphere Limited,6944,EQ,NSE,True,True,True,True,1126.800048828125,241729.32142857145,True,True,,,,0,0,0,0,True,1126.800048828125,False,0,,,
GANESHCP,Ganesh Consumer Products Limited,759012,EQ,NSE,True,True,True,True,175.6199951171875,77377.39285714286,True,True,,,,0,0,0,0,True,175.6199951171875,False,0,,,
GANESHHOU,GANESH HOUSING LIMITED,14339,EQ,NSE,True,True,True,True,778.5,144610.60714285713,True,True,,,,0,0,0,0,True,778.5,False,0,,,
GARUDA,Garuda Construction and Engineering Limited,25800,EQ,NSE,True,True,True,True,173.38999938964844,396556.724137931,True,True,,,,0,0,0,0,True,173.38999938964844,False,0,,,
GCSL,Gretex Corporate Services Limited,758986,EQ,NSE,True,True,True,True,508.1499938964844,652559.3448275862,True,True,,,,0,0,0,0,True,508.1499938964844,False,0,,,
GEMAROMA,Gem Aromatics Limited,759461,EQ,NSE,True,True,True,True,187.7100067138672,840908.5862068966,True,True,,,,0,0,0,0,True,187.7100067138672,False,0,,,
GENUSPOWER,Genus Power Infrastructures Limited,11905,EQ,NSE,True,True,True,True,316.04998779296875,4906169.0,True,True,,,,0,0,0,0,True,316.04998779296875,False,0,,,
GESHIP,The Great Eastern Shipping Company Limited,13776,EQ,NSE,True,True,True,True,1434.9000244140625,729874.4137931034,True,True,,,,0,0,0,0,True,1434.9000244140625,False,0,,,
GHCL,GHCL Limited,1127,EQ,NSE,True,True,True,True,445.1000061035156,132742.7857142857,True,True,,,,0,0,0,0,True,445.1000061035156,False,0,,,
GHCLTEXTIL,GHCL Textiles Limited,16696,EQ,NSE,True,True,True,True,114.23999786376952,1195425.0714285714,True,True,,,,0,0,0,0,True,114.23999786376952,False,0,,,
GILLETTE,Gillette India Limited,1576,EQ,NSE,True,True,True,True,7662.0,20676.344827586207,True,True,,,,0,0,0,0,True,7662.0,False,0,,,
GIPCL,Gujarat Industries Power Company Limited,1145,EQ,NSE,True,True,True,True,162.22999572753906,271377.9,True,True,,,,0,0,0,0,True,162.22999572753906,False,0,,,
GKENERGY,GK Energy Limited,759048,EQ,NSE,True,True,True,True,130.0800018310547,645156.4827586206,True,True,,,,0,0,0,0,True,130.0800018310547,False,0,,,
GKSL,Gujarat Kidney And Super Speciality Limited,761197,EQ,NSE,True,True,True,True,130.5500030517578,265283.64285714284,True,True,,,,0,0,0,0,True,130.5500030517578,False,0,,,
GLAND,Gland Pharma Limited,1186,EQ,NSE,True,True,True,True,2583.10009765625,581633.448275862,True,True,,,,0,0,0,0,True,2583.10009765625,False,0,,,
GLOBAL,Global Education Limited,1415,EQ,NSE,True,True,True,True,102.83000183105467,35969.67857142857,True,True,,,,0,0,0,0,True,102.83000183105467,False,0,,,
GLOBALVECT,Global Vectra Helicorp Limited,13735,EQ,NSE,True,True,True,True,163.24000549316406,19017.206896551725,True,True,,,,0,0,0,0,True,163.24000549316406,False,0,,,
GMDCLTD,Gujarat Mineral Development Corporation Limited,5204,EQ,NSE,True,True,True,True,556.0,1005353.5666666668,True,True,,,,0,0,0,0,True,556.0,False,0,,,
GMMPFAUDLR,GMM Pfaudler Limited,1570,EQ,NSE,True,True,True,True,847.7000122070312,82418.23333333334,True,True,,,,0,0,0,0,True,847.7000122070312,False,0,,,
GNA,GNA Axles Limited,18571,EQ,NSE,True,True,True,True,515.7999877929688,718015.6428571428,True,True,,,,0,0,0,0,True,515.7999877929688,False,0,,,
GNFC,Gujarat Narmada Valley Fertilizers and Chemicals Limited,1174,EQ,NSE,True,True,True,True,519.75,304075.63333333336,True,True,,,,0,0,0,0,True,519.75,False,0,,,
GOACARBON,Goa Carbon Limited,14687,EQ,NSE,True,True,True,True,383.8999938964844,20515.64285714286,True,True,,,,0,0,0,0,True,383.8999938964844,False,0,,,
GOCLCORP,GOCL Corporation Limited,3963,EQ,NSE,True,True,True,True,411.6499938964844,59638.25,True,True,,,,0,0,0,0,True,411.6499938964844,False,0,,,
GOCOLORS,Go Fashion (India) Limited,6964,EQ,NSE,True,True,True,True,320.04998779296875,797586.0357142857,True,True,,,,0,0,0,0,True,320.04998779296875,False,0,,,
GODFRYPHLP,Godfrey Phillips India Limited,1181,EQ,NSE,True,True,True,True,2336.89990234375,477150.6,True,True,,,,0,0,0,0,True,2336.89990234375,False,0,,,
GODREJAGRO,Godrej Agrovet Limited,144,EQ,NSE,True,True,True,True,563.25,99369.56666666668,True,True,,,,0,0,0,0,True,563.25,False,0,,,
GODREJCP,Godrej Consumer Products Limited,10099,EQ,NSE,True,True,True,True,1058.199951171875,700485.1,True,True,,,,0,0,0,0,True,1058.199951171875,False,0,,,
GODREJIND,Godrej Industries Limited,10925,EQ,NSE,True,True,True,True,1308.800048828125,261999.0357142857,True,True,,,,0,0,0,0,True,1308.800048828125,False,0,,,
GODREJPROP,Godrej Properties Limited,17875,EQ,NSE,True,True,True,True,2033.5999755859373,803810.8333333334,True,True,,,,0,0,0,0,True,2033.5999755859373,False,0,,,
GOKEX,Gokaldas Exports Limited,11778,EQ,NSE,True,True,True,True,796.75,419867.4642857143,True,True,,,,0,0,0,0,True,796.75,False,0,,,
GOKULAGRO,Gokul Agro Resources Limited,14480,EQ,NSE,True,True,True,True,231.1199951171875,457060.03571428574,True,True,,,,0,0,0,0,True,231.1199951171875,False,0,,,
GOLDIAM,Goldiam International Limited,11971,EQ,NSE,True,True,True,True,361.1000061035156,1291059.9666666666,True,True,,,,0,0,0,0,True,361.1000061035156,False,0,,,
GOODLUCK,Goodluck India Limited,6125,EQ,NSE,True,True,True,True,1502.300048828125,198138.46666666667,True,True,,,,0,0,0,0,True,1502.300048828125,False,0,,,
GOODYEAR,Goodyear India Limited,1205,EQ,NSE,True,True,True,True,871.3499755859375,15141.642857142857,True,True,,,,0,0,0,0,True,871.3499755859375,False,0,,,
GOPAL,Gopal Snacks Limited,23066,EQ,NSE,True,True,True,True,277.20001220703125,96791.24137931036,True,True,,,,0,0,0,0,True,277.20001220703125,False,0,,,
GPIL,Godawari Power And Ispat limited,13409,EQ,NSE,True,True,True,True,244.7100067138672,1227633.6551724137,True,True,,,,0,0,0,0,True,244.7100067138672,False,0,,,
GPPL,Gujarat Pipavav Port Limited,19731,EQ,NSE,True,True,True,True,151.8000030517578,1024999.3448275862,True,True,,,,0,0,0,0,True,151.8000030517578,False,0,,,
GPTHEALTH,GPT Healthcare Limited,22846,EQ,NSE,True,True,True,True,162.16000366210938,194696.6785714285,True,True,,,,0,0,0,0,True,162.16000366210938,False,0,,,
GPTINFRA,GPT Infraprojects Limited,17685,EQ,NSE,True,True,True,True,112.83000183105467,148597.67857142858,True,True,,,,0,0,0,0,True,112.83000183105467,False,0,,,
GRANULES,Granules India Limited,11872,EQ,NSE,True,True,True,True,825.7000122070312,1208514.9285714286,True,True,,,,0,0,0,0,True,825.7000122070312,False,0,,,
GRAPHITE,Graphite India Limited,592,EQ,NSE,True,True,True,True,710.0499877929688,1388507.8275862068,True,True,,,,0,0,0,0,True,710.0499877929688,False,0,,,
GRASIM,Grasim Industries Limited,1232,EQ,NSE,True,True,True,True,3138.0,551676.0689655172,True,True,,,,0,0,0,0,True,3138.0,False,0,,,
GRAVITA,Gravita India Limited,20534,EQ,NSE,True,True,True,True,1658.5999755859375,306189.7,True,True,,,,0,0,0,0,True,1658.5999755859375,False,0,,,
GREAVESCOT,Greaves Cotton Limited,1235,EQ,NSE,True,True,True,True,200.0,3323197.3,True,True,,,,0,0,0,0,True,200.0,False,0,,,
GREENLAM,Greenlam Industries Limited,6848,EQ,NSE,True,True,True,True,247.6999969482422,94758.32142857143,True,True,,,,0,0,0,0,True,247.6999969482422,False,0,,,
GREENPANEL,Greenpanel Industries Limited,13810,EQ,NSE,True,True,True,True,199.8300018310547,156187.32142857142,True,True,,,,0,0,0,0,True,199.8300018310547,False,0,,,
GREENPLY,Greenply Industries Limited,3987,EQ,NSE,True,True,True,True,287.6499938964844,265932.64285714284,True,True,,,,0,0,0,0,True,287.6499938964844,False,0,,,
GRINDWELL,Grindwell Norton Limited,13560,EQ,NSE,True,True,True,True,2094.5,117890.07142857143,True,True,,,,0,0,0,0,True,2094.5,False,0,,,
GRINFRA,G R Infraprojects Limited,5054,EQ,NSE,True,True,True,True,905.7999877929688,16918.44827586207,True,True,,,,0,0,0,0,True,905.7999877929688,False,0,,,
GRSE,Garden Reach Shipbuilders & Engineers Limited,5475,EQ,NSE,True,True,True,True,2546.89990234375,425242.7333333333,True,True,,,,0,0,0,0,True,2546.89990234375,False,0,,,
GRWRHITECH,Garware Hi-Tech Films Limited,7982,EQ,NSE,True,True,True,True,7326.0,47942.142857142855,True,True,,,,0,0,0,0,True,7326.0,False,0,,,
GSFC,Gujarat State Fertilizers & Chemicals Limited,1247,EQ,NSE,True,True,True,True,160.67999267578125,455354.0689655172,True,True,,,,0,0,0,0,True,160.67999267578125,False,0,,,
GSPCROP,GSP Crop Science Limited,762239,EQ,NSE,True,True,True,True,592.2999877929688,423103.1428571429,True,True,,,,0,0,0,0,True,592.2999877929688,False,0,,,
GUFICBIO,Gufic Biosciences Limited,11606,EQ,NSE,True,True,True,True,397.0499877929688,416360.2142857143,True,True,,,,0,0,0,0,True,397.0499877929688,False,0,,,
GUJENERGY,GUJARAT ENERGY LIMITED,10599,EQ,NSE,True,True,True,True,278.8500061035156,848443.2333333333,True,True,,,,0,0,0,0,True,278.8500061035156,False,0,,,
GUJTHEM,Gujarat Themis Biosyn Limited,29731,EQ,NSE,True,True,True,True,353.70001220703125,66299.96428571429,True,True,,,,0,0,0,0,True,353.70001220703125,False,0,,,
GULFOILLUB,Gulf Oil Lubricants India Limited,4391,EQ,NSE,True,True,True,True,1160.300048828125,98368.28571428572,True,True,,,,0,0,0,0,True,1160.300048828125,False,0,,,
GULPOLY,Gulshan Polyols Limited,6286,EQ,NSE,True,True,True,True,199.8999938964844,731749.7586206896,True,True,,,,0,0,0,0,True,199.8999938964844,False,0,,,
GVPIL,GE Power India Limited,7862,EQ,NSE,True,True,True,True,758.6500244140625,253274.4285714285,True,True,,,,0,0,0,0,True,758.6500244140625,False,0,,,
GVT&D,GE Vernova T&D India Limited,16783,EQ,NSE,True,True,True,True,4333.2001953125,1099727.1,True,True,,,,0,0,0,0,True,4333.2001953125,False,0,,,
HAL,Hindustan Aeronautics Limited,2303,EQ,NSE,True,True,True,True,4635.0,626429.1666666666,True,True,,,,0,0,0,0,True,4635.0,False,0,,,
HALDER,Halder Venture Limited,760715,EQ,NSE,True,True,True,True,254.509994506836,23572.25,True,True,,,,0,0,0,0,True,254.509994506836,False,0,,,
HAPPSTMNDS,Happiest Minds Technologies Limited,48,EQ,NSE,True,True,True,True,388.1000061035156,1492063.2142857143,True,True,,,,0,0,0,0,True,388.1000061035156,False,0,,,
HAPPYFORGE,Happy Forgings Limited,20854,EQ,NSE,True,True,True,True,1703.4000244140625,70807.14285714286,True,True,,,,0,0,0,0,True,1703.4000244140625,False,0,,,
HARIOMPIPE,Hariom Pipe Industries Limited,8968,EQ,NSE,True,True,True,True,404.9500122070313,360070.25,True,True,,,,0,0,0,0,True,404.9500122070313,False,0,,,
HARRMALAYA,Harrisons  Malayalam Limited,1313,EQ,NSE,True,True,True,True,216.83999633789065,18109.0,True,True,,,,0,0,0,0,True,216.83999633789065,False,0,,,
HARSHA,Harsha Engineers International Limited,11162,EQ,NSE,True,True,True,True,408.1000061035156,151324.5357142857,True,True,,,,0,0,0,0,True,408.1000061035156,False,0,,,
HATSUN,Hatsun Agro Product Limited,3892,EQ,NSE,True,True,True,True,891.4000244140625,33210.96428571428,True,True,,,,0,0,0,0,True,891.4000244140625,False,0,,,
HAVELLS,Havells India Limited,9819,EQ,NSE,True,True,True,True,1295.0,1269561.3103448276,True,True,,,,0,0,0,0,True,1295.0,False,0,,,
HBLENGINE,HBL Engineering Limited,13966,EQ,NSE,True,True,True,True,729.2000122070312,919966.9,True,True,,,,0,0,0,0,True,729.2000122070312,False,0,,,
HCG,Healthcare Global Enterprises Limited,15555,EQ,NSE,True,True,True,True,672.25,230081.82142857145,True,True,,,,0,0,0,0,True,672.25,False,0,,,
HCLTECH,HCL Technologies Limited,7229,EQ,NSE,True,True,True,True,1369.9000244140625,4288527.5,True,True,,,,0,0,0,0,True,1369.9000244140625,False,0,,,
HDFCAMC,HDFC Asset Management Company Limited,4244,EQ,NSE,True,True,True,True,2556.0,876130.8,True,True,,,,0,0,0,0,True,2556.0,False,0,,,
HEALTHX,Health X Platform Limited,20063,EQ,NSE,True,True,True,True,316.70001220703125,10386.535714285714,True,True,,,,0,0,0,0,True,316.70001220703125,False,0,,,
HECPROJECT,HEC Infra Projects Limited,7425,EQ,NSE,True,True,True,True,136.88999938964844,38793.392857142855,True,True,,,,0,0,0,0,True,136.88999938964844,False,0,,,
HEG,HEG Limited,1336,EQ,NSE,True,True,True,True,678.9500122070312,2527406.0,True,True,,,,0,0,0,0,True,678.9500122070312,False,0,,,
HEIDELBERG,HeidelbergCement India Limited,2316,EQ,NSE,True,True,True,True,156.1300048828125,100360.89285714286,True,True,,,,0,0,0,0,True,156.1300048828125,False,0,,,
HEMIPROP,Hemisphere Properties India Limited,701,EQ,NSE,True,True,True,True,138.8800048828125,433536.7586206897,True,True,,,,0,0,0,0,True,138.8800048828125,False,0,,,
HERITGFOOD,Heritage Foods Limited,4598,EQ,NSE,True,True,True,True,335.54998779296875,413938.5714285714,True,True,,,,0,0,0,0,True,335.54998779296875,False,0,,,
HEROMOTOCO,Hero MotoCorp Limited,1348,EQ,NSE,True,True,True,True,5548.0,801973.4,True,True,,,,0,0,0,0,True,5548.0,False,0,,,
HESTERBIO,Hester Biosciences Limited,7048,EQ,NSE,True,True,True,True,2481.89990234375,58894.392857142855,True,True,,,,0,0,0,0,True,2481.89990234375,False,0,,,
HEXT,Hexaware Technologies Limited,29666,EQ,NSE,True,True,True,True,554.9500122070312,1576451.433333333,True,True,,,,0,0,0,0,True,554.9500122070312,False,0,,,
HGINFRA,H.G. Infra Engineering Limited,1672,EQ,NSE,True,True,True,True,547.5,60421.53571428572,True,True,,,,0,0,0,0,True,547.5,False,0,,,
HINDCOPPER,Hindustan Copper Limited,17939,EQ,NSE,True,True,True,True,492.3500061035156,3204286.7333333334,True,True,,,,0,0,0,0,True,492.3500061035156,False,0,,,
HINDOILEXP,Hindustan Oil Exploration Company Limited,1403,EQ,NSE,True,True,True,True,161.49000549316406,513747.8620689655,True,True,,,,0,0,0,0,True,161.49000549316406,False,0,,,
HINDPETRO,Hindustan Petroleum Corporation Limited,1406,EQ,NSE,True,True,True,True,391.5,6432736.033333333,True,True,,,,0,0,0,0,True,391.5,False,0,,,
HINDUNILVR,Hindustan Unilever Limited,1394,EQ,NSE,True,True,True,True,2096.5,2014632.6333333333,True,True,,,,0,0,0,0,True,2096.5,False,0,,,
HINDZINC,Hindustan Zinc Limited,1424,EQ,NSE,True,True,True,True,562.9000244140625,3337287.433333333,True,True,,,,0,0,0,0,True,562.9000244140625,False,0,,,
HIRECT,Hind Rectifiers Limited,13890,EQ,NSE,True,True,True,True,1320.4000244140625,263532.71428571426,True,True,,,,0,0,0,0,True,1320.4000244140625,False,0,,,
HLEGLAS,HLE Glascoat Limited,2289,EQ,NSE,True,True,True,True,422.9500122070313,332724.0714285714,True,True,,,,0,0,0,0,True,422.9500122070313,False,0,,,
HMVL,Hindustan Media Ventures Limited,19211,EQ,NSE,True,True,True,True,104.4499969482422,106250.39285714286,True,True,,,,0,0,0,0,True,104.4499969482422,False,0,,,
HONASA,Honasa Consumer Limited,19813,EQ,NSE,True,True,True,True,459.3999938964844,1608351.392857143,True,True,,,,0,0,0,0,True,459.3999938964844,False,0,,,
HPL,HPL Electric & Power Limited,18679,EQ,NSE,True,True,True,True,335.6499938964844,113822.0,True,True,,,,0,0,0,0,True,335.6499938964844,False,0,,,
HUBTOWN,Hubtown Limited,14203,EQ,NSE,True,True,True,True,188.63999938964844,578626.0689655172,True,True,,,,0,0,0,0,True,188.63999938964844,False,0,,,
HUDCO,Housing & Urban Development Corporation Limited,20825,EQ,NSE,True,True,True,True,203.4100036621093,2636478.896551724,True,True,,,,0,0,0,0,True,203.4100036621093,False,0,,,
HUHTAMAKI,Huhtamaki India Limited,2562,EQ,NSE,True,True,True,True,288.29998779296875,2357981.5172413792,True,True,,,,0,0,0,0,True,288.29998779296875,False,0,,,
HYUNDAI,Hyundai Motor India Limited,25844,EQ,NSE,True,True,True,True,2220.0,829053.9333333333,True,True,,,,0,0,0,0,True,2220.0,False,0,,,
ICEMAKE,Ice Make Refrigeration Limited,489,EQ,NSE,True,True,True,True,820.8499755859375,40410.03571428572,True,True,,,,0,0,0,0,True,820.8499755859375,False,0,,,
ICICIAMC,ICICI Prudential Asset Management Company Limited,760407,EQ,NSE,True,True,True,True,3063.800048828125,367736.56666666665,True,True,,,,0,0,0,0,True,3063.800048828125,False,0,,,
ICIL,Indo Count Industries Limited,11987,EQ,NSE,True,True,True,True,419.75,917038.4827586206,True,True,,,,0,0,0,0,True,419.75,False,0,,,
IEX,Indian Energy Exchange Limited,220,EQ,NSE,True,True,True,True,129.1999969482422,6776930.0,True,True,,,,0,0,0,0,True,129.1999969482422,False,0,,,
IFBIND,IFB Industries Limited,1485,EQ,NSE,True,True,True,True,1369.4000244140625,104243.41379310343,True,True,,,,0,0,0,0,True,1369.4000244140625,False,0,,,
IFGLEXPOR,IFGL Refractories Limited,436,EQ,NSE,True,True,True,True,217.0800018310547,245475.2142857143,True,True,,,,0,0,0,0,True,217.0800018310547,False,0,,,
IGARASHI,Igarashi Motors India Limited,634,EQ,NSE,True,True,True,True,460.75,94558.5172413793,True,True,,,,0,0,0,0,True,460.75,False,0,,,
IGIL,International Gemological Institute Limited,28378,EQ,NSE,True,True,True,True,362.1000061035156,661481.3793103448,True,True,,,,0,0,0,0,True,362.1000061035156,False,0,,,
IGL,Indraprastha Gas Limited,11262,EQ,NSE,True,True,True,True,153.92999267578125,2054003.7,True,True,,,,0,0,0,0,True,153.92999267578125,False,0,,,
IGPL,IG Petrochemicals Limited,14086,EQ,NSE,True,True,True,True,503.8999938964844,29999.42857142857,True,True,,,,0,0,0,0,True,503.8999938964844,False,0,,,
IKIO,IKIO Technologies Limited,16822,EQ,NSE,True,True,True,True,199.9499969482422,3444008.206896552,True,True,,,,0,0,0,0,True,199.9499969482422,False,0,,,
IKS,Inventurus Knowledge Solutions Limited,28125,EQ,NSE,True,True,True,True,1845.9000244140625,242766.2142857143,True,True,,,,0,0,0,0,True,1845.9000244140625,False,0,,,
IMFA,Indian Metals & Ferro Alloys Limited,19235,EQ,NSE,True,True,True,True,1467.300048828125,148973.23333333334,True,True,,,,0,0,0,0,True,1467.300048828125,False,0,,,
INA,Insolation Energy Limited,761099,EQ,NSE,True,True,True,True,115.91999816894533,2777356.896551724,True,True,,,,0,0,0,0,True,115.91999816894533,False,0,,,
INDGN,Indegene Limited,23693,EQ,NSE,True,True,True,True,553.75,302372.63333333336,True,True,,,,0,0,0,0,True,553.75,False,0,,,
INDHOTEL,The Indian Hotels Company Limited,1512,EQ,NSE,True,True,True,True,750.0,2530462.066666667,True,True,,,,0,0,0,0,True,750.0,False,0,,,
INDIACEM,The India Cements Limited,1515,EQ,NSE,True,True,True,True,391.3999938964844,388065.4137931034,True,True,,,,0,0,0,0,True,391.3999938964844,False,0,,,
INDIAGLYCO,India Glycols Limited,1521,EQ,NSE,True,True,True,True,1164.0999755859375,188381.7142857143,True,True,,,,0,0,0,0,True,1164.0999755859375,False,0,,,
INDIAMART,Indiamart Intermesh Limited,10726,EQ,NSE,True,True,True,True,1774.800048828125,127793.63333333332,True,True,,,,0,0,0,0,True,1774.800048828125,False,0,,,
INDIANHUME,Indian Hume Pipe Company Limited,1530,EQ,NSE,True,True,True,True,396.7999877929688,303838.5714285714,True,True,,,,0,0,0,0,True,396.7999877929688,False,0,,,
INDIGOPNTS,Indigo Paints Limited,2048,EQ,NSE,True,True,True,True,1089.199951171875,77312.17857142857,True,True,,,,0,0,0,0,True,1089.199951171875,False,0,,,
INDIQUBE,Indiqube Spaces Limited,757845,EQ,NSE,True,True,True,True,171.92999267578125,117705.78571428572,True,True,,,,0,0,0,0,True,171.92999267578125,False,0,,,
INDNIPPON,India Nippon Electricals Limited,4747,EQ,NSE,True,True,True,True,1183.0,78797.75,True,True,,,,0,0,0,0,True,1183.0,False,0,,,
INDOBORAX,Indo Borax & Chemicals Limited,8614,EQ,NSE,True,True,True,True,404.6000061035156,677659.2,True,True,,,,0,0,0,0,True,404.6000061035156,False,0,,,
INDOCO,Indoco Remedies Limited,11677,EQ,NSE,True,True,True,True,223.5800018310547,331560.2413793103,True,True,,,,0,0,0,0,True,223.5800018310547,False,0,,,
INDOFARM,Indo Farm Equipment Limited,29025,EQ,NSE,True,True,True,True,157.64999389648438,681988.7,True,True,,,,0,0,0,0,True,157.64999389648438,False,0,,,
INDOMIM,INDO-MIM Limited,764301,EQ,NSE,True,True,True,True,769.4000244140625,27567677.5,True,True,,,,0,0,0,0,True,769.4000244140625,False,0,,,
INDOTHAI,Indo Thai Securities Limited,25608,EQ,NSE,True,True,True,True,136.60000610351562,1874196.6206896552,True,True,,,,0,0,0,0,True,136.60000610351562,False,0,,,
INDRAMEDCO,Indraprastha Medical Corporation Limited,4751,EQ,NSE,True,True,True,True,370.4500122070313,123288.17857142857,True,True,,,,0,0,0,0,True,370.4500122070313,False,0,,,
INDSWFTLAB,Ind-Swift Laboratories Limited,4870,EQ,NSE,True,True,True,True,230.2100067138672,957054.7857142856,True,True,,,,0,0,0,0,True,230.2100067138672,False,0,,,
INDUSTOWER,Indus Towers Limited,29135,EQ,NSE,True,True,True,True,390.0,5835582.344827586,True,True,,,,0,0,0,0,True,390.0,False,0,,,
INFOBEAN,InfoBeans Technologies Limited,11027,EQ,NSE,True,True,True,True,172.72999572753906,606249.9285714285,True,True,,,,0,0,0,0,True,172.72999572753906,False,0,,,
INFY,Infosys Limited,1594,EQ,NSE,True,True,True,True,1167.5,14398152.2,True,True,,,,0,0,0,0,True,1167.5,False,0,,,
INGERRAND,Ingersoll Rand (India) Limited,1597,EQ,NSE,True,True,True,True,4401.39990234375,13068.785714285714,True,True,,,,0,0,0,0,True,4401.39990234375,False,0,,,
INNOVACAP,Innova Captab Limited,21062,EQ,NSE,True,True,True,True,941.9500122070312,46194.17857142857,True,True,,,,0,0,0,0,True,941.9500122070312,False,0,,,
INOXINDIA,INOX India Limited,20607,EQ,NSE,True,True,True,True,1901.4000244140625,323084.1379310345,True,True,,,,0,0,0,0,True,1901.4000244140625,False,0,,,
INSECTICID,Insecticides (India) Limited,14657,EQ,NSE,True,True,True,True,658.3499755859375,21993.44827586207,True,True,,,,0,0,0,0,True,658.3499755859375,False,0,,,
INTERARCH,Interarch Building Solutions Limited,24909,EQ,NSE,True,True,True,True,1843.0999755859373,33963.17857142857,True,True,,,,0,0,0,0,True,1843.0999755859373,False,0,,,
IOC,Indian Oil Corporation Limited,1624,EQ,NSE,True,True,True,True,141.60000610351562,12937892.866666667,True,True,,,,0,0,0,0,True,141.60000610351562,False,0,,,
IOLCP,IOL Chemicals and Pharmaceuticals Limited,20413,EQ,NSE,True,True,True,True,153.74000549316406,6178488.9655172415,True,True,,,,0,0,0,0,True,153.74000549316406,False,0,,,
IONEXCHANG,ION Exchange (India) Limited,1630,EQ,NSE,True,True,True,True,424.6000061035156,1064799.6206896552,True,True,,,,0,0,0,0,True,424.6000061035156,False,0,,,
IPCALAB,IPCA Laboratories Limited,1633,EQ,NSE,True,True,True,True,1694.699951171875,258082.4827586207,True,True,,,,0,0,0,0,True,1694.699951171875,False,0,,,
IPL,India Pesticides Limited,4934,EQ,NSE,True,True,True,True,145.69000244140625,310885.9310344828,True,True,,,,0,0,0,0,True,145.69000244140625,False,0,,,
IRCTC,Indian Railway Catering And Tourism Corporation Limited,13611,EQ,NSE,True,True,True,True,510.25,848028.0689655172,True,True,,,,0,0,0,0,True,510.25,False,0,,,
IREDA,Indian Renewable Energy Development Agency Limited,20261,EQ,NSE,True,True,True,True,120.3499984741211,4487792.8,True,True,,,,0,0,0,0,True,120.3499984741211,False,0,,,
IRIS,IRIS RegTech Solutions Limited,6489,EQ,NSE,True,True,True,True,258.1700134277344,27006.53571428572,True,True,,,,0,0,0,0,True,258.1700134277344,False,0,,,
IRMENERGY,IRM Energy Limited,19597,EQ,NSE,True,True,True,True,272.6000061035156,75887.58620689655,True,True,,,,0,0,0,0,True,272.6000061035156,False,0,,,
ITDC,India Tourism Development Corporation Limited,19299,EQ,NSE,True,True,True,True,705.0499877929688,3647040.035714286,True,True,,,,0,0,0,0,True,705.0499877929688,False,0,,,
ITI,ITI Limited,1675,EQ,NSE,True,True,True,True,282.6000061035156,414061.3103448276,True,True,,,,0,0,0,0,True,282.6000061035156,False,0,,,
IVALUE,Ivalue Infosolutions Limited,759041,EQ,NSE,True,True,True,True,276.3999938964844,853243.8275862068,True,True,,,,0,0,0,0,True,276.3999938964844,False,0,,,
IXIGO,Le Travenues Technology Limited,24067,EQ,NSE,True,True,True,True,196.1499938964844,1311554.6785714286,True,True,,,,0,0,0,0,True,196.1499938964844,False,0,,,
IZMO,IZMO Limited,14174,EQ,NSE,True,True,True,True,996.4500122070312,104586.57142857143,True,True,,,,0,0,0,0,True,996.4500122070312,False,0,,,
JAGSNPHARM,Jagsonpal Pharmaceuticals Limited,4410,EQ,NSE,True,True,True,True,236.5,946124.8666666668,True,True,,,,0,0,0,0,True,236.5,False,0,,,
JAICORPLTD,Jai Corp Limited,5143,EQ,NSE,True,True,True,True,103.27999877929688,313406.1724137931,True,True,,,,0,0,0,0,True,103.27999877929688,False,0,,,
JAINREC,Jain Resource Recycling Limited,759244,EQ,NSE,True,True,True,True,323.45001220703125,1660605.066666667,True,True,,,,0,0,0,0,True,323.45001220703125,False,0,,,
JAMNAAUTO,Jamna Auto Industries Limited,20778,EQ,NSE,True,True,True,True,142.27000427246094,1868177.7666666664,True,True,,,,0,0,0,0,True,142.27000427246094,False,0,,,
JARO,Jaro Institute of Technology Management and Research Limited,759951,EQ,NSE,True,True,True,True,457.3500061035156,112922.82142857143,True,True,,,,0,0,0,0,True,457.3500061035156,False,0,,,
JASH,Jash Engineering Limited,13982,EQ,NSE,True,True,True,True,495.0,199181.89285714287,True,True,,,,0,0,0,0,True,495.0,False,0,,,
JAYAGROGN,Jayant Agro Organics Limited,4041,EQ,NSE,True,True,True,True,222.63999938964844,12389.5,True,True,,,,0,0,0,0,True,222.63999938964844,False,0,,,
JAYBARMARU,Jay Bharat Maruti Limited,1708,EQ,NSE,True,True,True,True,162.47999572753906,857513.9655172414,True,True,,,,0,0,0,0,True,162.47999572753906,False,0,,,
JAYKAY,Jaykay Enterprises Limited,760073,EQ,NSE,True,True,True,True,161.27000427246094,137426.0,True,True,,,,0,0,0,0,True,161.27000427246094,False,0,,,
JBMA,JBM Auto Limited,11655,EQ,NSE,True,True,True,True,659.7000122070312,418825.25,True,True,,,,0,0,0,0,True,659.7000122070312,False,0,,,
JGCHEM,J.G.Chemicals Limited,23056,EQ,NSE,True,True,True,True,505.75,237473.4827586207,True,True,,,,0,0,0,0,True,505.75,False,0,,,
JINDALPHOT,Jindal Photo Limited,11743,EQ,NSE,True,True,True,True,1066.5,15672.107142857143,True,True,,,,0,0,0,0,True,1066.5,False,0,,,
JINDALPOLY,Jindal Poly Films Limited,1756,EQ,NSE,True,True,True,True,624.7999877929688,26660.206896551725,True,True,,,,0,0,0,0,True,624.7999877929688,False,0,,,
JINDALSAW,Jindal Saw Limited,3024,EQ,NSE,True,True,True,True,264.3999938964844,1713621.4285714286,True,True,,,,0,0,0,0,True,264.3999938964844,False,0,,,
JINDALSTEL,JINDAL STEEL LIMITED,6733,EQ,NSE,True,True,True,True,1124.0,1279452.2758620689,True,True,,,,0,0,0,0,True,1124.0,False,0,,,
JINDRILL,Jindal Drilling And Industries Limited,13875,EQ,NSE,True,True,True,True,614.2999877929688,1436951.3103448276,True,True,,,,0,0,0,0,True,614.2999877929688,False,0,,,
JITFINFRA,JITF Infralogistics Limited,19691,EQ,NSE,True,True,True,True,338.95001220703125,52327.25,True,True,,,,0,0,0,0,True,338.95001220703125,False,0,,,
JKCEMENT,JK Cement Limited,13270,EQ,NSE,True,True,True,True,5492.5,84559.44827586207,True,True,,,,0,0,0,0,True,5492.5,False,0,,,
JKIL,J.Kumar Infraprojects Limited,15266,EQ,NSE,True,True,True,True,493.1499938964844,80207.1724137931,True,True,,,,0,0,0,0,True,493.1499938964844,False,0,,,
JKLAKSHMI,JK Lakshmi Cement Limited,13491,EQ,NSE,True,True,True,True,570.5499877929688,140314.46666666667,True,True,,,,0,0,0,0,True,570.5499877929688,False,0,,,
JKPAPER,JK Paper Limited,11860,EQ,NSE,True,True,True,True,382.75,882908.0689655172,True,True,,,,0,0,0,0,True,382.75,False,0,,,
JKTYRE,JK Tyre & Industries Limited,14435,EQ,NSE,True,True,True,True,410.3999938964844,1082751.5862068965,True,True,,,,0,0,0,0,True,410.3999938964844,False,0,,,
JLHL,Jupiter Life Line Hospitals Limited,18553,EQ,NSE,True,True,True,True,321.54998779296875,206758.24137931035,True,True,,,,0,0,0,0,True,321.54998779296875,False,0,,,
JNKINDIA,JNK India Limited,23621,EQ,NSE,True,True,True,True,429.2999877929688,607131.5862068966,True,True,,,,0,0,0,0,True,429.2999877929688,False,0,,,
JSL,Jindal Stainless Limited,11236,EQ,NSE,True,True,True,True,735.6500244140625,532987.4827586206,True,True,,,,0,0,0,0,True,735.6500244140625,False,0,,,
JSLL,Jeena Sikho Lifecare Limited,758115,EQ,NSE,True,True,True,True,574.2000122070312,503785.1428571429,True,True,,,,0,0,0,0,True,574.2000122070312,False,0,,,
JSWENERGY,JSW Energy Limited,17869,EQ,NSE,True,True,True,True,568.0,2491611.1379310344,True,True,,,,0,0,0,0,True,568.0,False,0,,,
JSWINFRA,JSW Infrastructure Limited,19020,EQ,NSE,True,True,True,True,329.25,5037706.862068965,True,True,,,,0,0,0,0,True,329.25,False,0,,,
JSWSTEEL,JSW Steel Limited,11723,EQ,NSE,True,True,True,True,1300.0,1639644.5,True,True,,,,0,0,0,0,True,1300.0,False,0,,,
JTEKTINDIA,Jtekt India Limited,3237,EQ,NSE,True,True,True,True,140.77000427246094,1302108.8620689656,True,True,,,,0,0,0,0,True,140.77000427246094,False,0,,,
JUBLINGREA,Jubilant Ingrevia Limited,2783,EQ,NSE,True,True,True,True,751.3499755859375,552723.3448275862,True,True,,,,0,0,0,0,True,751.3499755859375,False,0,,,
JUBLPHARMA,Jubilant Pharmova Limited,3637,EQ,NSE,True,True,True,True,932.75,117061.28571428572,True,True,,,,0,0,0,0,True,932.75,False,0,,,
JUNIPER,Juniper Hotels Limited,22824,EQ,NSE,True,True,True,True,195.97000122070312,121543.0,True,True,,,,0,0,0,0,True,195.97000122070312,False,0,,,
JUSTDIAL,Just Dial Limited,29962,EQ,NSE,True,True,True,True,703.75,3781345.892857143,True,True,,,,0,0,0,0,True,703.75,False,0,,,
JYOTHYLAB,Jyothy Labs Limited,15146,EQ,NSE,True,True,True,True,201.9100036621093,608112.6896551724,True,True,,,,0,0,0,0,True,201.9100036621093,False,0,,,
JYOTICNC,Jyoti CNC Automation Limited,21334,EQ,NSE,True,True,True,True,847.9000244140625,919384.1379310344,True,True,,,,0,0,0,0,True,847.9000244140625,False,0,,,
KAJARIACER,Kajaria Ceramics Limited,1808,EQ,NSE,True,True,True,True,1197.800048828125,285950.14285714284,True,True,,,,0,0,0,0,True,1197.800048828125,False,0,,,
KALPATARU,Kalpataru Limited,758558,EQ,NSE,True,True,True,True,285.1499938964844,229338.3571428572,True,True,,,,0,0,0,0,True,285.1499938964844,False,0,,,
KALYANKJIL,Kalyan Jewellers India Limited,2955,EQ,NSE,True,True,True,True,591.4000244140625,35594907.63333333,True,True,,,,0,0,0,0,True,591.4000244140625,False,0,,,
KAMATHOTEL,Kamat Hotels (I) Limited,1826,EQ,NSE,True,True,True,True,172.8000030517578,44683.892857142855,True,True,,,,0,0,0,0,True,172.8000030517578,False,0,,,
KANPRPLA,Kanpur Plastipack Limited,1782,EQ,NSE,True,True,True,True,211.3500061035156,37314.857142857145,True,True,,,,0,0,0,0,True,211.3500061035156,False,0,,,
KANSAINER,Kansai Nerolac Paints Limited,1196,EQ,NSE,True,True,True,True,198.9199981689453,244731.25,True,True,,,,0,0,0,0,True,198.9199981689453,False,0,,,
KAPSTON,Kapston Services Limited,18967,EQ,NSE,True,True,True,True,533.75,57319.79310344828,True,True,,,,0,0,0,0,True,533.75,False,0,,,
KAYA,Kaya Limited,10276,EQ,NSE,True,True,True,True,262.5,29929.10714285714,True,True,,,,0,0,0,0,True,262.5,False,0,,,
KDDL,KDDL Limited,14908,EQ,NSE,True,True,True,True,3652.800048828125,30185.571428571428,True,True,,,,0,0,0,0,True,3652.800048828125,False,0,,,
KEC,KEC International Limited,13260,EQ,NSE,True,True,True,True,474.1000061035156,1320862.0344827587,True,True,,,,0,0,0,0,True,474.1000061035156,False,0,,,
KEI,KEI Industries Limited,13310,EQ,NSE,True,True,True,True,5500.0,453096.1,True,True,,,,0,0,0,0,True,5500.0,False,0,,,
KENNAMET,Kennametal India Limited,11841,EQ,NSE,True,True,True,True,3000.699951171875,15153.03448275862,True,True,,,,0,0,0,0,True,3000.699951171875,False,0,,,
KERNEX,Kernex Microsystems (India) Limited,13121,EQ,NSE,True,True,True,True,2419.10009765625,195296.2857142857,True,True,,,,0,0,0,0,True,2419.10009765625,False,0,,,
KIMS,Krishna Institute of Medical Sciences Limited,4847,EQ,NSE,True,True,True,True,795.9000244140625,538992.5,True,True,,,,0,0,0,0,True,795.9000244140625,False,0,,,
KIOCL,KIOCL Limited,19126,EQ,NSE,True,True,True,True,391.2999877929688,170824.10344827586,True,True,,,,0,0,0,0,True,391.2999877929688,False,0,,,
KIRIINDUS,Kiri Industries Limited,16639,EQ,NSE,True,True,True,True,418.75,206387.24137931035,True,True,,,,0,0,0,0,True,418.75,False,0,,,
KIRLFER,Kirloskar Ferrous Industries Limited,14466,EQ,NSE,True,True,True,True,464.1499938964844,76467.46428571429,True,True,,,,0,0,0,0,True,464.1499938964844,False,0,,,
KIRLOSBROS,Kirloskar Brothers Limited,18581,EQ,NSE,True,True,True,True,1891.699951171875,130775.89655172414,True,True,,,,0,0,0,0,True,1891.699951171875,False,0,,,
KIRLOSENG,Kirloskar Oil Engines Limited,20936,EQ,NSE,True,True,True,True,2273.89990234375,727283.1379310344,True,True,,,,0,0,0,0,True,2273.89990234375,False,0,,,
KIRLOSIND,Kirloskar Industries Limited,19025,EQ,NSE,True,True,True,True,3945.39990234375,12500.357142857143,True,True,,,,0,0,0,0,True,3945.39990234375,False,0,,,
KIRLPNU,Kirloskar Pneumatic Company Limited,15180,EQ,NSE,True,True,True,True,1449.0999755859375,210037.2,True,True,,,,0,0,0,0,True,1449.0999755859375,False,0,,,
KISSHT,OnEMI Technology Solutions Limited,763294,EQ,NSE,True,True,True,True,307.6499938964844,2446242.8666666667,True,True,,,,0,0,0,0,True,307.6499938964844,False,0,,,
KITEX,Kitex Garments Limited,28899,EQ,NSE,True,True,True,True,146.47999572753906,646982.5,True,True,,,,0,0,0,0,True,146.47999572753906,False,0,,,
KKCL,Kewal Kiran Clothing Limited,13381,EQ,NSE,True,True,True,True,534.5499877929688,59476.27586206896,True,True,,,,0,0,0,0,True,534.5499877929688,False,0,,,
KMEW,Knowledge Marine & Engineering Works Limited,27084,EQ,NSE,True,True,True,True,2532.199951171875,111658.0,True,True,,,,0,0,0,0,True,2532.199951171875,False,0,,,
KNACK,Knack Packaging Limited,763839,EQ,NSE,True,True,True,True,198.6999969482422,5563603.315789473,True,True,,,,0,0,0,0,True,198.6999969482422,False,0,,,
KNRCON,KNR Constructions Limited,15283,EQ,NSE,True,True,True,True,128.22999572753906,597911.1666666666,True,True,,,,0,0,0,0,True,128.22999572753906,False,0,,,
KOLTEPATIL,Kolte - Patil Developers Limited,15124,EQ,NSE,True,True,True,True,398.0,71560.24137931035,True,True,,,,0,0,0,0,True,398.0,False,0,,,
KOTHARIPET,Kothari Petrochemicals Limited,4594,EQ,NSE,True,True,True,True,144.2899932861328,139769.5,True,True,,,,0,0,0,0,True,144.2899932861328,False,0,,,
KPIL,Kalpataru Projects International Limited,1814,EQ,NSE,True,True,True,True,1279.699951171875,160943.1724137931,True,True,,,,0,0,0,0,True,1279.699951171875,False,0,,,
KPITTECH,KPIT Technologies Limited,9683,EQ,NSE,True,True,True,True,625.5999755859375,5718378.6,True,True,,,,0,0,0,0,True,625.5999755859375,False,0,,,
KPL,Kwality Pharmaceuticals Limited,762757,EQ,NSE,True,True,True,True,2587.0,27744.13793103448,True,True,,,,0,0,0,0,True,2587.0,False,0,,,
KPRMILL,K.P.R. Mill Limited,14912,EQ,NSE,True,True,True,True,1057.300048828125,907325.6785714284,True,True,,,,0,0,0,0,True,1057.300048828125,False,0,,,
KRBL,KRBL Limited,10577,EQ,NSE,True,True,True,True,368.6000061035156,292987.1379310345,True,True,,,,0,0,0,0,True,368.6000061035156,False,0,,,
KRISHANA,Krishana Phoschem Limited,12847,EQ,NSE,True,True,True,True,181.27999877929688,2146065.1071428573,True,True,,,,0,0,0,0,True,181.27999877929688,False,0,,,
KRISHIVAL,Krishival Foods Limited,756782,EQ,NSE,True,True,True,True,388.5499877929688,13273.035714285714,True,True,,,,0,0,0,0,True,388.5499877929688,False,0,,,
KROSS,Kross Limited,25252,EQ,NSE,True,True,True,True,207.47999572753903,1374142.6896551724,True,True,,,,0,0,0,0,True,207.47999572753903,False,0,,,
KRSNAA,Krsnaa Diagnostics Limited,5359,EQ,NSE,True,True,True,True,562.1500244140625,52503.607142857145,True,True,,,,0,0,0,0,True,562.1500244140625,False,0,,,
KRYSTAL,Krystal Integrated Services Limited,23175,EQ,NSE,True,True,True,True,600.5499877929688,14899.827586206897,True,True,,,,0,0,0,0,True,600.5499877929688,False,0,,,
KSB,Ksb Limited,1949,EQ,NSE,True,True,True,True,856.9500122070312,106119.06896551725,True,True,,,,0,0,0,0,True,856.9500122070312,False,0,,,
KSCL,Kaveri Seed Company Limited,14972,EQ,NSE,True,True,True,True,779.7000122070312,71360.03448275862,True,True,,,,0,0,0,0,True,779.7000122070312,False,0,,,
KSHINTL,KSH International Limited,760433,EQ,NSE,True,True,True,True,910.25,281899.75,True,True,,,,0,0,0,0,True,910.25,False,0,,,
KSL,Kalyani Steels Limited,18889,EQ,NSE,True,True,True,True,870.9000244140625,63625.42857142857,True,True,,,,0,0,0,0,True,870.9000244140625,False,0,,,
KSOLVES,Ksolves India Limited,11060,EQ,NSE,True,True,True,True,283.04998779296875,135242.42857142858,True,True,,,,0,0,0,0,True,283.04998779296875,False,0,,,
KUSUMGAR,Kusumgar Limited,764116,EQ,NSE,True,True,True,True,622.0499877929688,2983610.8571428573,True,True,,,,0,0,0,0,True,622.0499877929688,False,0,,,
LALPATHLAB,Dr. Lal Path Labs Ltd.,11654,EQ,NSE,True,True,True,True,1889.4000244140625,456746.2142857143,True,True,,,,0,0,0,0,True,1889.4000244140625,False,0,,,
LAMBODHARA,Lambodhara Textiles Limited,6407,EQ,NSE,True,True,True,True,113.27999877929688,11834.785714285714,True,True,,,,0,0,0,0,True,113.27999877929688,False,0,,,
LANDMARK,Landmark Cars Limited,13276,EQ,NSE,True,True,True,True,543.5,1971922.0357142857,True,True,,,,0,0,0,0,True,543.5,False,0,,,
LASERPOWER,Laser Power & Infra Limited,764126,EQ,NSE,True,True,True,True,287.45001220703125,7453593.384615385,True,True,,,,0,0,0,0,True,287.45001220703125,False,0,,,
LATENTVIEW,Latent View Analytics Limited,6818,EQ,NSE,True,True,True,True,298.04998779296875,1378990.3448275863,True,True,,,,0,0,0,0,True,298.04998779296875,False,0,,,
LAURUSLABS,Laurus Labs Limited,19234,EQ,NSE,True,True,True,True,1850.0,2531000.833333333,True,True,,,,0,0,0,0,True,1850.0,False,0,,,
LCL,Lohia Corp Limited,764296,EQ,NSE,True,True,True,True,519.2000122070312,10923544.333333334,True,True,,,,0,0,0,0,True,519.2000122070312,False,0,,,
LEMONTREE,Lemon Tree Hotels Limited,2606,EQ,NSE,True,True,True,True,113.29000091552734,3004837.0,True,True,,,,0,0,0,0,True,113.29000091552734,False,0,,,
LENSKART,Lenskart Solutions Limited,759605,EQ,NSE,True,True,True,True,567.5,4814561.793103448,True,True,,,,0,0,0,0,True,567.5,False,0,,,
LGBBROSLTD,LG Balakrishnan & Bros Limited,18321,EQ,NSE,True,True,True,True,1519.800048828125,22506.63333333333,True,True,,,,0,0,0,0,True,1519.800048828125,False,0,,,
LGEINDIA,LG Electronics India Limited,760213,EQ,NSE,True,True,True,True,1542.5,335239.3,True,True,,,,0,0,0,0,True,1542.5,False,0,,,
LGHL,Laxmi Goldorna House Limited,19876,EQ,NSE,True,True,True,True,201.82000732421875,27119.714285714286,True,True,,,,0,0,0,0,True,201.82000732421875,False,0,,,
LIBERTSHOE,Liberty Shoes Limited,1994,EQ,NSE,True,True,True,True,260.8999938964844,147119.67857142858,True,True,,,,0,0,0,0,True,260.8999938964844,False,0,,,
LIKHITHA,Likhitha Infrastructure Limited,578,EQ,NSE,True,True,True,True,221.97000122070312,43736.57142857143,True,True,,,,0,0,0,0,True,221.97000122070312,False,0,,,
LINC,Linc Limited,6951,EQ,NSE,True,True,True,True,101.68000030517578,43219.46428571428,True,True,,,,0,0,0,0,True,101.68000030517578,False,0,,,
LINCOLN,Lincoln Pharmaceuticals Limited,11596,EQ,NSE,True,True,True,True,593.2999877929688,33468.42857142857,True,True,,,,0,0,0,0,True,593.2999877929688,False,0,,,
LINDEINDIA,Linde India Limited,1627,EQ,NSE,True,True,True,True,7156.5,26276.571428571428,True,True,,,,0,0,0,0,True,7156.5,False,0,,,
LODHA,Lodha Developers Limited,3220,EQ,NSE,True,True,True,True,1229.800048828125,3823994.9310344825,True,True,,,,0,0,0,0,True,1229.800048828125,False,0,,,
LORDSCHLO,Lords Chloro Alkali Limited,18232,EQ,NSE,True,True,True,True,147.52999877929688,24253.92857142857,True,True,,,,0,0,0,0,True,147.52999877929688,False,0,,,
LOTUSEYE,Lotus Eye Hospital and Institute Limited,16807,EQ,NSE,True,True,True,True,116.55999755859376,24314.0,True,True,,,,0,0,0,0,True,116.55999755859376,False,0,,,
LT,Larsen & Toubro Limited,11483,EQ,NSE,True,True,True,True,3990.0,2009463.9,True,True,,,,0,0,0,0,True,3990.0,False,0,,,
LTFOODS,LT Foods Limited,13816,EQ,NSE,True,True,True,True,417.3999938964844,761797.7666666667,True,True,,,,0,0,0,0,True,417.3999938964844,False,0,,,
LTM,LTM Limited,17818,EQ,NSE,True,True,True,True,4559.0,517773.76666666666,True,True,,,,0,0,0,0,True,4559.0,False,0,,,
LUMAXIND,Lumax Industries Limited,2018,EQ,NSE,True,True,True,True,5704.5,11309.607142857143,True,True,,,,0,0,0,0,True,5704.5,False,0,,,
LUMAXTECH,Lumax Auto Technologies Limited,14014,EQ,NSE,True,True,True,True,1634.300048828125,137094.3,True,True,,,,0,0,0,0,True,1634.300048828125,False,0,,,
LUXIND,Lux Industries Limited,11301,EQ,NSE,True,True,True,True,1267.9000244140625,36199.06896551724,True,True,,,,0,0,0,0,True,1267.9000244140625,False,0,,,
LXCHEM,Laxmi Organic Industries Limited,2841,EQ,NSE,True,True,True,True,184.2899932861328,2084661.3793103448,True,True,,,,0,0,0,0,True,184.2899932861328,False,0,,,
M&M,Mahindra & Mahindra Limited,2031,EQ,NSE,True,True,True,True,3433.0,2656992.566666667,True,True,,,,0,0,0,0,True,3433.0,False,0,,,
MAANALU,Maan Aluminium Limited,15017,EQ,NSE,True,True,True,True,127.08999633789062,63190.27586206896,True,True,,,,0,0,0,0,True,127.08999633789062,False,0,,,
MACPOWER,Macpower CNC Machines Limited,22347,EQ,NSE,True,True,True,True,1530.300048828125,60056.0,True,True,,,,0,0,0,0,True,1530.300048828125,False,0,,,
MAGADSUGAR,Magadh Sugar & Energy Limited,21392,EQ,NSE,True,True,True,True,548.75,35120.379310344826,True,True,,,,0,0,0,0,True,548.75,False,0,,,
MAHEPC,Mahindra EPC Irrigation Limited,17603,EQ,NSE,True,True,True,True,107.68000030517578,49024.857142857145,True,True,,,,0,0,0,0,True,107.68000030517578,False,0,,,
MAHLIFE,Mahindra Lifespace Developers Limited,8050,EQ,NSE,True,True,True,True,397.5499877929688,335242.43333333335,True,True,,,,0,0,0,0,True,397.5499877929688,False,0,,,
MAHLOG,Mahindra Logistics Limited,385,EQ,NSE,True,True,True,True,421.0,429658.2142857143,True,True,,,,0,0,0,0,True,421.0,False,0,,,
MAHSEAMLES,Maharashtra Seamless Limited,2088,EQ,NSE,True,True,True,True,579.0999755859375,145602.06896551725,True,True,,,,0,0,0,0,True,579.0999755859375,False,0,,,
MAITHANALL,Maithan Alloys Limited,24538,EQ,NSE,True,True,True,True,962.75,34676.55172413793,True,True,,,,0,0,0,0,True,962.75,False,0,,,
MAJESAUT,Majestic Auto Limited,762777,EQ,NSE,True,True,True,True,482.4500122070313,12898.57142857143,True,True,,,,0,0,0,0,True,482.4500122070313,False,0,,,
MAMATA,Mamata Machinery Limited,28687,EQ,NSE,True,True,True,True,414.3999938964844,55164.107142857145,True,True,,,,0,0,0,0,True,414.3999938964844,False,0,,,
MANAKCOAT,Manaksia Coated Metals & Industries Limited,7413,EQ,NSE,True,True,True,True,119.41999816894533,590458.8928571428,True,True,,,,0,0,0,0,True,119.41999816894533,False,0,,,
MANGLMCEM,Mangalam Cement Limited,2106,EQ,NSE,True,True,True,True,944.6500244140624,63239.5,True,True,,,,0,0,0,0,True,944.6500244140624,False,0,,,
MANINDS,Man Industries (India) Limited,11884,EQ,NSE,True,True,True,True,542.7000122070312,198952.0357142857,True,True,,,,0,0,0,0,True,542.7000122070312,False,0,,,
MANKIND,Mankind Pharma Limited,15380,EQ,NSE,True,True,True,True,2438.0,432738.4827586207,True,True,,,,0,0,0,0,True,2438.0,False,0,,,
MANOMAY,Manomay Tex India Limited,13753,EQ,NSE,True,True,True,True,213.42999267578125,62228.25,True,True,,,,0,0,0,0,True,213.42999267578125,False,0,,,
MANORAMA,Manorama Industries Limited,10227,EQ,NSE,True,True,True,True,1617.800048828125,155776.27586206896,True,True,,,,0,0,0,0,True,1617.800048828125,False,0,,,
MARATHON,Marathon Nextgen Realty Limited,18659,EQ,NSE,True,True,True,True,391.4500122070313,65840.10344827586,True,True,,,,0,0,0,0,True,391.4500122070313,False,0,,,
MARINE,Marine Electricals (India) Limited,1328,EQ,NSE,True,True,True,True,300.6000061035156,863916.0357142857,True,True,,,,0,0,0,0,True,300.6000061035156,False,0,,,
MARKOLINES,Markolines Pavement Technologies Limited,760204,EQ,NSE,True,True,True,True,176.1699981689453,431273.1724137931,True,True,,,,0,0,0,0,True,176.1699981689453,False,0,,,
MARSONS,Marsons Limited,761386,EQ,NSE,True,True,True,True,108.1500015258789,1426467.2068965517,True,True,,,,0,0,0,0,True,108.1500015258789,False,0,,,
MARUTI,Maruti Suzuki India Limited,10999,EQ,NSE,True,True,True,True,14168.0,539298.4137931034,True,True,,,,0,0,0,0,True,14168.0,False,0,,,
MASTEK,Mastek Limited,2124,EQ,NSE,True,True,True,True,1842.5999755859373,102975.62068965516,True,True,,,,0,0,0,0,True,1842.5999755859373,False,0,,,
MATRIMONY,Matrimony.Com Limited,21726,EQ,NSE,True,True,True,True,431.2000122070313,15041.392857142857,True,True,,,,0,0,0,0,True,431.2000122070313,False,0,,,
MAXESTATES,Max Estates Limited,19646,EQ,NSE,True,True,True,True,392.6000061035156,151088.85714285713,True,True,,,,0,0,0,0,True,392.6000061035156,False,0,,,
MAYURUNIQ,Mayur Uniquoters Ltd,28906,EQ,NSE,True,True,True,True,774.4500122070312,105147.85714285714,True,True,,,,0,0,0,0,True,774.4500122070312,False,0,,,
MAZDOCK,Mazagon Dock Shipbuilders Limited,509,EQ,NSE,True,True,True,True,2389.0,731218.0666666667,True,True,,,,0,0,0,0,True,2389.0,False,0,,,
MBAPL,Madhya Bharat Agro Products Limited,12686,EQ,NSE,True,True,True,True,158.6199951171875,1887304.5862068965,True,True,,,,0,0,0,0,True,158.6199951171875,False,0,,,
MBEL,M & B Engineering Limited,758150,EQ,NSE,True,True,True,True,295.75,152178.5357142857,True,True,,,,0,0,0,0,True,295.75,False,0,,,
MCX,Multi Commodity Exchange of India Limited,31181,EQ,NSE,True,True,True,True,2680.0,2499298.7666666666,True,True,,,,0,0,0,0,True,2680.0,False,0,,,
MEDANTA,Global Health Limited,11956,EQ,NSE,True,True,True,True,1435.0999755859375,194842.4285714285,True,True,,,,0,0,0,0,True,1435.0999755859375,False,0,,,
MEDIASSIST,Medi Assist Healthcare Services Limited,21705,EQ,NSE,True,True,True,True,357.70001220703125,123963.57142857143,True,True,,,,0,0,0,0,True,357.70001220703125,False,0,,,
MEDPLUS,Medplus Health Services Limited,7254,EQ,NSE,True,True,True,True,684.0499877929688,265987.8571428572,True,True,,,,0,0,0,0,True,684.0499877929688,False,0,,,
MEESHO,Meesho Limited,760229,EQ,NSE,True,True,True,True,191.8800048828125,15431011.965517242,True,True,,,,0,0,0,0,True,191.8800048828125,False,0,,,
MEGASTAR,Megastar Foods Limited,8153,EQ,NSE,True,True,True,True,329.79998779296875,46469.857142857145,True,True,,,,0,0,0,0,True,329.79998779296875,False,0,,,
MEIL,Mangal Electrical Industries Limited,758748,EQ,NSE,True,True,True,True,286.54998779296875,21315.071428571428,True,True,,,,0,0,0,0,True,286.54998779296875,False,0,,,
MGL,Mahanagar Gas Limited,17534,EQ,NSE,True,True,True,True,1111.5999755859375,243948.25,True,True,,,,0,0,0,0,True,1111.5999755859375,False,0,,,
MIDHANI,Mishra Dhatu Nigam Limited,2463,EQ,NSE,True,True,True,True,412.6000061035156,489515.275862069,True,True,,,,0,0,0,0,True,412.6000061035156,False,0,,,
MIDWESTLTD,Midwest Limited,759517,EQ,NSE,True,True,True,True,1216.800048828125,15865.793103448275,True,True,,,,0,0,0,0,True,1216.800048828125,False,0,,,
MINDACORP,Minda Corporation Limited,25897,EQ,NSE,True,True,True,True,722.2000122070312,332352.7586206897,True,True,,,,0,0,0,0,True,722.2000122070312,False,0,,,
MMFL,MM Forgings Limited,13844,EQ,NSE,True,True,True,True,552.8499755859375,148333.67857142858,True,True,,,,0,0,0,0,True,552.8499755859375,False,0,,,
MMP,MMP Industries Limited,16395,EQ,NSE,True,True,True,True,301.04998779296875,40708.857142857145,True,True,,,,0,0,0,0,True,301.04998779296875,False,0,,,
MOBIKWIK,One Mobikwik Systems Limited,28046,EQ,NSE,True,True,True,True,205.97000122070312,1804883.607142857,True,True,,,,0,0,0,0,True,205.97000122070312,False,0,,,
MODIS,Modis Navnirman Limited,759752,EQ,NSE,True,True,True,True,396.0,93917.68965517242,True,True,,,,0,0,0,0,True,396.0,False,0,,,
MOLDTECH,Mold-Tek Technologies Limited,17625,EQ,NSE,True,True,True,True,151.4600067138672,70039.96428571429,True,True,,,,0,0,0,0,True,151.4600067138672,False,0,,,
MOLDTKPAC,Mold-Tek Packaging Limited,6713,EQ,NSE,True,True,True,True,684.9000244140625,119766.07142857143,True,True,,,,0,0,0,0,True,684.9000244140625,False,0,,,
MONTECARLO,Monte Carlo Fashions Limited,5938,EQ,NSE,True,True,True,True,538.1500244140625,30428.0,True,True,,,,0,0,0,0,True,538.1500244140625,False,0,,,
MOSCHIP,Moschip Technologies Limited,29459,EQ,NSE,True,True,True,True,208.58999633789065,5174588.517241379,True,True,,,,0,0,0,0,True,208.58999633789065,False,0,,,
MOTHERSON,Samvardhana Motherson International Limited,4204,EQ,NSE,True,True,True,True,151.0,19728986.066666663,True,True,,,,0,0,0,0,True,151.0,False,0,,,
MPHASIS,MphasiS Limited,4503,EQ,NSE,True,True,True,True,2380.0,653305.275862069,True,True,,,,0,0,0,0,True,2380.0,False,0,,,
MPSLTD,MPS Limited,10578,EQ,NSE,True,True,True,True,2726.10009765625,124093.39285714286,True,True,,,,0,0,0,0,True,2726.10009765625,False,0,,,
MRPL,Mangalore Refinery and Petrochemicals Limited,2283,EQ,NSE,True,True,True,True,169.63999938964844,17548174.6,True,True,,,,0,0,0,0,True,169.63999938964844,False,0,,,
MSTCLTD,Mstc Limited,9356,EQ,NSE,True,True,True,True,599.7999877929688,570638.6,True,True,,,,0,0,0,0,True,599.7999877929688,False,0,,,
MUKANDLTD,Mukand Limited,11325,EQ,NSE,True,True,True,True,142.25,170541.39285714287,True,True,,,,0,0,0,0,True,142.25,False,0,,,
MUNJALAU,Munjal Auto Industries Limited,13511,EQ,NSE,True,True,True,True,104.0500030517578,2315985.965517241,True,True,,,,0,0,0,0,True,104.0500030517578,False,0,,,
MUNJALSHOW,Munjal Showa Limited,2307,EQ,NSE,True,True,True,True,144.3000030517578,46785.892857142855,True,True,,,,0,0,0,0,True,144.3000030517578,False,0,,,
MVGJL,Manoj Vaibhav Gems N Jewellers Limited,19015,EQ,NSE,True,True,True,True,167.38999938964844,74683.20689655172,True,True,,,,0,0,0,0,True,167.38999938964844,False,0,,,
NACLIND,NACL Industries Limited,20425,EQ,NSE,True,True,True,True,181.1300048828125,2562055.827586207,True,True,,,,0,0,0,0,True,181.1300048828125,False,0,,,
NAHARPOLY,Nahar Poly Films Limited,14445,EQ,NSE,True,True,True,True,278.6000061035156,18700.17857142857,True,True,,,,0,0,0,0,True,278.6000061035156,False,0,,,
NATCAPSUQ,Natural Capsules Limited,29583,EQ,NSE,True,True,True,True,152.55999755859375,14783.620689655172,True,True,,,,0,0,0,0,True,152.55999755859375,False,0,,,
NATCOPHARM,Natco Pharma Limited,3918,EQ,NSE,True,True,True,True,917.0,498625.06666666665,True,True,,,,0,0,0,0,True,917.0,False,0,,,
NATHBIOGEN,Nath Bio-Genes (India) Limited,11065,EQ,NSE,True,True,True,True,164.72000122070312,15022.75,True,True,,,,0,0,0,0,True,164.72000122070312,False,0,,,
NATIONALUM,National Aluminium Company Limited,6364,EQ,NSE,True,True,True,True,377.0,9267712.133333333,True,True,,,,0,0,0,0,True,377.0,False,0,,,
NATIONSTD,National Standard (India) Limited,762807,EQ,NSE,True,True,True,True,223.7400054931641,36666.89655172414,True,True,,,,0,0,0,0,True,223.7400054931641,False,0,,,
NAUKRI,Info Edge (India) Limited,13751,EQ,NSE,True,True,True,True,1260.0,2718076.413793104,True,True,,,,0,0,0,0,True,1260.0,False,0,,,
NAVA,NAVA LIMITED,4014,EQ,NSE,True,True,True,True,571.7000122070312,220263.6206896552,True,True,,,,0,0,0,0,True,571.7000122070312,False,0,,,
NAVINFLUOR,Navin Fluorine International Limited,14672,EQ,NSE,True,True,True,True,7629.0,118169.93103448275,True,True,,,,0,0,0,0,True,7629.0,False,0,,,
NAVKARCORP,Navkar Corporation Limited,10557,EQ,NSE,True,True,True,True,102.70999908447266,1121713.5862068965,True,True,,,,0,0,0,0,True,102.70999908447266,False,0,,,
NAVNETEDUL,Navneet Education Limited,2385,EQ,NSE,True,True,True,True,128.6300048828125,234993.41379310345,True,True,,,,0,0,0,0,True,128.6300048828125,False,0,,,
NAZARA,Nazara Technologies Limited,2987,EQ,NSE,True,True,True,True,349.5,2350171.964285714,True,True,,,,0,0,0,0,True,349.5,False,0,,,
NCC,NCC Limited,2319,EQ,NSE,True,True,True,True,143.11000061035156,1446197.6896551724,True,True,,,,0,0,0,0,True,143.11000061035156,False,0,,,
NCLIND,NCL Industries Limited,14490,EQ,NSE,True,True,True,True,174.6199951171875,44622.17857142857,True,True,,,,0,0,0,0,True,174.6199951171875,False,0,,,
NDLVENTURE,NDL Ventures Limited,14547,EQ,NSE,True,True,True,True,127.2699966430664,14193.586206896553,True,True,,,,0,0,0,0,True,127.2699966430664,False,0,,,
NDRAUTO,Ndr Auto Components Limited,22255,EQ,NSE,True,True,True,True,819.8499755859375,27386.14285714286,True,True,,,,0,0,0,0,True,819.8499755859375,False,0,,,
NELCAST,Nelcast Limited,14761,EQ,NSE,True,True,True,True,124.3000030517578,595600.3448275862,True,True,,,,0,0,0,0,True,124.3000030517578,False,0,,,
NELCO,NELCO Limited,2388,EQ,NSE,True,True,True,True,981.7000122070312,329325.2068965517,True,True,,,,0,0,0,0,True,981.7000122070312,False,0,,,
NEOGEN,Neogen Chemicals Limited,9917,EQ,NSE,True,True,True,True,2083.199951171875,146475.0344827586,True,True,,,,0,0,0,0,True,2083.199951171875,False,0,,,
NESCO,Nesco Limited,15409,EQ,NSE,True,True,True,True,1047.5999755859375,67456.14285714286,True,True,,,,0,0,0,0,True,1047.5999755859375,False,0,,,
NETWEB,Netweb Technologies India Limited,17433,EQ,NSE,True,True,True,True,4762.2001953125,1143076.8666666667,True,True,,,,0,0,0,0,True,4762.2001953125,False,0,,,
NEULANDLAB,Neuland Laboratories Limited,2406,EQ,NSE,True,True,True,True,19273.0,38889.392857142855,True,True,,,,0,0,0,0,True,19273.0,False,0,,,
NEWGEN,Newgen Software Technologies Limited,1164,EQ,NSE,True,True,True,True,561.3499755859375,4638538.172413793,True,True,,,,0,0,0,0,True,561.3499755859375,False,0,,,
NH,Narayana Hrudayalaya Ltd.,11840,EQ,NSE,True,True,True,True,1919.4000244140625,301663.9655172414,True,True,,,,0,0,0,0,True,1919.4000244140625,False,0,,,
NIBE,NIBE Limited,29487,EQ,NSE,True,True,True,True,1383.0999755859375,80747.24137931035,True,True,,,,0,0,0,0,True,1383.0999755859375,False,0,,,
NIITMTS,NIIT Learning Systems Limited,17747,EQ,NSE,True,True,True,True,250.19000244140625,587918.724137931,True,True,,,,0,0,0,0,True,250.19000244140625,False,0,,,
NILKAMAL,Nilkamal Limited,2421,EQ,NSE,True,True,True,True,1734.699951171875,174828.8275862069,True,True,,,,0,0,0,0,True,1734.699951171875,False,0,,,
NITCO,Nitco Limited,13300,EQ,NSE,True,True,True,True,107.05999755859376,686582.75,True,True,,,,0,0,0,0,True,107.05999755859376,False,0,,,
NITINSPIN,Nitin Spinners Limited,13175,EQ,NSE,True,True,True,True,571.6500244140625,86482.58620689655,True,True,,,,0,0,0,0,True,571.6500244140625,False,0,,,
NITTAGELA,Nitta Gelatin India Limited,762824,EQ,NSE,True,True,True,True,1637.699951171875,16516.928571428572,True,True,,,,0,0,0,0,True,1637.699951171875,False,0,,,
NOCIL,NOCIL Limited,2442,EQ,NSE,True,True,True,True,170.99000549316406,988657.7931034482,True,True,,,,0,0,0,0,True,170.99000549316406,False,0,,,
NOVARTIND,Novartis India Limited,9007,EQ,NSE,True,True,True,True,1622.0,47760.58620689655,True,True,,,,0,0,0,0,True,1622.0,False,0,,,
NPST,Network People Services Technologies Limited,756324,EQ,NSE,True,True,True,True,1521.199951171875,39503.392857142855,True,True,,,,0,0,0,0,True,1521.199951171875,False,0,,,
NRAIL,N R Agarwal Industries Limited,20314,EQ,NSE,True,True,True,True,483.5,11111.57142857143,True,True,,,,0,0,0,0,True,483.5,False,0,,,
NRBBEARING,NRB Bearing Limited,7553,EQ,NSE,True,True,True,True,429.8999938964844,479155.8620689655,True,True,,,,0,0,0,0,True,429.8999938964844,False,0,,,
NTPC,NTPC Limited,11630,EQ,NSE,True,True,True,True,343.6499938964844,10706884.3,True,True,,,,0,0,0,0,True,343.6499938964844,False,0,,,
NURECA,Nureca Limited,2350,EQ,NSE,True,True,True,True,326.04998779296875,61098.8275862069,True,True,,,,0,0,0,0,True,326.04998779296875,False,0,,,
NUVOCO,Nuvoco Vistas Corporation Limited,5426,EQ,NSE,True,True,True,True,348.6000061035156,3130603.8,True,True,,,,0,0,0,0,True,348.6000061035156,False,0,,,
NYKAA,FSN E-Commerce Ventures Limited,6545,EQ,NSE,True,True,True,True,342.5,6864969.517241379,True,True,,,,0,0,0,0,True,342.5,False,0,,,
OAL,Oriental Aromatics Limited,10768,EQ,NSE,True,True,True,True,380.5499877929688,39128.96551724138,True,True,,,,0,0,0,0,True,380.5499877929688,False,0,,,
OBEROIRLTY,Oberoi Realty Limited,20242,EQ,NSE,True,True,True,True,1778.800048828125,594781.0357142857,True,True,,,,0,0,0,0,True,1778.800048828125,False,0,,,
OIL,Oil India Limited,17438,EQ,NSE,True,True,True,True,450.0,3353364.1379310344,True,True,,,,0,0,0,0,True,450.0,False,0,,,
OLECTRA,Olectra Greentech Limited,10637,EQ,NSE,True,True,True,True,1347.800048828125,489067.4,True,True,,,,0,0,0,0,True,1347.800048828125,False,0,,,
OMNI,Omnitech Engineering Limited,760865,EQ,NSE,True,True,True,True,610.5,427246.0344827586,True,True,,,,0,0,0,0,True,610.5,False,0,,,
OMPOWER,Om Power Transmission Limited,762432,EQ,NSE,True,True,True,True,170.5399932861328,126218.07142857143,True,True,,,,0,0,0,0,True,170.5399932861328,False,0,,,
ONESOURCE,Onesource Specialty Pharma Limited,29224,EQ,NSE,True,True,True,True,1530.5999755859375,296920.0344827586,True,True,,,,0,0,0,0,True,1530.5999755859375,False,0,,,
ONGC,Oil & Natural Gas Corporation Limited,2475,EQ,NSE,True,True,True,True,242.0,13936707.533333331,True,True,,,,0,0,0,0,True,242.0,False,0,,,
ONWARDTEC,Onward Technologies Limited,2481,EQ,NSE,True,True,True,True,289.95001220703125,717622.6428571428,True,True,,,,0,0,0,0,True,289.95001220703125,False,0,,,
OPTIEMUS,Optiemus Infracom Limited,21469,EQ,NSE,True,True,True,True,625.6500244140625,316445.78571428574,True,True,,,,0,0,0,0,True,625.6500244140625,False,0,,,
ORCHPHARMA,Orchid Pharma Limited,926,EQ,NSE,True,True,True,True,1006.4000244140624,250028.89285714287,True,True,,,,0,0,0,0,True,1006.4000244140624,False,0,,,
ORIENTCEM,Orient Cement Limited,30089,EQ,NSE,True,True,True,True,137.6699981689453,256980.7931034483,True,True,,,,0,0,0,0,True,137.6699981689453,False,0,,,
ORIENTELEC,Orient Electric Limited,2972,EQ,NSE,True,True,True,True,176.74000549316406,1116680.4642857143,True,True,,,,0,0,0,0,True,176.74000549316406,False,0,,,
ORIENTHOT,Oriental Hotels Limited,2493,EQ,NSE,True,True,True,True,132.6999969482422,1291702.2068965517,True,True,,,,0,0,0,0,True,132.6999969482422,False,0,,,
ORISSAMINE,The Orissa Minerals Development Company Limited,19931,EQ,NSE,True,True,True,True,4307.7998046875,13021.241379310344,True,True,,,,0,0,0,0,True,4307.7998046875,False,0,,,
ORKLAINDIA,Orkla India Limited,759569,EQ,NSE,True,True,True,True,579.4000244140625,55181.53571428572,True,True,,,,0,0,0,0,True,579.4000244140625,False,0,,,
OSWALPUMPS,Oswal Pumps Limited,756802,EQ,NSE,True,True,True,True,325.70001220703125,675593.8965517242,True,True,,,,0,0,0,0,True,325.70001220703125,False,0,,,
PAGEIND,Page Industries Limited,14413,EQ,NSE,True,True,True,True,39750.0,34128.51724137931,True,True,,,,0,0,0,0,True,39750.0,False,0,,,
PANSARI,Pansari Developers Limited,6141,EQ,NSE,True,True,True,True,335.95001220703125,51140.142857142855,True,True,,,,0,0,0,0,True,335.95001220703125,False,0,,,
PARADEEP,Paradeep Phosphates Limited,9741,EQ,NSE,True,True,True,True,144.94000244140625,10265934.266666668,True,True,,,,0,0,0,0,True,144.94000244140625,False,0,,,
PARAGMILK,Parag Milk Foods Limited,17130,EQ,NSE,True,True,True,True,233.1600036621093,379615.4482758621,True,True,,,,0,0,0,0,True,233.1600036621093,False,0,,,
PARKHOSPS,Park Medi World Limited,760351,EQ,NSE,True,True,True,True,283.95001220703125,930326.6,True,True,,,,0,0,0,0,True,283.95001220703125,False,0,,,
PARKHOTELS,Apeejay Surrendra Park Hotels Limited,22649,EQ,NSE,True,True,True,True,123.6999969482422,166749.58620689655,True,True,,,,0,0,0,0,True,123.6999969482422,False,0,,,
PATELRMART,Patel Retail Limited,759439,EQ,NSE,True,True,True,True,225.47000122070312,250698.6071428572,True,True,,,,0,0,0,0,True,225.47000122070312,False,0,,,
PAUSHAKLTD,Paushak Limited,759969,EQ,NSE,True,True,True,True,735.2000122070312,77735.89285714286,True,True,,,,0,0,0,0,True,735.2000122070312,False,0,,,
PAYTM,One 97 Communications Limited,6705,EQ,NSE,True,True,True,True,1400.0,3668242.7666666666,True,True,,,,0,0,0,0,True,1400.0,False,0,,,
PCBL,PCBL Chemical Limited,2649,EQ,NSE,True,True,True,True,322.54998779296875,2836494.033333333,True,True,,,,0,0,0,0,True,322.54998779296875,False,0,,,
PERSISTENT,Persistent Systems Limited,18365,EQ,NSE,True,True,True,True,5499.0,963878.551724138,True,True,,,,0,0,0,0,True,5499.0,False,0,,,
PETRONET,Petronet LNG Limited,11351,EQ,NSE,True,True,True,True,285.0,2028377.566666667,True,True,,,,0,0,0,0,True,285.0,False,0,,,
PFIZER,Pfizer Limited,2643,EQ,NSE,True,True,True,True,4862.10009765625,31730.172413793105,True,True,,,,0,0,0,0,True,4862.10009765625,False,0,,,
PFOCUS,Prime Focus Limited,13496,EQ,NSE,True,True,True,True,302.79998779296875,696243.0714285715,True,True,,,,0,0,0,0,True,302.79998779296875,False,0,,,
PGEL,PG Electroplast Limited,25358,EQ,NSE,True,True,True,True,612.0,1893906.7666666664,True,True,,,,0,0,0,0,True,612.0,False,0,,,
PGHH,Procter & Gamble Hygiene and Health Care Limited,2535,EQ,NSE,True,True,True,True,8639.5,19648.379310344822,True,True,,,,0,0,0,0,True,8639.5,False,0,,,
PGHL,Procter & Gamble Health Limited,940,EQ,NSE,True,True,True,True,6482.5,17435.137931034482,True,True,,,,0,0,0,0,True,6482.5,False,0,,,
PGIL,Pearl Global Industries Limited,14260,EQ,NSE,True,True,True,True,2122.39990234375,176206.2068965517,True,True,,,,0,0,0,0,True,2122.39990234375,False,0,,,
PHOENIXLTD,The Phoenix Mills Limited,14552,EQ,NSE,True,True,True,True,1932.300048828125,871223.3793103448,True,True,,,,0,0,0,0,True,1932.300048828125,False,0,,,
PICCADIL,Piccadily Agro Industries Limited,757754,EQ,NSE,True,True,True,True,784.5,299864.75,True,True,,,,0,0,0,0,True,784.5,False,0,,,
PIDILITIND,Pidilite Industries Limited,2664,EQ,NSE,True,True,True,True,1620.0,1018613.9655172414,True,True,,,,0,0,0,0,True,1620.0,False,0,,,
PIGL,Power & Instrumentation (Gujarat) Limited,15716,EQ,NSE,True,True,True,True,110.62000274658205,80185.14285714286,True,True,,,,0,0,0,0,True,110.62000274658205,False,0,,,
PIIND,PI Industries Limited,24184,EQ,NSE,True,True,True,True,2785.5,225554.2068965517,True,True,,,,0,0,0,0,True,2785.5,False,0,,,
PITTIENG,Pitti Engineering Limited,14134,EQ,NSE,True,True,True,True,939.75,36040.21428571428,True,True,,,,0,0,0,0,True,939.75,False,0,,,
PIXTRANS,Pix Transmissions Limited,9087,EQ,NSE,True,True,True,True,1687.300048828125,174488.92857142858,True,True,,,,0,0,0,0,True,1687.300048828125,False,0,,,
PLASTIBLEN,Plastiblends India Limited,13920,EQ,NSE,True,True,True,True,188.44000244140625,132370.5357142857,True,True,,,,0,0,0,0,True,188.44000244140625,False,0,,,
PLATIND,Platinum Industries Limited,22930,EQ,NSE,True,True,True,True,227.02999877929688,105269.46666666666,True,True,,,,0,0,0,0,True,227.02999877929688,False,0,,,
PNCINFRA,PNC Infratech Limited,9385,EQ,NSE,True,True,True,True,251.0599975585937,449180.3103448276,True,True,,,,0,0,0,0,True,251.0599975585937,False,0,,,
PNGJL,P N Gadgil Jewellers Limited,25312,EQ,NSE,True,True,True,True,654.1500244140625,670275.5862068966,True,True,,,,0,0,0,0,True,654.1500244140625,False,0,,,
PNGSREVA,PNGS Reva Diamond Jewellery Limited,760242,EQ,NSE,True,True,True,True,510.9500122070313,433620.0344827586,True,True,,,,0,0,0,0,True,510.9500122070313,False,0,,,
POCL,Pondy Oxides & Chemicals Limited,14385,EQ,NSE,True,True,True,True,531.2000122070312,716471.551724138,True,True,,,,0,0,0,0,True,531.2000122070312,False,0,,,
POKARNA,Pokarna Limited,17651,EQ,NSE,True,True,True,True,930.9000244140624,69602.42857142857,True,True,,,,0,0,0,0,True,930.9000244140624,False,0,,,
POLYCAB,Polycab India Limited,9590,EQ,NSE,True,True,True,True,9176.0,380870.5517241379,True,True,,,,0,0,0,0,True,9176.0,False,0,,,
POLYMED,Poly Medicure Limited,25718,EQ,NSE,True,True,True,True,1724.5,97428.53571428572,True,True,,,,0,0,0,0,True,1724.5,False,0,,,
POLYPLEX,Polyplex Corporation Limited,2687,EQ,NSE,True,True,True,True,1116.5999755859375,129666.96428571428,True,True,,,,0,0,0,0,True,1116.5999755859375,False,0,,,
PONNIERODE,Ponni Sugars (Erode) Limited,10661,EQ,NSE,True,True,True,True,327.6000061035156,15267.107142857143,True,True,,,,0,0,0,0,True,327.6000061035156,False,0,,,
POWERGRID,Power Grid Corporation of India Limited,14977,EQ,NSE,True,True,True,True,283.3999938964844,8771514.766666668,True,True,,,,0,0,0,0,True,283.3999938964844,False,0,,,
POWERMECH,Power Mech Projects Limited,10473,EQ,NSE,True,True,True,True,2615.800048828125,59255.46428571428,True,True,,,,0,0,0,0,True,2615.800048828125,False,0,,,
PPLPHARMA,Piramal Pharma Limited,11571,EQ,NSE,True,True,True,True,202.5,8448627.5,True,True,,,,0,0,0,0,True,202.5,False,0,,,
PRABHA,Prabha Energy Limited,30134,EQ,NSE,True,True,True,True,155.1300048828125,28074.321428571428,True,True,,,,0,0,0,0,True,155.1300048828125,False,0,,,
PRAJIND,Praj Industries Limited,2705,EQ,NSE,True,True,True,True,318.75,716023.4,True,True,,,,0,0,0,0,True,318.75,False,0,,,
PRAKASH,Prakash Industries Limited,2708,EQ,NSE,True,True,True,True,125.23999786376952,354867.8214285714,True,True,,,,0,0,0,0,True,125.23999786376952,False,0,,,
PRAVEG,Praveg Limited,762844,EQ,NSE,True,True,True,True,287.25,148614.58620689655,True,True,,,,0,0,0,0,True,287.25,False,0,,,
PRECAM,Precision Camshafts Limited,12603,EQ,NSE,True,True,True,True,142.94000244140625,140384.35714285713,True,True,,,,0,0,0,0,True,142.94000244140625,False,0,,,
PRECWIRE,Precision Wires India Limited,2717,EQ,NSE,True,True,True,True,381.2000122070313,243487.1785714285,True,True,,,,0,0,0,0,True,381.2000122070313,False,0,,,
PREMEXPLN,Premier Explosives Limited,17397,EQ,NSE,True,True,True,True,661.0999755859375,755133.0,True,True,,,,0,0,0,0,True,661.0999755859375,False,0,,,
PREMIERENE,Premier Energies Limited,25049,EQ,NSE,True,True,True,True,1036.300048828125,1147060.7241379311,True,True,,,,0,0,0,0,True,1036.300048828125,False,0,,,
PRICOLLTD,Pricol Limited,19631,EQ,NSE,True,True,True,True,766.75,667289.448275862,True,True,,,,0,0,0,0,True,766.75,False,0,,,
PRIMESECU,Prime Securities Limited,11864,EQ,NSE,True,True,True,True,283.25,29446.14285714286,True,True,,,,0,0,0,0,True,283.25,False,0,,,
PRINCEPIPE,Prince Pipes And Fittings Limited,16045,EQ,NSE,True,True,True,True,276.1000061035156,224099.551724138,True,True,,,,0,0,0,0,True,276.1000061035156,False,0,,,
PRIVISCL,Privi Speciality Chemicals Limited,8825,EQ,NSE,True,True,True,True,3660.5,68577.03571428571,True,True,,,,0,0,0,0,True,3660.5,False,0,,,
PROSTARM,Prostarm Info Systems Limited,758173,EQ,NSE,True,True,True,True,133.5800018310547,177251.3,True,True,,,,0,0,0,0,True,133.5800018310547,False,0,,,
PROTEAN,Protean eGov Technologies Limited,29472,EQ,NSE,True,True,True,True,621.5499877929688,258657.53333333333,True,True,,,,0,0,0,0,True,621.5499877929688,False,0,,,
PRSMJOHNSN,Prism Johnson Limited,2739,EQ,NSE,True,True,True,True,108.83999633789062,127097.93103448275,True,True,,,,0,0,0,0,True,108.83999633789062,False,0,,,
PRUDENT,Prudent Corporate Advisory Services Limited,9553,EQ,NSE,True,True,True,True,3300.60009765625,31475.214285714286,True,True,,,,0,0,0,0,True,3300.60009765625,False,0,,,
PSPPROJECT,PSP Projects Limited,20877,EQ,NSE,True,True,True,True,934.7000122070312,155298.5,True,True,,,,0,0,0,0,True,934.7000122070312,False,0,,,
PTCIL,PTC Industries Limited,16682,EQ,NSE,True,True,True,True,18099.0,12760.0,True,True,,,,0,0,0,0,True,18099.0,False,0,,,
PUNJABCHEM,Punjab Chemicals & Crop Protection Limited,4344,EQ,NSE,True,True,True,True,1111.4000244140625,25272.964285714286,True,True,,,,0,0,0,0,True,1111.4000244140625,False,0,,,
PURVA,Puravankara Limited,14922,EQ,NSE,True,True,True,True,208.47000122070312,701719.3793103448,True,True,,,,0,0,0,0,True,208.47000122070312,False,0,,,
PVRINOX,PVR INOX Limited,13147,EQ,NSE,True,True,True,True,1188.0999755859375,412010.2413793103,True,True,,,,0,0,0,0,True,1188.0999755859375,False,0,,,
PVSL,Popular Vehicles and Services Limited,23142,EQ,NSE,True,True,True,True,109.06999969482422,64692.82142857143,True,True,,,,0,0,0,0,True,109.06999969482422,False,0,,,
PWL,Physicswallah Limited,759723,EQ,NSE,True,True,True,True,126.12999725341795,11947385.92857143,True,True,,,,0,0,0,0,True,126.12999725341795,False,0,,,
PYRAMID,Pyramid Technoplast Limited,18250,EQ,NSE,True,True,True,True,183.8999938964844,227868.3448275862,True,True,,,,0,0,0,0,True,183.8999938964844,False,0,,,
QMSMEDI,QMS Medical Allied Services Limited,751607,EQ,NSE,True,True,True,True,114.9000015258789,17456.678571428572,True,True,,,,0,0,0,0,True,114.9000015258789,False,0,,,
QUADFUTURE,Quadrant Future Tek Limited,29087,EQ,NSE,True,True,True,True,353.1000061035156,456318.9642857143,True,True,,,,0,0,0,0,True,353.1000061035156,False,0,,,
QUESS,Quess Corp Limited,17704,EQ,NSE,True,True,True,True,323.04998779296875,1198152.1379310344,True,True,,,,0,0,0,0,True,323.04998779296875,False,0,,,
RACLGEAR,RACL Geartech Limited,27171,EQ,NSE,True,True,True,True,1353.800048828125,30715.10714285714,True,True,,,,0,0,0,0,True,1353.800048828125,False,0,,,
RADICO,Radico Khaitan Limited,10990,EQ,NSE,True,True,True,True,4450.0,447809.5172413793,True,True,,,,0,0,0,0,True,4450.0,False,0,,,
RAILTEL,Railtel Corporation Of India Limited,2431,EQ,NSE,True,True,True,True,289.95001220703125,619078.1724137932,True,True,,,,0,0,0,0,True,289.95001220703125,False,0,,,
RAIN,Rain Industries Limited,15337,EQ,NSE,True,True,True,True,238.07000732421875,4645093.166666667,True,True,,,,0,0,0,0,True,238.07000732421875,False,0,,,
RAINBOW,Rainbow Childrens Medicare Limited,9408,EQ,NSE,True,True,True,True,1579.0,82518.64285714286,True,True,,,,0,0,0,0,True,1579.0,False,0,,,
RAJRATAN,Rajratan Global Wire Limited,18962,EQ,NSE,True,True,True,True,540.0499877929688,270008.3333333333,True,True,,,,0,0,0,0,True,540.0499877929688,False,0,,,
RALLIS,Rallis India Limited,2816,EQ,NSE,True,True,True,True,217.6000061035156,1232922.9285714286,True,True,,,,0,0,0,0,True,217.6000061035156,False,0,,,
RAMAPHO,Rama Phosphates Limited,10568,EQ,NSE,True,True,True,True,126.2300033569336,29830.53571428572,True,True,,,,0,0,0,0,True,126.2300033569336,False,0,,,
RAMBHAJO,Advit Jewels Limited,762227,EQ,NSE,True,True,True,True,185.8099975585937,808712.5652173914,True,True,,,,0,0,0,0,True,185.8099975585937,False,0,,,
RAMCOCEM,The Ramco Cements Limited,2043,EQ,NSE,True,True,True,True,945.9000244140624,199980.1785714285,True,True,,,,0,0,0,0,True,945.9000244140624,False,0,,,
RAMCOIND,Ramco Industries Limited,4587,EQ,NSE,True,True,True,True,327.95001220703125,1329781.3793103448,True,True,,,,0,0,0,0,True,327.95001220703125,False,0,,,
RAMCOSYS,Ramco Systems Limited,7851,EQ,NSE,True,True,True,True,592.0999755859375,4110075.6896551726,True,True,,,,0,0,0,0,True,592.0999755859375,False,0,,,
RAMKY,Ramky Infrastructure Limited,20134,EQ,NSE,True,True,True,True,389.6000061035156,50315.892857142855,True,True,,,,0,0,0,0,True,389.6000061035156,False,0,,,
RANEHOLDIN,Rane Holdings Limited,2844,EQ,NSE,True,True,True,True,1864.5999755859373,18985.93103448276,True,True,,,,0,0,0,0,True,1864.5999755859373,False,0,,,
RATEGAIN,Rategain Travel Technologies Limited,7177,EQ,NSE,True,True,True,True,970.7000122070312,394625.5,True,True,,,,0,0,0,0,True,970.7000122070312,False,0,,,
RATNAMANI,Ratnamani Metals & Tubes Limited,13451,EQ,NSE,True,True,True,True,2374.300048828125,33676.48275862069,True,True,,,,0,0,0,0,True,2374.300048828125,False,0,,,
RATNAVEER,Ratnaveer Precision Engineering Limited,18423,EQ,NSE,True,True,True,True,209.3300018310547,6213247.0,True,True,,,,0,0,0,0,True,209.3300018310547,False,0,,,
RAYMOND,Raymond Limited,2859,EQ,NSE,True,True,True,True,605.0999755859375,508785.1666666667,True,True,,,,0,0,0,0,True,605.0999755859375,False,0,,,
RAYMONDLSL,Raymond Lifestyle Limited,25073,EQ,NSE,True,True,True,True,743.7999877929688,119983.31034482758,True,True,,,,0,0,0,0,True,743.7999877929688,False,0,,,
RAYMONDREL,Raymond Realty Limited,758551,EQ,NSE,True,True,True,True,672.7000122070312,697689.3666666667,True,True,,,,0,0,0,0,True,672.7000122070312,False,0,,,
RBZJEWEL,RBZ Jewellers Limited,20874,EQ,NSE,True,True,True,True,151.0800018310547,153587.25,True,True,,,,0,0,0,0,True,151.0800018310547,False,0,,,
REDINGTON,Redington Limited,14255,EQ,NSE,True,True,True,True,349.6000061035156,7876359.866666666,True,True,,,,0,0,0,0,True,349.6000061035156,False,0,,,
RELAXO,Relaxo Footwears Limited,24225,EQ,NSE,True,True,True,True,406.6000061035156,3471767.75,True,True,,,,0,0,0,0,True,406.6000061035156,False,0,,,
RELIABLE,Reliable Data Services Limited,24378,EQ,NSE,True,True,True,True,142.44000244140625,20708.14285714286,True,True,,,,0,0,0,0,True,142.44000244140625,False,0,,,
RELIANCE,Reliance Industries Limited,2885,EQ,NSE,True,True,True,True,1290.9000244140625,11413324.766666668,True,True,,,,0,0,0,0,True,1290.9000244140625,False,0,,,
RELTD,Ravindra Energy Limited,24596,EQ,NSE,True,True,True,True,168.55999755859375,648948.7142857143,True,True,,,,0,0,0,0,True,168.55999755859375,False,0,,,
RESPONIND,Responsive Industries Limited,20323,EQ,NSE,True,True,True,True,176.49000549316406,1897878.6551724137,True,True,,,,0,0,0,0,True,176.49000549316406,False,0,,,
RHL,Robust Hotels Limited,15157,EQ,NSE,True,True,True,True,175.63999938964844,14792.07142857143,True,True,,,,0,0,0,0,True,175.63999938964844,False,0,,,
RICOAUTO,Rico Auto Industries Limited,2909,EQ,NSE,True,True,True,True,145.75,1972909.8620689656,True,True,,,,0,0,0,0,True,145.75,False,0,,,
RIIL,Reliance Industrial Infrastructure Limited,2912,EQ,NSE,True,True,True,True,745.0,76722.75862068965,True,True,,,,0,0,0,0,True,745.0,False,0,,,
RIR,RIR Power Electronics Limited,764121,EQ,NSE,True,True,True,True,159.25999450683594,92986.41666666669,True,True,,,,0,0,0,0,True,159.25999450683594,False,0,,,
RISHABH,Rishabh Instruments Limited,18417,EQ,NSE,True,True,True,True,653.0,262111.9285714285,True,True,,,,0,0,0,0,True,653.0,False,0,,,
RITCO,Ritco Logistics Limited,8944,EQ,NSE,True,True,True,True,310.6000061035156,135561.17857142858,True,True,,,,0,0,0,0,True,310.6000061035156,False,0,,,
RKFORGE,Ramkrishna Forgings Limited,11411,EQ,NSE,True,True,True,True,688.7000122070312,1903731.933333333,True,True,,,,0,0,0,0,True,688.7000122070312,False,0,,,
RMC,RMC Switchgears Limited,762346,EQ,NSE,True,True,True,True,331.04998779296875,55007.0,True,True,,,,0,0,0,0,True,331.04998779296875,False,0,,,
RML,Rane (Madras) Limited,11975,EQ,NSE,True,True,True,True,1173.5999755859375,57790.206896551725,True,True,,,,0,0,0,0,True,1173.5999755859375,False,0,,,
ROHLTD,Royal Orchid Hotels Limited,13182,EQ,NSE,True,True,True,True,313.54998779296875,21767.321428571428,True,True,,,,0,0,0,0,True,313.54998779296875,False,0,,,
ROLEXRINGS,Rolex Rings Limited,5279,EQ,NSE,True,True,True,True,141.33999633789062,1426353.4,True,True,,,,0,0,0,0,True,141.33999633789062,False,0,,,
ROSSARI,Rossari Biotech Limited,19410,EQ,NSE,True,True,True,True,512.9000244140625,78319.75,True,True,,,,0,0,0,0,True,512.9000244140625,False,0,,,
ROUTE,ROUTE MOBILE LIMITED,128,EQ,NSE,True,True,True,True,532.5999755859375,1525046.3793103448,True,True,,,,0,0,0,0,True,532.5999755859375,False,0,,,
RPEL,Raghav Productivity Enhancers Limited,24735,EQ,NSE,True,True,True,True,1276.5,69627.71428571429,True,True,,,,0,0,0,0,True,1276.5,False,0,,,
RPSGVENT,RPSG VENTURES LIMITED,8119,EQ,NSE,True,True,True,True,959.8499755859376,28648.75,True,True,,,,0,0,0,0,True,959.8499755859376,False,0,,,
RRKABEL,R R Kabel Limited,18566,EQ,NSE,True,True,True,True,2641.10009765625,723408.7586206896,True,True,,,,0,0,0,0,True,2641.10009765625,False,0,,,
RSL,Rajputana Stainless Limited,761439,EQ,NSE,True,True,True,True,142.11000061035156,320835.6896551724,True,True,,,,0,0,0,0,True,142.11000061035156,False,0,,,
RSYSTEMS,R Systems International Limited,13414,EQ,NSE,True,True,True,True,271.6000061035156,710270.3793103448,True,True,,,,0,0,0,0,True,271.6000061035156,False,0,,,
RUBICON,Rubicon Research Limited,759316,EQ,NSE,True,True,True,True,1516.4000244140625,271070.21428571426,True,True,,,,0,0,0,0,True,1516.4000244140625,False,0,,,
RUCHIRA,Ruchira Papers Limited,13821,EQ,NSE,True,True,True,True,108.87000274658205,40334.46428571428,True,True,,,,0,0,0,0,True,108.87000274658205,False,0,,,
RUPA,Rupa & Company Limited,25724,EQ,NSE,True,True,True,True,162.8800048828125,271423.5,True,True,,,,0,0,0,0,True,162.8800048828125,False,0,,,
RUSTOMJEE,Keystone Realtors Limited,12219,EQ,NSE,True,True,True,True,411.7999877929688,550042.6206896552,True,True,,,,0,0,0,0,True,411.7999877929688,False,0,,,
SAATVIKGL,Saatvik Green Energy Limited,759057,EQ,NSE,True,True,True,True,426.2999877929688,144454.3448275862,True,True,,,,0,0,0,0,True,426.2999877929688,False,0,,,
SAFARI,Safari Industries (India) Limited,13035,EQ,NSE,True,True,True,True,1512.9000244140625,41483.07142857143,True,True,,,,0,0,0,0,True,1512.9000244140625,False,0,,,
SAGCEM,Sagar Cements Limited,14068,EQ,NSE,True,True,True,True,172.94000244140625,57581.32142857143,True,True,,,,0,0,0,0,True,172.94000244140625,False,0,,,
SAIL,Steel Authority of India Limited,2963,EQ,NSE,True,True,True,True,173.5500030517578,15357229.933333334,True,True,,,,0,0,0,0,True,173.5500030517578,False,0,,,
SAILIFE,Sai Life Sciences Limited,27839,EQ,NSE,True,True,True,True,1366.4000244140625,392150.2413793103,True,True,,,,0,0,0,0,True,1366.4000244140625,False,0,,,
SAIPARENT,Sai Parenterals Limited,761675,EQ,NSE,True,True,True,True,531.7000122070312,263566.0,True,True,,,,0,0,0,0,True,531.7000122070312,False,0,,,
SAKAR,Sakar Healthcare Limited,9539,EQ,NSE,True,True,True,True,916.0499877929688,168543.75862068965,True,True,,,,0,0,0,0,True,916.0499877929688,False,0,,,
SAKSOFT,Saksoft Limited,11794,EQ,NSE,True,True,True,True,177.83999633789062,12711161.933333334,True,True,,,,0,0,0,0,True,177.83999633789062,False,0,,,
SALZERELEC,Salzer Electronics Limited,11399,EQ,NSE,True,True,True,True,612.0999755859375,35116.78571428572,True,True,,,,0,0,0,0,True,612.0999755859375,False,0,,,
SAMBHV,Sambhv Steel Tubes Limited,757767,EQ,NSE,True,True,True,True,124.7300033569336,1638631.448275862,True,True,,,,0,0,0,0,True,124.7300033569336,False,0,,,
SAMHI,Samhi Hotels Limited,18614,EQ,NSE,True,True,True,True,171.75,881425.8571428572,True,True,,,,0,0,0,0,True,171.75,False,0,,,
SANATHAN,Sanathan Textiles Limited,28805,EQ,NSE,True,True,True,True,477.9500122070313,38799.892857142855,True,True,,,,0,0,0,0,True,477.9500122070313,False,0,,,
SANDHAR,Sandhar Technologies Limited,2397,EQ,NSE,True,True,True,True,645.3499755859375,290916.23333333334,True,True,,,,0,0,0,0,True,645.3499755859375,False,0,,,
SANDUMA,Sandur Manganese & Iron Ores Limited,18359,EQ,NSE,True,True,True,True,210.97999572753903,798596.5,True,True,,,,0,0,0,0,True,210.97999572753903,False,0,,,
SANGAMIND,Sangam (India) Limited,4184,EQ,NSE,True,True,True,True,613.2999877929688,223048.32142857145,True,True,,,,0,0,0,0,True,613.2999877929688,False,0,,,
SANGHVIMOV,Sanghvi Movers Limited,14058,EQ,NSE,True,True,True,True,438.5499877929688,396362.1379310345,True,True,,,,0,0,0,0,True,438.5499877929688,False,0,,,
SANOFI,Sanofi India Limited,1442,EQ,NSE,True,True,True,True,3394.300048828125,26044.72413793104,True,True,,,,0,0,0,0,True,3394.300048828125,False,0,,,
SANOFICONR,Sanofi Consumer Healthcare India Limited,25222,EQ,NSE,True,True,True,True,4529.2001953125,12938.035714285714,True,True,,,,0,0,0,0,True,4529.2001953125,False,0,,,
SANSTAR,Sanstar Limited,24582,EQ,NSE,True,True,True,True,116.73999786376952,1284320.4137931035,True,True,,,,0,0,0,0,True,116.73999786376952,False,0,,,
SAPPHIRE,Sapphire Foods India Limited,6718,EQ,NSE,True,True,True,True,192.3000030517578,1047544.0344827586,True,True,,,,0,0,0,0,True,192.3000030517578,False,0,,,
SARDAEN,Sarda Energy & Minerals Limited,17758,EQ,NSE,True,True,True,True,509.3999938964844,261484.2068965517,True,True,,,,0,0,0,0,True,509.3999938964844,False,0,,,
SAREGAMA,Saregama India Limited,4892,EQ,NSE,True,True,True,True,542.5499877929688,835022.1379310344,True,True,,,,0,0,0,0,True,542.5499877929688,False,0,,,
SASKEN,Sasken Technologies Limited,11983,EQ,NSE,True,True,True,True,1997.4000244140625,35973.92857142857,True,True,,,,0,0,0,0,True,1997.4000244140625,False,0,,,
SBIFUNDS,SBI Funds Management Limited,764173,EQ,NSE,True,True,True,True,569.7000122070312,13283975.181818182,True,True,,,,0,0,0,0,True,569.7000122070312,False,0,,,
SCHAND,S Chand And Company Limited,20698,EQ,NSE,True,True,True,True,144.30999755859375,22391.39285714286,True,True,,,,0,0,0,0,True,144.30999755859375,False,0,,,
SCI,Shipping Corporation Of India Limited,3048,EQ,NSE,True,True,True,True,300.8999938964844,2613163.7333333334,True,True,,,,0,0,0,0,True,300.8999938964844,False,0,,,
SCODATUBES,Scoda Tubes Limited,757478,EQ,NSE,True,True,True,True,150.66000366210938,188313.64285714287,True,True,,,,0,0,0,0,True,150.66000366210938,False,0,,,
SCPL,Sheetal Cool Products Limited,12072,EQ,NSE,True,True,True,True,632.1500244140625,70270.39285714286,True,True,,,,0,0,0,0,True,632.1500244140625,False,0,,,
SEAMECLTD,Seamec Limited,2616,EQ,NSE,True,True,True,True,1480.5,42895.607142857145,True,True,,,,0,0,0,0,True,1480.5,False,0,,,
SEDEMAC,SEDEMAC Mechatronics Limited,761153,EQ,NSE,True,True,True,True,2795.89990234375,133765.63333333333,True,True,,,,0,0,0,0,True,2795.89990234375,False,0,,,
SEIL,Shanti Educational Initiatives Limited,762889,EQ,NSE,True,True,True,True,203.0,534697.7586206896,True,True,,,,0,0,0,0,True,203.0,False,0,,,
SENCO,Senco Gold Limited,17271,EQ,NSE,True,True,True,True,387.8999938964844,2430022.6333333333,True,True,,,,0,0,0,0,True,387.8999938964844,False,0,,,
SENORES,Senores Pharmaceuticals Limited,28888,EQ,NSE,True,True,True,True,1360.5,301024.8620689655,True,True,,,,0,0,0,0,True,1360.5,False,0,,,
SESHAPAPER,Seshasayee Paper and Boards Limited,3066,EQ,NSE,True,True,True,True,227.9900054931641,221228.32142857145,True,True,,,,0,0,0,0,True,227.9900054931641,False,0,,,
SETL,Standard Engineering Technology Limited,29075,EQ,NSE,True,True,True,True,275.3999938964844,1491667.1379310344,True,True,,,,0,0,0,0,True,275.3999938964844,False,0,,,
SFL,Sheela Foam Limited,19184,EQ,NSE,True,True,True,True,768.0499877929688,225177.5357142857,True,True,,,,0,0,0,0,True,768.0499877929688,False,0,,,
SGMART,SG Mart Limited,758889,EQ,NSE,True,True,True,True,718.7999877929688,878863.1428571428,True,True,,,,0,0,0,0,True,718.7999877929688,False,0,,,
SHADOWFAX,Shadowfax Technologies Limited,761469,EQ,NSE,True,True,True,True,248.1499938964844,11747704.866666667,True,True,,,,0,0,0,0,True,248.1499938964844,False,0,,,
SHAILY,Shaily Engineering Plastics Limited,8727,EQ,NSE,True,True,True,True,3075.699951171875,202644.2068965517,True,True,,,,0,0,0,0,True,3075.699951171875,False,0,,,
SHAKTIPUMP,Shakti Pumps (India) Limited,25574,EQ,NSE,True,True,True,True,519.4000244140625,1467884.0,True,True,,,,0,0,0,0,True,519.4000244140625,False,0,,,
SHALBY,Shalby Limited,714,EQ,NSE,True,True,True,True,165.0399932861328,61375.42857142857,True,True,,,,0,0,0,0,True,165.0399932861328,False,0,,,
SHANKARA,Shankara Building Products Limited,20321,EQ,NSE,True,True,True,True,144.74000549316406,225076.57142857145,True,True,,,,0,0,0,0,True,144.74000549316406,False,0,,,
SHANTIGOLD,Shanti Gold International Limited,758002,EQ,NSE,True,True,True,True,218.0500030517578,1155398.9310344828,True,True,,,,0,0,0,0,True,218.0500030517578,False,0,,,
SHARDACROP,Sharda Cropchem Limited,4992,EQ,NSE,True,True,True,True,840.6500244140625,176617.24137931035,True,True,,,,0,0,0,0,True,840.6500244140625,False,0,,,
SHARDAMOTR,Sharda Motor Industries Limited,10530,EQ,NSE,True,True,True,True,887.9500122070312,50674.642857142855,True,True,,,,0,0,0,0,True,887.9500122070312,False,0,,,
SHAREINDIA,Share India Securities Limited,104,EQ,NSE,True,True,True,True,176.0800018310547,6557720.285714285,True,True,,,,0,0,0,0,True,176.0800018310547,False,0,,,
SHILCTECH,Shilchar Technologies Limited,759847,EQ,NSE,True,True,True,True,4663.7001953125,18687.03448275862,True,True,,,,0,0,0,0,True,4663.7001953125,False,0,,,
SHILPAMED,Shilpa Medicare Limited,17752,EQ,NSE,True,True,True,True,644.6500244140625,826414.5,True,True,,,,0,0,0,0,True,644.6500244140625,False,0,,,
SHINDL,Sharat Industries Limited,762904,EQ,NSE,True,True,True,True,159.74000549316406,132311.2068965517,True,True,,,,0,0,0,0,True,159.74000549316406,False,0,,,
SHIVAUM,Shiv Aum Steels Limited,759747,EQ,NSE,True,True,True,True,419.75,27396.39285714286,True,True,,,,0,0,0,0,True,419.75,False,0,,,
SHK,S H Kelkar and Company Limited,11212,EQ,NSE,True,True,True,True,165.77000427246094,1259709.3793103448,True,True,,,,0,0,0,0,True,165.77000427246094,False,0,,,
SHOPERSTOP,Shoppers Stop Limited,11813,EQ,NSE,True,True,True,True,406.8500061035156,275412.89285714284,True,True,,,,0,0,0,0,True,406.8500061035156,False,0,,,
SHREECEM,SHREE CEMENT LIMITED,3103,EQ,NSE,True,True,True,True,26900.0,20289.14285714286,True,True,,,,0,0,0,0,True,26900.0,False,0,,,
SHREEJISPG,Shreeji Shipping Global Limited,759448,EQ,NSE,True,True,True,True,660.5499877929688,926401.75,True,True,,,,0,0,0,0,True,660.5499877929688,False,0,,,
SHREEPUSHK,Shree Pushkar Chemicals & Fertilisers Limited,10588,EQ,NSE,True,True,True,True,421.9500122070313,51859.357142857145,True,True,,,,0,0,0,0,True,421.9500122070313,False,0,,,
SHRINGARMS,Shringar House of Mangalsutra Limited,759093,EQ,NSE,True,True,True,True,232.27999877929688,811911.3571428572,True,True,,,,0,0,0,0,True,232.27999877929688,False,0,,,
SHRIPISTON,SPR Auto Technologies Limited,17186,EQ,NSE,True,True,True,True,4402.7001953125,59251.24137931035,True,True,,,,0,0,0,0,True,4402.7001953125,False,0,,,
SHYAMMETL,Shyam Metalics and Energy Limited,4693,EQ,NSE,True,True,True,True,1019.7999877929688,525670.8620689656,True,True,,,,0,0,0,0,True,1019.7999877929688,False,0,,,
SIEMENS,Siemens Limited,3150,EQ,NSE,True,True,True,True,4000.5,366810.0689655172,True,True,,,,0,0,0,0,True,4000.5,False,0,,,
SIGNATURE,Signatureglobal (India) Limited,18743,EQ,NSE,True,True,True,True,818.3499755859375,620261.5,True,True,,,,0,0,0,0,True,818.3499755859375,False,0,,,
SIKA,Sika Interplant Systems Limited,762914,EQ,NSE,True,True,True,True,1113.199951171875,148326.3103448276,True,True,,,,0,0,0,0,True,1113.199951171875,False,0,,,
SILVERTUC,Silver Touch Technologies Limited,9422,EQ,NSE,True,True,True,True,193.5399932861328,526253.5333333333,True,True,,,,0,0,0,0,True,193.5399932861328,False,0,,,
SIMPLEXINF,Simplex Infrastructures Limited,3162,EQ,NSE,True,True,True,True,233.1600036621093,75804.21428571429,True,True,,,,0,0,0,0,True,233.1600036621093,False,0,,,
SIRCA,Sirca Paints India Limited,11050,EQ,NSE,True,True,True,True,437.0,303512.6071428572,True,True,,,,0,0,0,0,True,437.0,False,0,,,
SIS,SIS LIMITED,21501,EQ,NSE,True,True,True,True,430.0499877929688,468531.53571428574,True,True,,,,0,0,0,0,True,430.0499877929688,False,0,,,
SIYSIL,Siyaram Silk Mills Limited,14096,EQ,NSE,True,True,True,True,622.9000244140625,57261.07142857143,True,True,,,,0,0,0,0,True,622.9000244140625,False,0,,,
SKFINDIA,SKF India Limited,3186,EQ,NSE,True,True,True,True,1493.300048828125,41411.24137931035,True,True,,,,0,0,0,0,True,1493.300048828125,False,0,,,
SKFINDUS,SKF India (Industrial) Limited,760101,EQ,NSE,True,True,True,True,2771.89990234375,45061.03571428572,True,True,,,,0,0,0,0,True,2771.89990234375,False,0,,,
SKIPPER,Skipper Limited,9428,EQ,NSE,True,True,True,True,546.3499755859375,586694.5172413794,True,True,,,,0,0,0,0,True,546.3499755859375,False,0,,,
SKMEGGPROD,SKM Egg Products Export (India) Limited,4732,EQ,NSE,True,True,True,True,240.13999938964844,1158172.4666666666,True,True,,,,0,0,0,0,True,240.13999938964844,False,0,,,
SKYGOLD,SKY GOLD AND DIAMONDS LIMITED,13631,EQ,NSE,True,True,True,True,675.5,1188086.2666666666,True,True,,,,0,0,0,0,True,675.5,False,0,,,
SMARTWORKS,Smartworks Coworking Spaces Limited,757965,EQ,NSE,True,True,True,True,476.6499938964844,156005.39285714287,True,True,,,,0,0,0,0,True,476.6499938964844,False,0,,,
SMLMAH,SML Mahindra Limited,3387,EQ,NSE,True,True,True,True,5425.0,199739.4333333333,True,True,,,,0,0,0,0,True,5425.0,False,0,,,
SMSPHARMA,SMS Pharmaceuticals Limited,14329,EQ,NSE,True,True,True,True,363.5,515568.4482758621,True,True,,,,0,0,0,0,True,363.5,False,0,,,
SOBHA,Sobha Limited,13826,EQ,NSE,True,True,True,True,1358.4000244140625,265199.8965517241,True,True,,,,0,0,0,0,True,1358.4000244140625,False,0,,,
SOLARA,Solara Active Pharma Sciences Limited,3672,EQ,NSE,True,True,True,True,520.6500244140625,282422.6785714286,True,True,,,,0,0,0,0,True,520.6500244140625,False,0,,,
SOLARINDS,Solar Industries India Limited,13332,EQ,NSE,True,True,True,True,18700.0,127263.89655172414,True,True,,,,0,0,0,0,True,18700.0,False,0,,,
SOLARWORLD,Solarworld Energy Solutions Limited,759929,EQ,NSE,True,True,True,True,169.72000122070312,1003573.9642857144,True,True,,,,0,0,0,0,True,169.72000122070312,False,0,,,
SOLEX,Solex Energy Limited,759397,EQ,NSE,True,True,True,True,925.75,33789.275862068964,True,True,,,,0,0,0,0,True,925.75,False,0,,,
SOMANYCERA,Somany Ceramics Limited,3880,EQ,NSE,True,True,True,True,509.2999877929688,111126.20689655172,True,True,,,,0,0,0,0,True,509.2999877929688,False,0,,,
SONACOMS,Sona BLW Precision Forgings Limited,4684,EQ,NSE,True,True,True,True,787.0,2877977.6333333333,True,True,,,,0,0,0,0,True,787.0,False,0,,,
SONATSOFTW,Sonata Software Limited,6596,EQ,NSE,True,True,True,True,350.29998779296875,3781598.206896552,True,True,,,,0,0,0,0,True,350.29998779296875,False,0,,,
SOTL,Savita Oil Technologies Limited,3021,EQ,NSE,True,True,True,True,643.0,512495.2068965517,True,True,,,,0,0,0,0,True,643.0,False,0,,,
SOUTHWEST,South West Pinnacle Exploration Limited,9678,EQ,NSE,True,True,True,True,235.8800048828125,300336.8620689655,True,True,,,,0,0,0,0,True,235.8800048828125,False,0,,,
SPAL,S. P. Apparels Limited,18252,EQ,NSE,True,True,True,True,1032.4000244140625,254360.4333333333,True,True,,,,0,0,0,0,True,1032.4000244140625,False,0,,,
SPARC,Sun Pharma Advanced Research Company Limited,14788,EQ,NSE,True,True,True,True,207.2700042724609,2272034.724137931,True,True,,,,0,0,0,0,True,207.2700042724609,False,0,,,
SPECIALITY,Speciality Restaurants Limited,27107,EQ,NSE,True,True,True,True,139.4600067138672,71442.42857142857,True,True,,,,0,0,0,0,True,139.4600067138672,False,0,,,
SPECTRUM,Spectrum Electrical Industries Limited,30455,EQ,NSE,True,True,True,True,2552.10009765625,73297.58620689655,True,True,,,,0,0,0,0,True,2552.10009765625,False,0,,,
SPLPETRO,Supreme Petrochem Limited,9617,EQ,NSE,True,True,True,True,716.7999877929688,196854.32142857145,True,True,,,,0,0,0,0,True,716.7999877929688,False,0,,,
SPORTKING,Sportking India Limited,10733,EQ,NSE,True,True,True,True,217.509994506836,939694.1724137932,True,True,,,,0,0,0,0,True,217.509994506836,False,0,,,
SREEL,Sreeleathers Limited,31837,EQ,NSE,True,True,True,True,212.6100006103516,15342.655172413792,True,True,,,,0,0,0,0,True,212.6100006103516,False,0,,,
SRM,SRM Contractors Limited,23402,EQ,NSE,True,True,True,True,509.8500061035156,93151.58620689657,True,True,,,,0,0,0,0,True,509.8500061035156,False,0,,,
SSWL,Steel Strips Wheels Limited,11829,EQ,NSE,True,True,True,True,316.5,1702997.4,True,True,,,,0,0,0,0,True,316.5,False,0,,,
STALLION,Stallion India Fluorochemicals Limited,29204,EQ,NSE,True,True,True,True,268.54998779296875,3700535.066666667,True,True,,,,0,0,0,0,True,268.54998779296875,False,0,,,
STANLEY,Stanley Lifestyles Limited,24226,EQ,NSE,True,True,True,True,155.0500030517578,172371.82142857142,True,True,,,,0,0,0,0,True,155.0500030517578,False,0,,,
STAR,Strides Pharma Science Limited,7374,EQ,NSE,True,True,True,True,994.5999755859376,159937.55172413794,True,True,,,,0,0,0,0,True,994.5999755859376,False,0,,,
STARCEMENT,Star Cement Limited,21091,EQ,NSE,True,True,True,True,203.72000122070312,217878.9642857143,True,True,,,,0,0,0,0,True,203.72000122070312,False,0,,,
STARPAPER,Star Paper Mills Limited,3291,EQ,NSE,True,True,True,True,152.0,18426.714285714286,True,True,,,,0,0,0,0,True,152.0,False,0,,,
STCINDIA,The State Trading Corporation of India Limited,10948,EQ,NSE,True,True,True,True,119.2699966430664,43687.137931034486,True,True,,,,0,0,0,0,True,119.2699966430664,False,0,,,
STEELCAS,Steelcast Limited,6803,EQ,NSE,True,True,True,True,339.04998779296875,378709.53571428574,True,True,,,,0,0,0,0,True,339.04998779296875,False,0,,,
STOVEKRAFT,Stove Kraft Limited,2107,EQ,NSE,True,True,True,True,759.8499755859375,168101.60714285713,True,True,,,,0,0,0,0,True,759.8499755859375,False,0,,,
STUDDS,Studds Accessories Limited,759587,EQ,NSE,True,True,True,True,445.6000061035156,43521.48275862069,True,True,,,,0,0,0,0,True,445.6000061035156,False,0,,,
STYL,Seshaasai Technologies Limited,759934,EQ,NSE,True,True,True,True,361.7000122070313,258455.8620689655,True,True,,,,0,0,0,0,True,361.7000122070313,False,0,,,
STYLAMIND,Stylam Industries Limited,5186,EQ,NSE,True,True,True,True,3523.0,128477.92857142857,True,True,,,,0,0,0,0,True,3523.0,False,0,,,
STYRENIX,Styrenix Performance Materials Limited,19,EQ,NSE,True,True,True,True,2488.60009765625,69756.17857142857,True,True,,,,0,0,0,0,True,2488.60009765625,False,0,,,
SUBROS,Subros Limited,3324,EQ,NSE,True,True,True,True,826.4500122070312,80467.0,True,True,,,,0,0,0,0,True,826.4500122070312,False,0,,,
SUDARSCHEM,Sudarshan Chemical Industries Limited,3327,EQ,NSE,True,True,True,True,1047.199951171875,251428.06896551725,True,True,,,,0,0,0,0,True,1047.199951171875,False,0,,,
SUDEEPPHRM,Sudeep Pharma Limited,760039,EQ,NSE,True,True,True,True,871.7999877929688,193891.10344827583,True,True,,,,0,0,0,0,True,871.7999877929688,False,0,,,
SUKHJITS,Sukhjit Starch & Chemicals Limited,11804,EQ,NSE,True,True,True,True,165.30999755859375,19333.44827586207,True,True,,,,0,0,0,0,True,165.30999755859375,False,0,,,
SULA,Sula Vineyards Limited,13218,EQ,NSE,True,True,True,True,163.1199951171875,396871.8333333333,True,True,,,,0,0,0,0,True,163.1199951171875,False,0,,,
SUMICHEM,Sumitomo Chemical India Limited,17105,EQ,NSE,True,True,True,True,511.8999938964844,1823715.1724137927,True,True,,,,0,0,0,0,True,511.8999938964844,False,0,,,
SUNCLAY,Sundaram Clayton Limited,20956,EQ,NSE,True,True,True,True,1254.5999755859375,10285.42857142857,True,True,,,,0,0,0,0,True,1254.5999755859375,False,0,,,
SUNDRMFAST,Sundram Fasteners Limited,3345,EQ,NSE,True,True,True,True,992.8499755859376,132986.35714285713,True,True,,,,0,0,0,0,True,992.8499755859376,False,0,,,
SUNDROP,Sundrop Brands Limited,1663,EQ,NSE,True,True,True,True,666.7999877929688,22996.17857142857,True,True,,,,0,0,0,0,True,666.7999877929688,False,0,,,
SUNFLAG,Sunflag Iron And Steel Company Limited,3348,EQ,NSE,True,True,True,True,368.25,184500.8275862069,True,True,,,,0,0,0,0,True,368.25,False,0,,,
SUNTECK,Sunteck Realty Limited,17641,EQ,NSE,True,True,True,True,302.8500061035156,434418.275862069,True,True,,,,0,0,0,0,True,302.8500061035156,False,0,,,
SUNTV,Sun TV Network Limited,13404,EQ,NSE,True,True,True,True,502.3500061035156,240061.72413793104,True,True,,,,0,0,0,0,True,502.3500061035156,False,0,,,
SUPRAJIT,Suprajit Engineering Limited,11689,EQ,NSE,True,True,True,True,506.8999938964844,134628.58620689655,True,True,,,,0,0,0,0,True,506.8999938964844,False,0,,,
SUPREMEIND,Supreme Industries Limited,3363,EQ,NSE,True,True,True,True,3501.0,236099.5172413793,True,True,,,,0,0,0,0,True,3501.0,False,0,,,
SUPRIYA,Supriya Lifescience Limited,7390,EQ,NSE,True,True,True,True,887.6500244140625,361889.1785714286,True,True,,,,0,0,0,0,True,887.6500244140625,False,0,,,
SURAJEST,Suraj Estate Developers Limited,20822,EQ,NSE,True,True,True,True,200.13999938964844,54959.857142857145,True,True,,,,0,0,0,0,True,200.13999938964844,False,0,,,
SURAKSHA,Suraksha Diagnostic Limited,27334,EQ,NSE,True,True,True,True,251.1000061035156,44747.5,True,True,,,,0,0,0,0,True,251.1000061035156,False,0,,,
SURYAROSNI,Surya Roshni Limited,3375,EQ,NSE,True,True,True,True,238.22000122070312,454978.1034482759,True,True,,,,0,0,0,0,True,238.22000122070312,False,0,,,
SUVEN,Suven Life Sciences Limited,11233,EQ,NSE,True,True,True,True,309.8500061035156,1618097.2142857143,True,True,,,,0,0,0,0,True,309.8500061035156,False,0,,,
SUYOG,Suyog Telematics Limited,24851,EQ,NSE,True,True,True,True,852.5499877929688,39524.607142857145,True,True,,,,0,0,0,0,True,852.5499877929688,False,0,,,
SWANCORP,SWAN CORP LIMITED,27095,EQ,NSE,True,True,True,True,313.54998779296875,858614.8928571428,True,True,,,,0,0,0,0,True,313.54998779296875,False,0,,,
SWARAJENG,Swaraj Engines Limited,3384,EQ,NSE,True,True,True,True,3598.60009765625,19375.310344827587,True,True,,,,0,0,0,0,True,3598.60009765625,False,0,,,
SWELECTES,Swelect Energy Systems Limited,11909,EQ,NSE,True,True,True,True,620.4500122070312,16433.89285714286,True,True,,,,0,0,0,0,True,620.4500122070312,False,0,,,
SWIGGY,Swiggy Limited,27066,EQ,NSE,True,True,True,True,291.0,22532571.03333333,True,True,,,,0,0,0,0,True,291.0,False,0,,,
SWSOLAR,Sterling and Wilson Renewable Energy Limited,12489,EQ,NSE,True,True,True,True,206.1000061035156,2197387.965517241,True,True,,,,0,0,0,0,True,206.1000061035156,False,0,,,
SYMPHONY,Symphony Limited,24190,EQ,NSE,True,True,True,True,672.2999877929688,98320.6551724138,True,True,,,,0,0,0,0,True,672.2999877929688,False,0,,,
SYNGENE,Syngene International Limited,10243,EQ,NSE,True,True,True,True,410.2000122070313,1440519.4666666666,True,True,,,,0,0,0,0,True,410.2000122070313,False,0,,,
SYRMA,Syrma SGS Technology Limited,10793,EQ,NSE,True,True,True,True,1421.5999755859375,1442968.6666666667,True,True,,,,0,0,0,0,True,1421.5999755859375,False,0,,,
TAINWALCHM,Tainwala Chemical and Plastic (I) Limited,3396,EQ,NSE,True,True,True,True,207.4100036621093,18827.275862068964,True,True,,,,0,0,0,0,True,207.4100036621093,False,0,,,
TAJGVK,Taj GVK Hotels & Resorts Limited,9354,EQ,NSE,True,True,True,True,369.9500122070313,127757.07142857143,True,True,,,,0,0,0,0,True,369.9500122070313,False,0,,,
TALBROAUTO,Talbros Automotive Components Limited,13648,EQ,NSE,True,True,True,True,415.25,318177.8571428572,True,True,,,,0,0,0,0,True,415.25,False,0,,,
TANLA,Tanla Platforms Limited,13976,EQ,NSE,True,True,True,True,612.5,1791923.5862068965,True,True,,,,0,0,0,0,True,612.5,False,0,,,
TARC,TARC Limited,1581,EQ,NSE,True,True,True,True,133.30999755859375,3173280.071428572,True,True,,,,0,0,0,0,True,133.30999755859375,False,0,,,
TARIL,Transformers And Rectifiers (India) Limited,15174,EQ,NSE,True,True,True,True,294.20001220703125,2877148.2,True,True,,,,0,0,0,0,True,294.20001220703125,False,0,,,
TARSONS,Tarsons Products Limited,6943,EQ,NSE,True,True,True,True,324.20001220703125,765706.6071428572,True,True,,,,0,0,0,0,True,324.20001220703125,False,0,,,
TATACHEM,Tata Chemicals Limited,3405,EQ,NSE,True,True,True,True,668.2999877929688,700529.4137931034,True,True,,,,0,0,0,0,True,668.2999877929688,False,0,,,
TATACOMM,Tata Communications Limited,3721,EQ,NSE,True,True,True,True,1778.5,404228.6206896552,True,True,,,,0,0,0,0,True,1778.5,False,0,,,
TATAELXSI,Tata Elxsi Limited,3411,EQ,NSE,True,True,True,True,3737.0,505511.1666666667,True,True,,,,0,0,0,0,True,3737.0,False,0,,,
TATAPOWER,Tata Power Company Limited,3426,EQ,NSE,True,True,True,True,380.0,4096420.733333333,True,True,,,,0,0,0,0,True,380.0,False,0,,,
TATASTEEL,Tata Steel Limited,3499,EQ,NSE,True,True,True,True,190.9499969482422,24301029.8,True,True,,,,0,0,0,0,True,190.9499969482422,False,0,,,
TATATECH,Tata Technologies Limited,20293,EQ,NSE,True,True,True,True,762.5499877929688,1129694.3333333333,True,True,,,,0,0,0,0,True,762.5499877929688,False,0,,,
TATVA,Tatva Chintan Pharma Chem Limited,5162,EQ,NSE,True,True,True,True,1766.300048828125,258380.8333333333,True,True,,,,0,0,0,0,True,1766.300048828125,False,0,,,
TBZ,Tribhovandas Bhimji Zaveri Limited,27037,EQ,NSE,True,True,True,True,275.8500061035156,2872945.2666666666,True,True,,,,0,0,0,0,True,275.8500061035156,False,0,,,
TCC,TCC Concept Limited,761814,EQ,NSE,True,True,True,True,289.3999938964844,41084.41379310345,True,True,,,,0,0,0,0,True,289.3999938964844,False,0,,,
TCI,Transport Corporation of India Limited,10580,EQ,NSE,True,True,True,True,914.0499877929688,39020.642857142855,True,True,,,,0,0,0,0,True,914.0499877929688,False,0,,,
TCIEXP,TCI Express Limited,19223,EQ,NSE,True,True,True,True,557.3499755859375,358897.5,True,True,,,,0,0,0,0,True,557.3499755859375,False,0,,,
TDPOWERSYS,TD Power Systems Limited,25178,EQ,NSE,True,True,True,True,1127.5,1060357.448275862,True,True,,,,0,0,0,0,True,1127.5,False,0,,,
TEAMLEASE,Teamlease Services Limited,12716,EQ,NSE,True,True,True,True,1261.0,42437.71428571428,True,True,,,,0,0,0,0,True,1261.0,False,0,,,
TECHM,Tech Mahindra Limited,13538,EQ,NSE,True,True,True,True,1648.5,2736203.966666667,True,True,,,,0,0,0,0,True,1648.5,False,0,,,
TEGA,Tega Industries Limited,7105,EQ,NSE,True,True,True,True,1579.800048828125,60724.642857142855,True,True,,,,0,0,0,0,True,1579.800048828125,False,0,,,
TENNIND,Tenneco Clean Air India Limited,759880,EQ,NSE,True,True,True,True,550.5499877929688,596389.8965517242,True,True,,,,0,0,0,0,True,550.5499877929688,False,0,,,
TERASOFT,Tera Software Limited,19292,EQ,NSE,True,True,True,True,408.5499877929688,13397.464285714286,True,True,,,,0,0,0,0,True,408.5499877929688,False,0,,,
TEXRAIL,Texmaco Rail & Engineering Limited,21828,EQ,NSE,True,True,True,True,108.76000213623048,2402693.2413793104,True,True,,,,0,0,0,0,True,108.76000213623048,False,0,,,
THANGAMAYL,Thangamayil Jewellery Limited,18118,EQ,NSE,True,True,True,True,4717.5,298482.4827586207,True,True,,,,0,0,0,0,True,4717.5,False,0,,,
THELEELA,Leela Palaces Hotels & Resorts Limited,757014,EQ,NSE,True,True,True,True,500.1000061035156,378103.4137931034,True,True,,,,0,0,0,0,True,500.1000061035156,False,0,,,
THEMISMED,Themis Medicare Limited,14485,EQ,NSE,True,True,True,True,115.41000366210938,178784.0,True,True,,,,0,0,0,0,True,115.41000366210938,False,0,,,
THOMASCOOK,Thomas Cook  (India)  Limited,3481,EQ,NSE,True,True,True,True,105.97000122070312,1140453.2333333334,True,True,,,,0,0,0,0,True,105.97000122070312,False,0,,,
THYROCARE,Thyrocare Technologies Limited,17032,EQ,NSE,True,True,True,True,604.6500244140625,948343.3448275862,True,True,,,,0,0,0,0,True,604.6500244140625,False,0,,,
TIL,TIL Limited,3484,EQ,NSE,True,True,True,True,259.70001220703125,1859713.551724138,True,True,,,,0,0,0,0,True,259.70001220703125,False,0,,,
TIMETECHNO,Time Technoplast Limited,14707,EQ,NSE,True,True,True,True,208.8300018310547,4315828.793103448,True,True,,,,0,0,0,0,True,208.8300018310547,False,0,,,
TIMEX,Timex Group India Limited,762954,EQ,NSE,True,True,True,True,556.9500122070312,426834.275862069,True,True,,,,0,0,0,0,True,556.9500122070312,False,0,,,
TIMKEN,Timken India Limited,14198,EQ,NSE,True,True,True,True,3231.89990234375,59688.03571428572,True,True,,,,0,0,0,0,True,3231.89990234375,False,0,,,
TINNARUBR,Tinna Rubber and Infrastructure Limited,756020,EQ,NSE,True,True,True,True,1121.0,229908.75,True,True,,,,0,0,0,0,True,1121.0,False,0,,,
TIPSFILMS,Tips Films Limited,11374,EQ,NSE,True,True,True,True,378.5,31620.89285714286,True,True,,,,0,0,0,0,True,378.5,False,0,,,
TIPSMUSIC,Tips Music Limited,9117,EQ,NSE,True,True,True,True,669.2999877929688,958352.7857142856,True,True,,,,0,0,0,0,True,669.2999877929688,False,0,,,
TIRUMALCHM,Thirumalai Chemicals Limited,3496,EQ,NSE,True,True,True,True,185.3600006103516,915278.8214285716,True,True,,,,0,0,0,0,True,185.3600006103516,False,0,,,
TITAGARH,TITAGARH RAIL SYSTEMS LIMITED,15414,EQ,NSE,True,True,True,True,849.75,425283.7586206897,True,True,,,,0,0,0,0,True,849.75,False,0,,,
TITAN,Titan Company Limited,3506,EQ,NSE,True,True,True,True,4935.0,875263.0344827586,True,True,,,,0,0,0,0,True,4935.0,False,0,,,
TMCV,Tata Motors Limited,759782,EQ,NSE,True,True,True,True,446.75,7914279.9,True,True,,,,0,0,0,0,True,446.75,False,0,,,
TNPL,Tamil Nadu Newsprint & Papers Limited,3980,EQ,NSE,True,True,True,True,153.55999755859375,230603.75862068965,True,True,,,,0,0,0,0,True,153.55999755859375,False,0,,,
TOLINS,Tolins Tyres Limited,25262,EQ,NSE,True,True,True,True,103.4499969482422,66210.60714285714,True,True,,,,0,0,0,0,True,103.4499969482422,False,0,,,
TORNTPOWER,Torrent Power Limited,13786,EQ,NSE,True,True,True,True,1341.0,343165.7931034483,True,True,,,,0,0,0,0,True,1341.0,False,0,,,
TRANSPEK,Transpek Industry Limited,3531,EQ,NSE,True,True,True,True,1380.4000244140625,11464.857142857143,True,True,,,,0,0,0,0,True,1380.4000244140625,False,0,,,
TRANSRAILL,Transrail Lighting Limited,28714,EQ,NSE,True,True,True,True,495.7999877929688,352399.4827586207,True,True,,,,0,0,0,0,True,495.7999877929688,False,0,,,
TRAVELFOOD,Travel Food Services Limited,757545,EQ,NSE,True,True,True,True,1366.0999755859375,20040.379310344822,True,True,,,,0,0,0,0,True,1366.0999755859375,False,0,,,
TREJHARA,TREJHARA SOLUTIONS LIMITED,7518,EQ,NSE,True,True,True,True,137.08999633789062,17420.0,True,True,,,,0,0,0,0,True,137.08999633789062,False,0,,,
TRENT,Trent Limited,1964,EQ,NSE,True,True,True,True,3107.699951171875,1457314.896551724,True,True,,,,0,0,0,0,True,3107.699951171875,False,0,,,
TRITURBINE,Triveni Turbine Limited,25584,EQ,NSE,True,True,True,True,618.7999877929688,878613.4285714285,True,True,,,,0,0,0,0,True,618.7999877929688,False,0,,,
TRUALT,TruAlt Bioenergy Limited,759210,EQ,NSE,True,True,True,True,436.7000122070313,333092.7,True,True,,,,0,0,0,0,True,436.7000122070313,False,0,,,
TTKHLTCARE,TTK Healthcare Limited,11369,EQ,NSE,True,True,True,True,1037.699951171875,21418.82758620689,True,True,,,,0,0,0,0,True,1037.699951171875,False,0,,,
TTKPRESTIG,TTK Prestige Limited,3546,EQ,NSE,True,True,True,True,630.7999877929688,596781.724137931,True,True,,,,0,0,0,0,True,630.7999877929688,False,0,,,
TVSELECT,TVS Electronics Limited,11265,EQ,NSE,True,True,True,True,500.4500122070313,115766.28571428572,True,True,,,,0,0,0,0,True,500.4500122070313,False,0,,,
TVSMOTOR,TVS Motor Company Limited,8479,EQ,NSE,True,True,True,True,4360.0,1315110.5714285714,True,True,,,,0,0,0,0,True,4360.0,False,0,,,
TVSSCS,TVS Supply Chain Solutions Limited,18151,EQ,NSE,True,True,True,True,135.5399932861328,469938.7,True,True,,,,0,0,0,0,True,135.5399932861328,False,0,,,
UCAL,UCAL LIMITED,3570,EQ,NSE,True,True,True,True,115.98999786376952,18946.85714285714,True,True,,,,0,0,0,0,True,115.98999786376952,False,0,,,
UDS,Updater Services Limited,19113,EQ,NSE,True,True,True,True,203.8300018310547,359813.8214285714,True,True,,,,0,0,0,0,True,203.8300018310547,False,0,,,
UFLEX,UFLEX Limited,1053,EQ,NSE,True,True,True,True,475.3500061035156,568971.8214285715,True,True,,,,0,0,0,0,True,475.3500061035156,False,0,,,
ULTRACEMCO,UltraTech Cement Limited,11532,EQ,NSE,True,True,True,True,12050.0,261314.0344827586,True,True,,,,0,0,0,0,True,12050.0,False,0,,,
ULTRAMAR,Ultramarine & Pigments Limited,762961,EQ,NSE,True,True,True,True,389.0,23328.464285714286,True,True,,,,0,0,0,0,True,389.0,False,0,,,
UNICHEMLAB,Unichem Laboratories Limited,3579,EQ,NSE,True,True,True,True,500.2999877929688,642950.8928571428,True,True,,,,0,0,0,0,True,500.2999877929688,False,0,,,
UNIMECH,Unimech Aerospace and Manufacturing Limited,28960,EQ,NSE,True,True,True,True,1334.0999755859375,172831.7142857143,True,True,,,,0,0,0,0,True,1334.0999755859375,False,0,,,
UNIPARTS,Uniparts India Limited,13057,EQ,NSE,True,True,True,True,732.9500122070312,139376.0344827586,True,True,,,,0,0,0,0,True,732.9500122070312,False,0,,,
UNIVCABLES,Universal Cables Limited,3607,EQ,NSE,True,True,True,True,1427.699951171875,135531.2068965517,True,True,,,,0,0,0,0,True,1427.699951171875,False,0,,,
UNOMINDA,UNO Minda Limited,14154,EQ,NSE,True,True,True,True,1227.0,904384.0333333332,True,True,,,,0,0,0,0,True,1227.0,False,0,,,
UPL,UPL Limited,11287,EQ,NSE,True,True,True,True,581.9000244140625,2475988.933333333,True,True,,,,0,0,0,0,True,581.9000244140625,False,0,,,
URBANCO,Urban Company Limited,759084,EQ,NSE,True,True,True,True,141.88999938964844,5949875.666666667,True,True,,,,0,0,0,0,True,141.88999938964844,False,0,,,
USHAMART,Usha Martin Limited,8840,EQ,NSE,True,True,True,True,503.6000061035156,553692.4642857143,True,True,,,,0,0,0,0,True,503.6000061035156,False,0,,,
UTIAMC,UTI Asset Management Company Limited,527,EQ,NSE,True,True,True,True,909.0999755859376,338702.1034482759,True,True,,,,0,0,0,0,True,909.0999755859376,False,0,,,
UTLSOLAR,Fujiyama Power Systems Limited,759876,EQ,NSE,True,True,True,True,389.5499877929688,465970.2068965517,True,True,,,,0,0,0,0,True,389.5499877929688,False,0,,,
UTTAMSUGAR,Uttam Sugar Mills Limited,13376,EQ,NSE,True,True,True,True,253.1199951171875,106317.17857142857,True,True,,,,0,0,0,0,True,253.1199951171875,False,0,,,
V2RETAIL,V2 Retail Limited,14766,EQ,NSE,True,True,True,True,217.7400054931641,1045766.2142857144,True,True,,,,0,0,0,0,True,217.7400054931641,False,0,,,
VADILALIND,Vadilal Industries Limited,24196,EQ,NSE,True,True,True,True,7294.5,15101.82142857143,True,True,,,,0,0,0,0,True,7294.5,False,0,,,
VARROC,Varroc Engineering Limited,3857,EQ,NSE,True,True,True,True,680.75,150588.83333333334,True,True,,,,0,0,0,0,True,680.75,False,0,,,
VBL,Varun Beverages Limited,18921,EQ,NSE,True,True,True,True,439.0,7018746.666666667,True,True,,,,0,0,0,0,True,439.0,False,0,,,
VEDL,Vedanta Limited,3063,EQ,NSE,True,True,True,True,269.0,14419548.766666668,True,True,,,,0,0,0,0,True,269.0,False,0,,,
VENKEYS,Venky's (India) Limited,3757,EQ,NSE,True,True,True,True,1595.199951171875,39349.75,True,True,,,,0,0,0,0,True,1595.199951171875,False,0,,,
VENTIVE,Ventive Hospitality Limited,28847,EQ,NSE,True,True,True,True,626.7000122070312,15593.607142857143,True,True,,,,0,0,0,0,True,626.7000122070312,False,0,,,
VGUARD,V-Guard Industries Limited,15362,EQ,NSE,True,True,True,True,313.3500061035156,1461933.7142857143,True,True,,,,0,0,0,0,True,313.3500061035156,False,0,,,
VIDHIING,Vidhi Specialty Food Ingredients Limited,13536,EQ,NSE,True,True,True,True,330.8500061035156,56747.392857142855,True,True,,,,0,0,0,0,True,330.8500061035156,False,0,,,
VIJAYA,Vijaya Diagnostic Centre Limited,5585,EQ,NSE,True,True,True,True,1385.0999755859375,294852.9285714286,True,True,,,,0,0,0,0,True,1385.0999755859375,False,0,,,
VIMTALABS,Vimta Labs Limited,13101,EQ,NSE,True,True,True,True,642.25,595570.3571428572,True,True,,,,0,0,0,0,True,642.25,False,0,,,
VINATIORGA,Vinati Organics Limited,17364,EQ,NSE,True,True,True,True,1319.5999755859375,59561.21428571428,True,True,,,,0,0,0,0,True,1319.5999755859375,False,0,,,
VINCOFE,Vintage Coffee And Beverages Limited,25835,EQ,NSE,True,True,True,True,152.75,2380781.8620689656,True,True,,,,0,0,0,0,True,152.75,False,0,,,
VINDHYATEL,Vindhya Telelinks Limited,3694,EQ,NSE,True,True,True,True,2336.60009765625,58297.68965517241,True,True,,,,0,0,0,0,True,2336.60009765625,False,0,,,
VINYLINDIA,Vinyl Chemicals (India) Limited,16821,EQ,NSE,True,True,True,True,247.6100006103516,13528.57142857143,True,True,,,,0,0,0,0,True,247.6100006103516,False,0,,,
VISHNU,Vishnu Chemicals Limited,6908,EQ,NSE,True,True,True,True,594.0499877929688,116018.92857142857,True,True,,,,0,0,0,0,True,594.0499877929688,False,0,,,
VIYASH,Viyash Scientific Limited,14296,EQ,NSE,True,True,True,True,266.3999938964844,1738625.5,True,True,,,,0,0,0,0,True,266.3999938964844,False,0,,,
VMART,V-Mart Retail Limited,29284,EQ,NSE,True,True,True,True,775.3499755859375,162299.4642857143,True,True,,,,0,0,0,0,True,775.3499755859375,False,0,,,
VOLTAMP,Voltamp Transformers Limited,13577,EQ,NSE,True,True,True,True,9881.5,28955.714285714286,True,True,,,,0,0,0,0,True,9881.5,False,0,,,
VOLTAS,Voltas Limited,3718,EQ,NSE,True,True,True,True,1327.699951171875,676067.0,True,True,,,,0,0,0,0,True,1327.699951171875,False,0,,,
VRAJ,Vraj Iron and Steel Limited,24321,EQ,NSE,True,True,True,True,121.58999633789062,72037.37931034483,True,True,,,,0,0,0,0,True,121.58999633789062,False,0,,,
VSSL,Vardhman Special Steels Limited,27067,EQ,NSE,True,True,True,True,304.79998779296875,164467.60714285713,True,True,,,,0,0,0,0,True,304.79998779296875,False,0,,,
VSTIND,VST Industries Limited,3724,EQ,NSE,True,True,True,True,221.22000122070312,430724.13333333336,True,True,,,,0,0,0,0,True,221.22000122070312,False,0,,,
VTL,Vardhman Textiles Limited,2073,EQ,NSE,True,True,True,True,598.0499877929688,338449.7586206897,True,True,,,,0,0,0,0,True,598.0499877929688,False,0,,,
WAAREEENER,Waaree Energies Limited,25907,EQ,NSE,True,True,True,True,2670.0,907105.1,True,True,,,,0,0,0,0,True,2670.0,False,0,,,
WAAREEINDO,Indosolar Limited,19955,EQ,NSE,True,True,True,True,313.3500061035156,67245.06896551725,True,True,,,,0,0,0,0,True,313.3500061035156,False,0,,,
WAAREERTL,Waaree Renewable Technologies Limited,756038,EQ,NSE,True,True,True,True,912.5999755859376,258753.0,True,True,,,,0,0,0,0,True,912.5999755859376,False,0,,,
WABAG,VA Tech Wabag Limited,20188,EQ,NSE,True,True,True,True,1951.4000244140625,831696.6666666666,True,True,,,,0,0,0,0,True,1951.4000244140625,False,0,,,
WAKEFIT,Wakefit Innovations Limited,760259,EQ,NSE,True,True,True,True,128.02000427246094,5732368.172413793,True,True,,,,0,0,0,0,True,128.02000427246094,False,0,,,
WALCHANNAG,Walchandnagar Industries Limited,3736,EQ,NSE,True,True,True,True,233.8800048828125,1235034.4137931035,True,True,,,,0,0,0,0,True,233.8800048828125,False,0,,,
WANBURY,Wanbury Limited,14063,EQ,NSE,True,True,True,True,278.8999938964844,616449.9655172414,True,True,,,,0,0,0,0,True,278.8999938964844,False,0,,,
WEL,Wonder Electricals Limited,7835,EQ,NSE,True,True,True,True,117.69000244140624,219428.89285714287,True,True,,,,0,0,0,0,True,117.69000244140624,False,0,,,
WELCORP,Welspun Corp Limited,11821,EQ,NSE,True,True,True,True,1736.5999755859375,1222900.5333333334,True,True,,,,0,0,0,0,True,1736.5999755859375,False,0,,,
WELENT,Welspun Enterprises Limited,11626,EQ,NSE,True,True,True,True,606.9000244140625,339513.6785714286,True,True,,,,0,0,0,0,True,606.9000244140625,False,0,,,
WELSPUNLIV,Welspun Living Limited,11253,EQ,NSE,True,True,True,True,160.72999572753906,2391627.1666666665,True,True,,,,0,0,0,0,True,160.72999572753906,False,0,,,
WESTLIFE,WESTLIFE FOODWORLD LIMITED,11580,EQ,NSE,True,True,True,True,542.5499877929688,199348.86666666667,True,True,,,,0,0,0,0,True,542.5499877929688,False,0,,,
WEWORK,WeWork India Management Limited,759434,EQ,NSE,True,True,True,True,737.3499755859375,518024.3448275862,True,True,,,,0,0,0,0,True,737.3499755859375,False,0,,,
WHEELS,Wheels India Limited,3766,EQ,NSE,True,True,True,True,1408.800048828125,176953.75,True,True,,,,0,0,0,0,True,1408.800048828125,False,0,,,
WHIRLPOOL,Whirlpool of India Limited,18011,EQ,NSE,True,True,True,True,820.5,325854.26666666666,True,True,,,,0,0,0,0,True,820.5,False,0,,,
WINDMACHIN,Windsor Machines Limited,24969,EQ,NSE,True,True,True,True,282.8999938964844,66060.0,True,True,,,,0,0,0,0,True,282.8999938964844,False,0,,,
WORTHPERI,Worth Peripherals Limited,22277,EQ,NSE,True,True,True,True,152.97999572753906,20114.53571428572,True,True,,,,0,0,0,0,True,152.97999572753906,False,0,,,
WPIL,WPIL Limited,762978,EQ,NSE,True,True,True,True,446.1000061035156,65022.93103448276,True,True,,,,0,0,0,0,True,446.1000061035156,False,0,,,
WSTCSTPAPR,West Coast Paper Mills Limited,3799,EQ,NSE,True,True,True,True,571.75,232775.75862068965,True,True,,,,0,0,0,0,True,571.75,False,0,,,
XPROINDIA,Xpro India Limited,11407,EQ,NSE,True,True,True,True,1178.199951171875,58067.0,True,True,,,,0,0,0,0,True,1178.199951171875,False,0,,,
YASHO,Yasho Industries Limited,18131,EQ,NSE,True,True,True,True,4359.89990234375,49713.55172413793,True,True,,,,0,0,0,0,True,4359.89990234375,False,0,,,
YATHARTH,Yatharth Hospital & Trauma Care Services Limited,17738,EQ,NSE,True,True,True,True,845.5,229287.75862068965,True,True,,,,0,0,0,0,True,845.5,False,0,,,
ZAGGLE,Zaggle Prepaid Ocean Services Limited,18608,EQ,NSE,True,True,True,True,203.83999633789065,653091.2857142857,True,True,,,,0,0,0,0,True,203.83999633789065,False,0,,,
ZENSARTECH,Zensar Technologies Limited,1076,EQ,NSE,True,True,True,True,511.7999877929688,9176116.32142857,True,True,,,,0,0,0,0,True,511.7999877929688,False,0,,,
ZENTEC,Zen Technologies Limited,7508,EQ,NSE,True,True,True,True,1683.4000244140625,561534.275862069,True,True,,,,0,0,0,0,True,1683.4000244140625,False,0,,,
ZFCVINDIA,ZF Commercial Vehicle Control Systems India Limited,16915,EQ,NSE,True,True,True,True,2555.60009765625,226304.27586206896,True,True,,,,0,0,0,0,True,2555.60009765625,False,0,,,
ZOTA,Zota Health Care LImited,11394,EQ,NSE,True,True,True,True,1252.5,56818.25,True,True,,,,0,0,0,0,True,1252.5,False,0,,,
ZUARIIND,ZUARI INDUSTRIES LIMITED,3827,EQ,NSE,True,True,True,True,263.6499938964844,29022.67857142857,True,True,,,,0,0,0,0,True,263.6499938964844,False,0,,,
ZYDUSLIFE,Zydus Lifesciences Limited,7929,EQ,NSE,True,True,True,True,1130.0,1214721.1379310344,True,True,,,,0,0,0,0,True,1130.0,False,0,,,
ZYDUSWELL,Zydus Wellness Limited,17635,EQ,NSE,True,True,True,True,550.2000122070312,1117621.8620689656,True,True,,,,0,0,0,0,True,550.2000122070312,False,0,,,
