symbol,company,security_id,series,exchange,core_business_halal,non_muslim_board,price_gt_100,is_liquid,price,avg_volume,is_halal_final,halal
20MICRONS,20 Microns Limited,16921,EQ,NSE,True,True,True,True,196.72000122070312,219016.7,True,True
21STCENMGM,21st Century Management Services Limited,4,EQ,NSE,True,True,False,False,41.77000045776367,5205.607142857143,False,False
360ONE,360 ONE WAM LIMITED,13061,EQ,NSE,True,True,True,True,1155.0,1338444.4285714286,True,True
3BBLACKBIO,3B Blackbio Dx Limited,762518,EQ,NSE,True,True,True,True,1238.5,10705.310344827589,True,True
3IINFOLTD,3i Infotech Limited,6232,EQ,NSE,True,True,False,True,25.1200008392334,915502.5862068966,False,False
3MINDIA,3M India Limited,474,EQ,NSE,True,True,True,False,35725.0,4217.857142857143,False,False
3PLAND,3P Land Holdings Limited,2595,EQ,NSE,True,True,False,False,31.86000061035156,3238.1071428571427,False,False
5PAISA,5PAISA,445,EQ,NSE,False,True,True,True,150.0,0.0,False,False
63MOONS,63 moons technologies limited,11868,EQ,NSE,True,True,True,True,864.2000122070312,773668.5172413794,True,True
A1L,A1L,542012,B,BSE,True,True,False,True,4.96999979019165,5862871.25,False,False
A2ZINFRA,A2Z Infra Engineering Limited,20906,EQ,NSE,True,True,False,True,17.239999771118164,352383.8333333333,False,False
AAATECH,AAA Technologies Limited,12533,EQ,NSE,True,True,False,True,89.2300033569336,17220.60714285714,False,False
AADHARHFC,AADHARHFC,23729,EQ,NSE,False,True,True,True,150.0,0.0,False,False
AAKASH,Aakash Exploration Services Limited,235,EQ,NSE,True,True,False,True,8.949999809265137,138305.5357142857,False,False
AARNAV,Aarnav Fashions Limited,761821,EQ,NSE,True,True,False,True,30.309999465942383,144163.6551724138,False,False
AARON,Aaron Industries Limited,1030,EQ,NSE,True,True,True,True,130.61000061035156,43001.0,True,True
AARTIDRUGS,Aarti Drugs Limited,4481,EQ,NSE,True,True,True,True,414.0499877929688,203585.56666666668,True,True
AARTIIND,Aarti Industries Limited,7,EQ,NSE,True,True,True,True,481.75,1108372.1379310344,True,True
AARTIPHARM,Aarti Pharmalabs Limited,13868,EQ,NSE,True,True,True,True,690.0,159813.2857142857,True,True
AARTISURF,Aarti Surfactants Limited,19233,EQ,NSE,True,True,True,True,541.8499755859375,40863.67857142857,True,True
AARVI,Aarvi Encon Limited,19073,EQ,NSE,True,True,True,True,156.3699951171875,56984.63333333333,True,True
AASTHA,Aastha Spintex Limited,763800,EQ,NSE,True,True,False,True,83.72000122070312,5363846.727272728,False,False
AAVAS,AAVAS,5385,EQ,NSE,False,True,True,True,150.0,0.0,False,False
ABB,ABB India Limited,13,EQ,NSE,True,True,True,True,7700.0,433532.0,True,True
ABBOTINDIA,Abbott India Limited,17903,EQ,NSE,True,True,True,True,27825.0,12359.5,True,True
ABCAPITAL,ABCAPITAL,21614,EQ,NSE,False,True,True,True,150.0,0.0,False,False
ABCOTS,A B Cotspin India Limited,759130,EQ,NSE,True,True,True,True,200.8099975585937,43725.96428571428,True,True
ABDL,ABDL Ltd,24308,EQ,NSE,False,True,True,True,150.0,0.0,False,False
ABFRL,Aditya Birla Fashion and Retail Limited,30108,EQ,NSE,True,True,False,True,61.0,5488916.413793104,False,False
ABINFRA,A B Infrabuild Limited,27020,EQ,NSE,True,True,False,True,10.020000457763672,4554474.0,False,False
ABLBL,Aditya Birla Lifestyle Brands Limited,756843,EQ,NSE,True,True,False,True,94.56999969482422,800835.0344827586,False,False
ABMINTLLTD,ABM International Limited,5549,EQ,NSE,True,True,False,False,42.45000076293945,1505.428571428571,False,False
ABMKNO,ABM Knowledgeware Limited,762528,EQ,NSE,True,True,True,False,196.69000244140625,2733.896551724138,False,False
ABREL,Aditya Birla Real Estate Limited,625,EQ,NSE,True,True,True,True,1424.0999755859375,156263.1379310345,True,True
ABSLAMC,Aditya Birla Sun Life AMC Limited,6018,EQ,NSE,True,True,True,True,995.5999755859376,372229.03571428574,True,True
ACC,ACC Limited,22,EQ,NSE,True,True,True,True,1384.699951171875,183563.4482758621,True,True
ACCELYA,Accelya Solutions India Limited,7053,EQ,NSE,True,True,True,False,1139.0,7672.142857142857,False,False
ACE,Action Construction Equipment Limited,13587,EQ,NSE,True,True,True,True,1098.5999755859375,618863.1379310344,True,True
ACEINTEG,Ace Integrated Solutions Limited,11779,EQ,NSE,True,True,False,False,19.09000015258789,8069.964285714285,False,False
ACGL,ACGL,505036,B,BSE,True,True,True,False,2131.85009765625,2048.928571428572,False,False
ACI,Archean Chemical Industries Limited,12024,EQ,NSE,True,True,True,True,532.2000122070312,278084.14285714284,True,True
ACL,Andhra Cements Limited,15420,EQ,NSE,True,True,False,True,47.59000015258789,17238.571428571428,False,False
ACMESOLAR,Acme Solar Holdings Limited,27061,EQ,NSE,True,True,True,True,381.6499938964844,2057342.4285714289,True,True
ACSTECH,ACS Technologies Limited,762533,EQ,NSE,True,True,False,True,42.220001220703125,309552.3448275862,False,False
ACTIVE,ACTIVE,541144,B,BSE,True,True,True,False,116.4000015258789,5900.285714285715,False,False
ACUTAAS,Acutaas Chemicals Limited,5578,EQ,NSE,True,True,True,True,3224.300048828125,447523.5,True,True
ADANIENSOL,Adani Energy Solutions Limited,10217,EQ,NSE,True,True,True,True,1646.0,2458355.8666666667,True,True
ADANIENT,Adani Enterprises Limited,25,EQ,NSE,True,True,True,True,3050.0,1618252.2333333334,True,True
ADANIGREEN,Adani Green Energy Limited,3563,EQ,NSE,True,True,True,True,1384.0,2687610.1,True,True
ADANIPORTS,Adani Ports and Special Economic Zone Limited,15083,EQ,NSE,True,True,True,True,1706.699951171875,2003550.8,True,True
ADANIPOWER,Adani Power Limited,17388,EQ,NSE,True,True,True,True,209.9499969482422,26981676.166666668,True,True
ADFFOODS,ADF Foods Limited,19761,EQ,NSE,True,True,True,True,273.25,746435.1666666666,True,True
ADL,Archidply Decor Limited,245,EQ,NSE,True,True,False,False,75.33000183105469,1031.9642857142858,False,False
ADOR,Ador Welding Limited,34,EQ,NSE,True,True,True,True,1510.800048828125,66104.0,True,True
ADROITINFO,Adroit Infotech Limited,4953,EQ,NSE,True,True,False,True,9.850000381469728,23842.53571428572,False,False
ADSL,Allied Digital Services Limited,14813,EQ,NSE,True,False,True,True,116.86000061035156,458468.724137931,False,False
ADVAIT,Advait Energy Transitions Limited,760657,EQ,NSE,True,True,True,True,2343.0,38187.357142857145,True,True
ADVANCE,Advance Agrolife Limited,759402,EQ,NSE,True,True,True,True,125.11000061035156,366410.9285714286,True,False
ADVANIHOTR,Advani Hotels & Resorts (India) Limited,14745,EQ,NSE,True,True,False,True,52.43000030517578,23261.53571428572,False,False
ADVENTHTL,Advent Hotels International Limited,759769,EQ,NSE,True,True,True,True,147.86000061035156,498397.4285714286,True,True
ADVENZYMES,Advanced Enzyme Technologies Limited,18039,EQ,NSE,True,True,True,True,322.6499938964844,387047.5714285714,True,True
AEGISLOG,Aegis Logistics Limited,40,EQ,NSE,True,False,True,True,1357.9000244140625,2331470.9,False,False
AEGISVOPAK,Aegis Vopak Terminals Limited,757336,EQ,NSE,True,True,True,True,296.1499938964844,2674035.7,True,True
AEPL,Artemis Electricals and Projects Limited,761330,EQ,NSE,True,True,False,True,14.079999923706056,15520.607142857143,False,False
AEQUS,Aequs Limited,760234,EQ,NSE,True,False,True,True,230.7899932861328,7291621.9655172415,False,False
AEROENTER,Aeroflex Enterprises Limited,12015,EQ,NSE,True,False,True,True,132.6699981689453,836191.4642857143,False,False
AEROFLEX,Aeroflex Industries Limited,18268,EQ,NSE,True,False,True,True,463.7999877929688,1492816.8,False,False
AERONEU,Aeroflex Neu Limited,13689,EQ,NSE,True,True,False,True,85.1500015258789,58578.03571428572,False,False
AEROPLANE,Amir Chand Jagdish Kumar (Exports) Limited,761670,EQ,NSE,True,True,True,True,201.38999938964844,918575.0344827586,True,True
AETHER,Aether Industries Limited,9810,EQ,NSE,True,False,True,True,1578.300048828125,474467.9655172414,False,False
AFCONS,Afcons Infrastructure Limited,25977,EQ,NSE,True,True,True,True,281.6000061035156,1380887.1724137932,True,True
AFFLE,Affle 3i Limited,11343,EQ,NSE,True,False,True,True,1683.300048828125,430981.1666666667,False,False
AFIL,Akme Fintrade (India) Limited,24159,EQ,NSE,True,True,False,True,9.270000457763672,568776.3928571428,False,False
AFSL,AFSL,13288,EQ,NSE,False,True,True,True,150.0,0.0,False,False
AGARIND,Agarwal Industrial Corporation Limited,3389,EQ,NSE,True,True,True,True,526.0,189421.57142857145,True,True
AGARWALEYE,Dr. Agarwal's Health Care Limited,29452,EQ,NSE,True,True,True,True,493.5,79671.55172413793,True,True
AGI,AGI Greenpac Limited,1412,EQ,NSE,True,True,True,True,714.7000122070312,115467.5,True,True
AGIIL,Agi Infra Limited,24445,EQ,NSE,True,True,True,True,306.8500061035156,2157142.2666666666,True,True
AGL,Allcargo Global Limited,763784,EQ,NSE,True,True,False,True,13.270000457763672,2928049.227272727,False,False
AGOL,AGOL,542579,B,BSE,True,True,False,True,3.9800000190734863,296118.9285714286,False,False
AGROPHOS,Agro Phos India Limited,9046,EQ,NSE,True,True,False,True,28.100000381469727,13420.892857142857,False,False
AHCL,Anlon Healthcare Limited,758968,EQ,NSE,True,True,False,True,14.56999969482422,4693620.517241379,False,False
AHLADA,Ahlada Engineers Limited,2004,EQ,NSE,True,True,False,False,37.20000076293945,8677.214285714286,False,False
AHLEAST,Asian Hotels (East) Limited,19438,EQ,NSE,True,True,True,False,143.27999877929688,4358.857142857143,False,False
AHLUCONT,Ahluwalia Contracts (India) Limited,17833,EQ,NSE,True,True,True,True,830.7000122070312,33539.5,True,True
AIAENG,AIA Engineering Limited,13086,EQ,NSE,True,True,True,True,4627.0,75203.71428571429,True,True
AIIL,AIIL,23553,EQ,NSE,False,True,True,True,150.0,0.0,False,False
AIRAN,Airan Limited,9897,EQ,NSE,True,True,False,True,15.050000190734863,44687.96428571428,False,False
AIROLAM,Airo Lam limited,6068,EQ,NSE,True,True,False,True,89.69000244140625,15790.714285714286,False,False
AJANTPHARM,Ajanta Pharma Limited,8124,EQ,NSE,True,True,True,True,3525.10009765625,133046.5172413793,True,True
AJAXENGG,Ajax Engineering Limited,29624,EQ,NSE,True,True,True,True,593.7999877929688,57499.53571428572,True,True
AJMERA,Ajmera Realty & Infra India Limited,17307,EQ,NSE,True,True,True,True,122.97000122070312,463257.1428571429,True,True
AJOONI,Ajooni Biotech Limited,3403,EQ,NSE,True,True,False,True,3.920000076293945,407621.7142857143,False,False
AKASH,Akash Infra-Projects Limited,13510,EQ,NSE,True,True,False,False,26.3700008392334,6663.107142857143,False,False
AKCAPIT,AKCAPIT,762538,EQ,NSE,False,True,True,True,150.0,0.0,False,False
AKG,Akg Exim Limited,2176,EQ,NSE,True,True,False,True,10.029999732971191,20050.85714285714,False,False
AKI,AKI India Limited,14890,EQ,NSE,True,True,False,True,4.039999961853027,77679.75862068965,False,False
AKSHAR,Akshar Spintex Limited,9558,EQ,NSE,True,True,False,True,0.4000000059604645,570852.7857142857,False,False
AKUMS,Akums Drugs and Pharmaceuticals Limited,24715,EQ,NSE,True,False,True,True,667.4000244140625,290981.0,False,False
ALANKIT,Alankit Limited,9921,EQ,NSE,True,True,False,True,7.809999942779541,98115.89285714286,False,False
ALBERTDAVD,Albert David Limited,17256,EQ,NSE,True,True,True,False,694.75,1956.392857142857,False,False
ALEMBICLTD,Alembic Limited,79,EQ,NSE,True,True,False,True,88.55000305175781,219890.551724138,False,False
ALGOQUANT,ALGOQUANT,761270,EQ,NSE,False,True,True,True,150.0,0.0,False,False
ALICON,Alicon Castalloy Limited,13656,EQ,NSE,True,True,True,True,694.8499755859375,13507.785714285714,True,True
ALIVUS,Alivus Life Sciences Limited,5265,EQ,NSE,True,False,True,True,1335.800048828125,143205.83333333334,False,False
ALKEM,Alkem Laboratories Limited,11703,EQ,NSE,True,True,True,True,5608.0,149774.4827586207,True,True
ALKYLAMINE,Alkyl Amines Chemicals Limited,4487,EQ,NSE,True,True,True,True,1921.199951171875,153671.10714285713,True,True
ALLCARGO,Allcargo Logistics Limited,13501,EQ,NSE,True,True,False,True,8.210000038146973,3324499.285714286,False,False
ALLDIGI,Alldigi Tech Limited,11798,EQ,NSE,True,False,True,True,813.0999755859375,12660.25,False,False
ALLTIME,All Time Plastics Limited,758448,EQ,NSE,True,True,True,True,221.4499969482422,53119.0,True,True
ALMONDZ,Almondz Global Securities Limited,16719,EQ,NSE,True,True,False,True,13.729999542236328,200847.9655172414,False,False
ALOKINDS,Alok Industries Limited,17675,EQ,NSE,True,True,False,True,11.960000038146973,3715239.5,False,False
ALPA,Alpa Laboratories Limited,14848,EQ,NSE,True,True,False,True,67.0999984741211,14985.642857142857,False,False
ALPHAGEO,Alphageo (India) Limited,14597,EQ,NSE,True,True,True,True,247.67999267578125,10669.206896551725,True,True
ALPHALOGIC,ALPHALOGIC,542770,B,BSE,True,True,False,False,40.400001525878906,4859.107142857143,False,False
ALPINETEX,Alpine Texworld Limited,764186,EQ,NSE,True,True,False,True,68.04000091552734,262537.6,False,False
ALSL,ALSL,535916,B,BSE,True,True,False,False,62.63999938964844,9112.07142857143,False,False
AMAGI,Amagi Media Labs Limited,760740,EQ,NSE,True,True,True,True,674.7000122070312,545286.6551724138,True,True
AMBALALSA,Ambalal Sarabhai Enterprises Limited,762543,EQ,NSE,True,True,False,True,42.70000076293945,120710.75,False,False
AMBER,Amber Enterprises India Limited,1185,EQ,NSE,True,True,True,True,7395.0,242992.0344827586,True,True
AMBICAAGAR,Ambica Agarbathies & Aroma industries Limited,11496,EQ,NSE,True,True,False,False,24.64999961853028,3927.107142857143,False,False
AMBIKCO,Ambika Cotton Mills Limited,15234,EQ,NSE,True,True,True,True,1779.300048828125,15375.464285714286,True,True
AMBUJACEM,Ambuja Cements Limited,1270,EQ,NSE,True,True,True,True,436.0499877929688,2589344.7666666666,True,True
AMDIND,AMD Industries Limited,14398,EQ,NSE,True,True,False,True,46.2400016784668,19859.64285714286,False,False
AMJLAND,Amj Land Holdings Limited,2598,EQ,NSE,True,True,False,False,39.2599983215332,8641.92857142857,False,False
AMNPLST,Amines & Plasticizers Limited,19867,EQ,NSE,True,True,True,True,201.7700042724609,16666.821428571428,True,True
AMRUTANJAN,Amrutanjan Health Care Limited,17547,EQ,NSE,True,True,True,True,517.8499755859375,56454.42857142857,True,True
ANANDRATHI,Anand Rathi Wealth Limited,7145,EQ,NSE,True,True,True,True,2034.0,434757.0,True,True
ANANTRAJ,Anant Raj Limited,13620,EQ,NSE,True,True,True,True,630.4000244140625,2799474.066666667,True,True
ANDHRAPAP,ANDHRA PAPER LIMITED,166,EQ,NSE,True,True,False,True,61.93999862670898,164197.5,False,False
ANDHRSUGAR,The Andhra Sugars Limited,136,EQ,NSE,True,True,False,True,87.19000244140625,646868.2413793104,False,False
ANDREWYU,ANDREWYU,526173,B,BSE,True,True,False,True,27.88999938964844,321157.6071428572,False,False
ANGELONE,Angel One Limited,324,EQ,NSE,True,False,True,True,300.3500061035156,6563813.633333334,False,False
ANIKINDS,Anik Industries Limited,16657,EQ,NSE,True,True,False,False,43.45000076293945,4727.5,False,False
ANMOL,Anmol India Limited,3727,EQ,NSE,True,True,False,True,10.06999969482422,28474.67857142857,False,False
ANTELOPUS,Antelopus Selan Energy Limited,13598,EQ,NSE,True,False,True,True,852.9500122070312,137966.85714285713,False,False
ANTGRAPHIC,Antarctica Limited,5194,EQ,NSE,True,True,False,True,0.75,161761.5357142857,False,False
ANTHEM,Anthem Biosciences Limited,757885,EQ,NSE,True,False,True,True,819.25,726805.6896551724,False,False
ANUHPHR,Anuh Pharma Limited,28314,EQ,NSE,True,True,False,True,80.38999938964844,38286.107142857145,False,False
ANUP,The Anup Engineering Limited,9014,EQ,NSE,True,True,True,True,2189.5,23708.464285714286,True,True
ANURAS,Anupam Rasayan India Limited,2829,EQ,NSE,True,True,True,True,1214.4000244140625,341887.1724137931,True,True
ANUROOP,ANUROOP,542865,B,BSE,True,True,False,False,12.0,8448.107142857143,False,False
APARINDS,Apar Industries Limited,11491,EQ,NSE,True,True,True,True,15433.0,157653.03333333333,True,True
APCL,Anjani Portland Cement Limited,20453,EQ,NSE,True,True,True,False,102.0999984741211,7107.178571428572,False,False
APCOTEXIND,Apcotex Industries Limited,154,EQ,NSE,True,True,True,True,626.2000122070312,429342.1666666667,True,True
APEX,Apex Frozen Foods Limited,21623,EQ,NSE,True,True,True,True,378.2999877929688,108265.41379310343,True,True
APIS,APIS,506166,B,BSE,True,True,False,True,55.58000183105469,12457.5,False,False
APLAPOLLO,APL Apollo Tubes Limited,25780,EQ,NSE,True,True,True,True,1920.0,636592.6,True,True
APLLTD,Alembic Pharmaceuticals Limited,25328,EQ,NSE,True,False,True,True,809.4000244140625,138171.39285714287,False,False
APOLLO,Apollo Micro Systems Limited,1134,EQ,NSE,True,True,True,True,398.2000122070313,11265084.666666666,True,True
APOLLOHOSP,Apollo Hospitals Enterprise Limited,157,EQ,NSE,True,True,True,True,9050.0,269200.6896551724,True,True
APOLLOPIPE,Apollo Pipes Limited,14361,EQ,NSE,True,False,True,True,527.3499755859375,162185.5357142857,False,False
APOLLOTYRE,Apollo Tyres Limited,163,EQ,NSE,True,True,True,True,438.3500061035156,803308.6785714285,True,True
APOLSINHOT,Apollo Sindoori Hotels Limited,6302,EQ,NSE,True,True,True,False,1198.5,3415.0714285714284,False,False
APTUS,APTUS,5435,EQ,NSE,False,True,True,True,150.0,0.0,False,False
AQYLON,Aqylon Nexus Limited,23365,EQ,NSE,True,True,False,True,25.420000076293945,2854926.9,False,False
ARCHIDPLY,Archidply Industries Limited,16795,EQ,NSE,True,True,False,False,80.86000061035156,6790.142857142857,False,False
ARCHIES,Archies Limited,5688,EQ,NSE,True,True,False,True,14.199999809265137,14853.214285714286,False,False
ARE&M,Amara Raja Energy & Mobility Limited,100,EQ,NSE,True,False,True,True,921.0,790599.7586206896,False,False
ARENTERP,Rajdarshan Industries Limited,181,EQ,NSE,True,True,False,True,39.4900016784668,21760.571428571428,False,False
ARFIN,Arfin India Limited,758700,EQ,NSE,True,True,False,True,86.2300033569336,2048224.071428572,False,False
ARIES,Aries Agro Limited,15204,EQ,NSE,True,False,True,True,341.1000061035156,15271.535714285714,False,False
ARIHANT,Arihant Foundations & Housing Limited,13885,EQ,NSE,True,True,True,False,1149.5999755859375,9849.51724137931,False,False
ARIHANTCAP,ARIHANTCAP,3813,EQ,NSE,False,True,True,True,150.0,0.0,False,False
ARIHANTSUP,Arihant Superstructures Limited,20159,EQ,NSE,True,True,True,True,258.8500061035156,19974.5,True,True
ARIS,Arisinfra Solutions Limited,757614,EQ,NSE,True,True,True,True,130.50999450683594,906411.6071428572,True,True
ARKADE,Arkade Developers Limited,25398,EQ,NSE,True,True,True,True,139.17999267578125,632955.3571428572,True,True
ARL,ARL,542721,B,BSE,True,True,False,True,43.56999969482422,28531.92857142857,False,False
ARMANFIN,ARMANFIN,17263,EQ,NSE,False,True,True,True,150.0,0.0,False,False
AROGRANITE,Aro Granite Industries Limited,14557,EQ,NSE,True,True,False,False,25.040000915527344,7819.310344827586,False,False
ARSSBL,Anand Rathi Share and Stock Brokers Limited,759956,EQ,NSE,True,False,True,True,515.3499755859375,260090.06896551725,False,False
ARTEMISMED,Artemis Medicare Services Limited,16913,EQ,NSE,True,False,True,True,301.75,277094.9655172414,False,False
ARTNIRMAN,Art Nirman Limited,6156,EQ,NSE,True,True,False,False,40.58000183105469,971.3928571428572,False,False
ARVEE,Arvee Laboratories (India) Limited,2814,EQ,NSE,True,True,True,False,158.5500030517578,1106.178571428571,False,False
ARVIND,Arvind Limited,193,EQ,NSE,True,True,True,True,547.3499755859375,822276.1785714285,True,True
ARVINDFASN,Arvind Fashions Limited,9111,EQ,NSE,True,True,True,True,445.8999938964844,351769.71428571426,True,True
ARVSMART,Arvind SmartSpaces Limited,10457,EQ,NSE,True,True,True,True,604.2000122070312,27590.214285714286,True,True
ARYACAPM,ARYACAPM,538716,B,BSE,True,True,True,False,400.0,381.9285714285714,False,False
ASAHIINDIA,Asahi India Glass Limited,5378,EQ,NSE,True,False,True,True,898.0,136667.5,False,False
ASAL,Automotive Stampings and Assemblies Limited,10634,EQ,NSE,True,True,True,True,507.2999877929688,31768.10714285714,True,True
ASALCBR,ASALCBR,17598,EQ,NSE,False,True,True,True,150.0,0.0,False,False
ASHAPURMIN,Ashapura Minechem Limited,203,EQ,NSE,True,True,True,True,719.2999877929688,409936.2068965517,True,True
ASHIANA,Ashiana Housing Limited,24403,EQ,NSE,True,True,True,True,387.7999877929688,330178.46428571426,True,True
ASHIKAG,Ashika Global Securities Limited,762548,EQ,NSE,True,True,True,True,459.2999877929688,378247.5862068966,True,True
ASHIMASYN,Ashima Limited,206,EQ,NSE,True,True,False,True,18.15999984741211,313799.2413793103,False,False
ASHOKA,Ashoka Buildcon Limited,20182,EQ,NSE,True,True,True,True,120.33000183105467,641064.4,True,True
ASHOKAMET,Ashoka Metcast Limited,16943,EQ,NSE,True,True,False,False,14.140000343322754,9982.17857142857,False,False
ASHOKLEY,Ashok Leyland Limited,212,EQ,NSE,True,True,True,True,172.0800018310547,20980326.73333333,True,True
ASIANENE,Asian Energy Services Limited,7030,EQ,NSE,True,True,True,True,417.6000061035156,307827.39285714284,True,True
ASIANHOTNR,Asian Hotels (North) Limited,18422,EQ,NSE,True,True,True,True,301.54998779296875,66663.17857142857,True,True
ASIANPAINT,Asian Paints Limited,236,EQ,NSE,True,False,True,True,2775.0,1194544.8275862068,False,False
ASIANTILES,Asian Granito India Limited,14889,EQ,NSE,True,True,False,True,53.09999847412109,14479753.392857144,False,False
ASKAUTOLTD,ASK Automotive Limited,20152,EQ,NSE,True,True,True,True,551.2999877929688,283070.5714285714,True,True
ASMTEC,ASMTEC,526433,B,BSE,True,True,True,True,4811.35009765625,25318.5,True,True
ASPINWALL,Aspinwall and Company Limited,17270,EQ,NSE,True,True,True,False,242.16000366210932,3238.928571428572,False,False
ASTAR,Asian Star Company Limited,762553,EQ,NSE,True,True,True,False,590.0,92.34615384615384,False,False
ASTEC,Astec LifeSciences Limited,17728,EQ,NSE,True,True,True,True,622.25,37487.66666666666,True,True
ASTERDM,Aster DM Quality Care Limited,1508,EQ,NSE,True,False,True,True,834.7000122070312,509388.1666666667,False,False
ASTRAL,Astral Limited,14418,EQ,NSE,True,True,True,True,1448.0,732043.1724137932,True,True
ASTRAMICRO,Astra Microwave Products Limited,11618,EQ,NSE,True,True,True,True,1835.4000244140625,667313.3333333334,True,True
ASTRAZEN,AstraZeneca Pharma India Limited,5610,EQ,NSE,True,True,True,False,8210.5,6664.678571428572,False,False
ATALREAL,Atal Realtech Limited,15649,EQ,NSE,True,True,False,True,33.970001220703125,7967820.928571428,False,False
ATAM,Atam Valves Limited,15404,EQ,NSE,True,True,False,False,66.55999755859375,5989.75,False,False
ATGL,Adani Total Gas Limited,6066,EQ,NSE,True,True,True,True,666.9500122070312,1590489.8,True,True
ATHERENERG,Ather Energy Limited,757645,EQ,NSE,True,True,True,True,1450.4000244140625,5192629.033333333,True,True
ATL,Allcargo Terminals Limited,17778,EQ,NSE,True,True,False,True,23.299999237060547,100732.92857142857,False,False
ATLANTAA,ATLANTAA LIMITED,13585,EQ,NSE,True,True,False,True,37.619998931884766,32580.6551724138,False,False
ATLANTAELE,Atlanta Electricals Limited,759007,EQ,NSE,True,True,True,True,1614.0,119079.32142857143,True,True
ATLASCYCLE,Atlas Cycles (Haryana) Limited,4568,EQ,NSE,True,True,False,False,97.95999908447266,4944.178571428572,False,False
ATLPP,ATLPP,890228,B,BSE,True,True,False,False,8.670000076293945,616.5185185185185,False,False
ATUL,Atul Limited,263,EQ,NSE,True,True,True,True,6793.5,60040.379310344826,True,True
ATULAUTO,Atul Auto Limited,30023,EQ,NSE,True,True,True,True,557.7999877929688,203811.41379310345,True,True
AUBANK,AUBANK,21238,EQ,NSE,False,True,True,True,150.0,0.0,False,False
AURIONPRO,Aurionpro Solutions Limited,12022,EQ,NSE,True,True,True,True,738.5,147399.75,True,True
AUROPHARMA,Aurobindo Pharma Limited,275,EQ,NSE,True,True,True,True,1585.9000244140625,1168609.3793103448,True,True
AURUM,Aurum PropTech Limited,10310,EQ,NSE,True,False,True,True,216.2100067138672,482424.4642857143,False,False
AURUS,AURUS GEM CORPORATION LIMITED,31468,EQ,NSE,True,True,False,True,4.619999885559082,24210.464285714286,False,False
AUTOAXLES,Automotive Axles Limited,278,EQ,NSE,True,True,True,False,1870.4000244140625,8994.137931034482,False,False
AVADHSUGAR,Avadh Sugar & Energy Limited,21406,EQ,NSE,True,False,True,True,615.0499877929688,210134.93103448275,False,False
AVAILFC,AVAILFC,531310,B,BSE,True,True,True,False,141.0,3176.8928571428573,False,False
AVALON,Avalon Technologies Limited,15058,EQ,NSE,True,True,True,True,1805.4000244140625,324826.1034482759,True,True
AVANTEL,Avantel Limited,24610,EQ,NSE,True,True,True,True,164.07000732421875,2943884.3666666667,True,True
AVANTIFEED,Avanti Feeds Limited,7936,EQ,NSE,True,True,True,True,893.4000244140625,506588.6666666667,True,True
AVL,Aditya Vision Limited,25984,EQ,NSE,True,True,True,True,634.4000244140625,240099.82142857145,True,True
AVONMORE,AVONMORE,13557,EQ,NSE,False,True,True,True,150.0,0.0,False,False
AVROIND,AVRO INDIA LIMITED,8827,EQ,NSE,True,True,False,True,8.869999885559082,279324.0714285714,False,False
AVTNPL,AVT Natural Products Limited,14008,EQ,NSE,True,True,False,True,70.83000183105469,36244.357142857145,False,False
AWFIS,Awfis Space Solutions Limited,23864,EQ,NSE,True,True,True,True,273.04998779296875,248329.32142857145,True,True
AWHCL,Antony Waste Handling Cell Limited,1797,EQ,NSE,True,True,True,True,429.5499877929688,79174.41379310345,True,True
AWL,AWL Agri Business Limited,8110,EQ,NSE,True,True,True,True,190.58999633789065,3682371.0,True,True
AXISBANK,AXISBANK,5900,EQ,NSE,False,True,True,True,150.0,0.0,False,False
AXISCADES,AXISCADES Technologies Limited,9436,EQ,NSE,True,True,True,True,1583.199951171875,241590.1379310345,True,True
AXITA,Axita Cotton Limited,9902,EQ,NSE,True,True,False,True,7.349999904632568,448706.53571428574,False,False
AYE,AYE,760981,EQ,NSE,False,True,True,True,150.0,0.0,False,False
AYMSYNTEX,AYM Syntex Limited,10285,EQ,NSE,True,False,True,True,256.25,66609.13793103448,False,False
AZAD,Azad Engineering Limited,20905,EQ,NSE,True,True,True,True,2374.39990234375,620773.5714285715,True,True
BAGFILMS,B.A.G Films and Media Limited,11226,EQ,NSE,True,True,False,True,4.440000057220459,78246.75,False,False
BAIDFIN,BAIDFIN,13794,EQ,NSE,False,True,True,True,150.0,0.0,False,False
BAJAJ-AUTO,Bajaj Auto Limited,16669,EQ,NSE,True,True,True,True,11600.0,444173.275862069,True,True
BAJAJCON,Bajaj Consumer Care Limited,19531,EQ,NSE,True,True,True,True,544.2000122070312,1036597.75,True,True
BAJAJELEC,Bajaj Electricals Limited,15034,EQ,NSE,True,True,True,True,349.70001220703125,156049.9655172414,True,True
BAJAJFINSV,BAJAJFINSV,16675,EQ,NSE,False,True,True,True,150.0,0.0,False,False
BAJAJHCARE,Bajaj Healthcare Limited,6863,EQ,NSE,True,True,True,True,335.6000061035156,959010.2857142856,True,True
BAJAJHFL,BAJAJHFL,25270,EQ,NSE,False,True,True,True,150.0,0.0,False,False
BAJAJHIND,Bajaj Hindusthan Sugar Limited,308,EQ,NSE,True,True,False,True,18.059999465942383,4881685.8,False,False
BAJAJHLDNG,BAJAJHLDNG,305,EQ,NSE,False,True,True,True,150.0,0.0,False,False
BAJAJINDEF,Indef Manufacturing Limited,29678,EQ,NSE,True,True,True,True,232.0800018310547,31571.821428571428,True,True
BAJAJST,Bajaj Steel Industries Limited,762563,EQ,NSE,True,True,True,True,390.3500061035156,23089.51724137931,True,True
BAJEL,Bajel Projects Limited,20531,EQ,NSE,True,True,True,True,178.69000244140625,211614.2068965517,True,True
BAJFINANCE,BAJFINANCE,317,EQ,NSE,False,True,True,True,150.0,0.0,False,False
BALAJEE,Shree Tirupati Balajee Agro Trading Company Limited,25203,EQ,NSE,True,True,False,True,27.40999984741211,47804.357142857145,False,False
BALAJITELE,Balaji Telefilms Limited,9158,EQ,NSE,True,True,False,True,85.12000274658203,117409.41379310343,False,False
BALAMINES,Balaji Amines Limited,14501,EQ,NSE,True,False,True,True,1994.9000244140625,332267.8333333333,False,False
BALAXI,BALAXI PHARMACEUTICALS LIMITED,11309,EQ,NSE,True,True,False,True,24.030000686645508,23041.14285714286,False,False
BALKRISHNA,Balkrishna Paper Mills Limited,10181,EQ,NSE,True,True,False,True,17.469999313354492,19291.964285714286,False,False
BALKRISIND,Balkrishna Industries Limited,335,EQ,NSE,True,True,True,True,2491.89990234375,406787.2333333333,True,True
BALMLAWRIE,Balmer Lawrie & Company Limited,338,EQ,NSE,True,True,True,True,174.4199981689453,109521.06896551725,True,True
BALPHARMA,Bal Pharma Limited,13441,EQ,NSE,True,True,False,True,87.87000274658203,57353.17857142857,False,False
BALRAMCHIN,Balrampur Chini Mills Limited,341,EQ,NSE,True,True,True,True,658.7000122070312,733095.3793103448,True,True
BALUFORGE,Balu Forge Industries Limited,23607,EQ,NSE,True,False,True,True,439.4500122070313,390114.7333333333,False,False
BANARBEADS,Banaras Beads Limited,347,EQ,NSE,True,True,True,True,113.97000122070312,13059.785714285714,True,True
BANARISUG,Bannari Amman Sugars Limited,350,EQ,NSE,True,True,True,False,3480.39990234375,325.82142857142856,False,False
BANCOINDIA,Banco Products (I) Limited,13880,EQ,NSE,True,True,True,True,669.75,138752.6896551724,True,True
BANDHANBNK,BANDHANBNK,2263,EQ,NSE,False,True,True,True,150.0,0.0,False,False
BANG,Bang Overseas Limited,15303,EQ,NSE,True,True,False,True,30.100000381469727,106295.32142857143,False,False
BANKBARODA,BANKBARODA,4668,EQ,NSE,False,True,True,True,150.0,0.0,False,False
BANKINDIA,BANKINDIA,4745,EQ,NSE,False,True,True,True,150.0,0.0,False,False
BANSALWIRE,Bansal Wire Industries Limited,24386,EQ,NSE,True,True,True,True,314.70001220703125,287233.71428571426,True,True
BANSWRAS,Banswara Syntex Limited,14511,EQ,NSE,True,True,True,True,125.48999786376952,51825.42857142857,True,True
BASF,BASF India Limited,368,EQ,NSE,True,False,True,True,3947.10009765625,43967.892857142855,False,False
BATAINDIA,Bata India Limited,371,EQ,NSE,True,True,True,True,709.5499877929688,280152.3793103448,True,True
BATLIBOI,Batliboi Limited,762568,EQ,NSE,True,True,False,True,84.0199966430664,56423.42857142857,False,False
BAYERCROP,Bayer Cropscience Limited,17927,EQ,NSE,True,True,True,True,4331.0,42717.82142857143,True,True
BBL,Bharat Bijlee Limited,13761,EQ,NSE,True,True,True,True,2390.199951171875,32646.321428571428,True,True
BBOX,Black Box Limited,3435,EQ,NSE,True,True,True,True,750.0499877929688,350409.93333333335,True,True
BBTC,The Bombay Burmah Trading Corporation Limited,380,EQ,NSE,True,True,True,True,1505.699951171875,24005.51724137931,True,True
BBTCL,B&B Triplewall Containers Limited,12153,EQ,NSE,True,True,True,False,221.1999969482422,7373.551724137931,False,False
BCG,Brightcom Group Limited,8833,EQ,NSE,True,True,False,True,9.460000038146973,3997399.214285714,False,False
BCLIND,Bcl Industries Limited,2513,EQ,NSE,True,True,False,True,37.209999084472656,3343716.7586206896,False,False
BCONCEPTS,Brand Concepts Limited,7780,EQ,NSE,True,True,True,True,183.91000366210932,18121.571428571428,True,True
BCPL,BCPL Railway Infrastructure Limited,761494,EQ,NSE,True,True,False,False,69.0,8527.241379310344,False,False
BDL,Bharat Dynamics Limited,2144,EQ,NSE,True,True,True,True,1265.0,981693.4666666668,True,True
BEARDSELL,Beardsell Limited,17933,EQ,NSE,True,True,False,True,27.32999992370605,19942.39285714286,False,False
BECTORFOOD,Mrs. Bectors Food Specialities Limited,1628,EQ,NSE,True,True,True,True,209.9600067138672,9840131.933333334,True,True
BEDMUTHA,Bedmutha Industries Limited,20196,EQ,NSE,True,True,True,False,109.52999877929688,2728.1428571428573,False,False
BEEKAY,Beekay Steel Industries Limited,762573,EQ,NSE,True,True,True,False,400.7000122070313,3268.862068965517,False,False
BEL,Bharat Electronics Limited,383,EQ,NSE,True,True,True,True,391.5,12179503.2,True,True
BELLACASA,Bella Casa Fashion & Retail Limited,757938,EQ,NSE,True,True,True,True,246.3800048828125,14236.357142857143,True,True
BELRISE,Belrise Industries Limited,757102,EQ,NSE,True,True,True,True,240.33999633789065,4654812.866666666,True,True
BEML,BEML Limited,395,EQ,NSE,True,False,True,True,1690.5999755859375,256426.1379310345,False,False
BENARAS,BENARAS,509438,B,BSE,True,True,True,False,10239.5498046875,543.4285714285714,False,False
BENGALASM,Bengal & Assam Company Limited,762578,EQ,NSE,True,True,True,False,6256.0,214.0,False,False
BEPL,Bhansali Engineering Polymers Limited,419,EQ,NSE,True,True,True,True,122.94000244140624,8255479.448275862,True,True
BERGEPAINT,Berger Paints (I) Limited,404,EQ,NSE,True,True,True,True,533.7999877929688,348958.78571428574,True,True
BESTAGRO,Best Agrolife Limited,2306,EQ,NSE,True,True,False,True,22.65999984741211,3153472.5517241377,False,False
BETA,Beta Drugs Limited,759842,EQ,NSE,True,True,True,True,2365.0,51106.78571428572,True,True
BFINVEST,BFINVEST,21113,EQ,NSE,False,True,True,True,150.0,0.0,False,False
BFUTILITIE,BF Utilities Limited,14567,EQ,NSE,True,True,True,True,568.5,231295.24137931035,True,True
BGDL,BGDL,521238,B,BSE,True,True,False,True,88.37999725341797,10261.285714285714,False,False
BHAGCHEM,Bhagiradha Chemicals & Industries Limited,6164,EQ,NSE,True,True,True,True,286.1000061035156,155575.3103448276,True,True
BHARATCOAL,Bharat Coking Coal Limited,760726,EQ,NSE,True,True,False,True,34.20000076293945,13140362.466666669,False,False
BHARATFORG,Bharat Forge Limited,422,EQ,NSE,True,True,True,True,2195.0,1039921.7333333332,True,True
BHARATRAS,Bharat Rasayan Limited,3834,EQ,NSE,True,True,True,False,1345.4000244140625,7790.571428571428,False,False
BHARATSE,Bharat Seats Limited,30244,EQ,NSE,True,True,True,True,231.8699951171875,1785738.2413793104,True,True
BHARATWIRE,Bharat Wire Ropes Limited,16123,EQ,NSE,True,True,True,True,200.3999938964844,253607.32142857145,True,True
BHARTIARTL,Bharti Airtel Limited,10604,EQ,NSE,True,True,True,True,1970.0999755859373,5992485.633333334,True,True
BHARTIHEXA,Bharti Hexacom Limited,23489,EQ,NSE,True,True,True,True,1616.800048828125,229303.37931034484,True,True
BHEL,Bharat Heavy Electricals Limited,438,EQ,NSE,True,True,True,True,411.9500122070313,14927657.066666666,True,True
BI,Bilcare Limited,762583,EQ,NSE,True,True,False,False,60.52999877929688,7914.586206896552,False,False
BIBCL,BIBCL,524663,B,BSE,True,True,False,True,16.18000030517578,20569.67857142857,False,False
BIGBLOC,Bigbloc Construction Limited,18431,EQ,NSE,True,True,False,True,46.47999954223633,50073.42857142857,False,False
BIKAJI,Bikaji Foods International Limited,11966,EQ,NSE,True,True,True,True,647.9000244140625,106382.93103448275,True,True
BIL,Bhartiya International Limited,7848,EQ,NSE,True,True,True,False,801.75,8305.82142857143,False,False
BIMETAL,Bimetal Bearings Limited,762588,EQ,NSE,True,True,True,False,645.75,1187.821428571429,False,False
BIOCON,Biocon Limited,11373,EQ,NSE,True,True,True,True,422.0,5935266.620689655,True,True
BIOFILCHEM,Biofil Chemicals & Pharmaceuticals Limited,4136,EQ,NSE,True,True,False,False,32.900001525878906,7571.142857142857,False,False
BIRLACORPN,Birla Corporation Limited,480,EQ,NSE,True,False,True,True,902.2999877929688,121268.75862068964,False,False
BIRLAMONEY,Aditya Birla Money Limited,15239,EQ,NSE,True,True,True,True,133.74000549316406,125789.35714285714,True,True
BIRLANU,BirlaNu Limited,1455,EQ,NSE,True,False,True,True,1355.300048828125,10383.5,False,False
BIRLAPREC,Birla Precision Technologies Limited,762593,EQ,NSE,True,True,False,True,34.47999954223633,29770.03448275862,False,False
BLACKBUCK,BLACKBUCK LIMITED,27144,EQ,NSE,True,False,True,True,546.5,418897.5714285714,False,False
BLAL,BEML Land Assets Limited,15067,EQ,NSE,True,True,True,True,173.61000061035156,19933.28571428572,True,True
BLBLIMITED,BLB Limited,8132,EQ,NSE,True,True,False,True,15.5,57187.78571428572,False,False
BLIL,BLIL,762603,EQ,NSE,False,True,True,True,150.0,0.0,False,False
BLKASHYAP,B. L. Kashyap and Sons Limited,13290,EQ,NSE,True,True,False,True,54.45000076293945,516374.3103448276,False,False
BLS,BLS International Services Limited,17279,EQ,NSE,True,True,True,True,247.9499969482422,1326853.0689655172,True,True
BLSE,BLS E-Services Limited,22566,EQ,NSE,True,True,True,True,301.45001220703125,1364485.892857143,True,True
BLUECLOUDS,BLUECLOUDS,539607,B,BSE,True,True,False,True,19.850000381469727,5543470.5,False,False
BLUEDART,Blue Dart Express Limited,495,EQ,NSE,True,True,True,True,5364.5,32488.103448275862,True,True
BLUEJET,Blue Jet Healthcare Limited,19686,EQ,NSE,True,True,True,True,582.0499877929688,1123912.448275862,True,True
BLUESTARCO,Blue Star Limited,8311,EQ,NSE,True,True,True,True,1685.0,294913.0333333333,True,True
BLUESTONE,BlueStone Jewellery and Lifestyle Limited,759291,EQ,NSE,True,True,True,True,848.75,6320852.5,True,True
BLUSPRING,Bluspring Enterprises Limited,757520,EQ,NSE,True,True,True,True,111.4800033569336,808344.275862069,True,True
BMWVENTLTD,BMW Ventures Limited,759256,EQ,NSE,True,True,False,True,57.15999984741211,67239.27586206897,False,False
BOHRAIND,Bohra Industries Limited,11640,EQ,NSE,True,True,False,True,14.8100004196167,24646.821428571428,False,False
BOMDYEING,Bombay Dyeing & Mfg Company Limited,513,EQ,NSE,True,True,True,True,121.95999908447266,434925.1785714286,True,True
BONLON,Bonlon Industries Limited,761056,EQ,NSE,True,True,False,False,41.86000061035156,6706.964285714285,False,False
BORANA,Borana Weaves Limited,757919,EQ,NSE,True,True,True,True,319.0,36666.42857142857,True,True
BOROLTD,Borosil Limited,19401,EQ,NSE,True,True,True,True,239.8699951171875,105400.39285714286,True,True
BORORENEW,BOROSIL RENEWABLES LIMITED,3149,EQ,NSE,True,True,True,True,559.0499877929688,789400.5862068966,True,True
BOROSCI,Borosil Scientific Limited,24014,EQ,NSE,True,True,True,True,145.75,351068.724137931,True,True
BOSCH-HCIL,BOSCH HOME COMFORT INDIA LIMITED,4491,EQ,NSE,True,True,True,True,1439.4000244140625,32375.10714285714,True,True
BOSCHLTD,Bosch Limited,2181,EQ,NSE,True,True,True,True,41200.0,33668.92857142857,True,True
BPAGRI,BPAGRI,514440,B,BSE,True,True,False,True,8.930000305175781,48637.53571428572,False,False
BPCL,Bharat Petroleum Corporation Limited,526,EQ,NSE,True,True,True,True,324.0,6860150.566666666,True,True
BPL,BPL Limited,530,EQ,NSE,True,True,False,True,53.41999816894531,78201.67857142857,False,False
BRIGADE,Brigade Enterprises Limited,15184,EQ,NSE,True,False,True,True,580.2000122070312,750473.1785714285,False,False
BRIGHOTEL,Brigade Hotel Ventures Limited,757794,EQ,NSE,True,True,False,True,61.79999923706055,104970.86206896552,False,False
BRITANNIA,Britannia Industries Limited,547,EQ,NSE,True,True,True,True,5478.0,240911.24137931035,True,True
BRNL,Bharat Road Network Limited,21683,EQ,NSE,True,True,False,True,17.450000762939453,29224.17857142857,False,False
BRPL,BRPL,538546,B,BSE,True,True,True,False,130.89999389648438,7421.5,False,False
BSE,BSE Limited,19585,EQ,NSE,True,False,True,True,3618.0,2647599.7666666666,False,False
BSL,BSL Limited,559,EQ,NSE,True,True,True,False,124.87000274658205,7777.321428571428,False,False
BSOFT,BIRLASOFT LIMITED,6994,EQ,NSE,True,True,True,True,323.20001220703125,2552097.0,True,True
BTML,Bodhi Tree Multimedia Limited,14150,EQ,NSE,True,True,False,True,6.690000057220459,254537.57142857145,False,False
BUILDPRO,Shankara Buildpro Limited,760594,EQ,NSE,True,True,True,True,1337.800048828125,123918.06896551725,True,True
BUTTERFLY,Butterfly Gandhimathi Appliances Limited,2716,EQ,NSE,True,True,True,True,664.4500122070312,82002.31034482758,True,True
BVCL,Barak Valley Cements Limited,15073,EQ,NSE,True,True,False,True,41.70000076293945,26793.03571428572,False,False
CAMLINFINE,Camlin Fine Sciences Limited,6216,EQ,NSE,True,True,True,True,130.22999572753906,646382.8275862068,True,True
CAMPUS,Campus Activewear Limited,9362,EQ,NSE,True,True,True,True,223.7700042724609,2357707.6896551726,True,True
CAMS,CAMS Ltd,342,EQ,NSE,False,True,True,True,150.0,0.0,False,False
CANBK,CANBK,10794,EQ,NSE,False,True,True,True,150.0,0.0,False,False
CANFINHOME,Can Fin Homes Limited,583,EQ,NSE,True,True,True,True,809.7999877929688,337348.2413793103,True,True
CANHLIFE,CANHLIFE,759477,EQ,NSE,False,True,True,True,150.0,0.0,False,False
CANTABIL,Cantabil Retail India Limited,20160,EQ,NSE,True,True,True,True,247.8600006103516,327048.1034482759,True,True
CAPACITE,Capacit'e Infraprojects Limited,21749,EQ,NSE,True,True,True,True,213.5200042724609,541674.8275862068,True,True
CAPILLARY,Capillary Technologies India Limited,759867,EQ,NSE,True,True,True,True,534.9500122070312,639138.1,True,True
CAPITALSFB,CAPITALSFB,22675,EQ,NSE,False,True,True,True,150.0,0.0,False,False
CAPLIPOINT,Caplin Point Laboratories Limited,3906,EQ,NSE,True,True,True,True,2571.89990234375,122249.8275862069,True,True
CAPPIPES,CAPPIPES,538817,B,BSE,True,True,False,True,9.09000015258789,61138.25,False,False
CAPTRUST,CAPTRUST,19447,EQ,NSE,False,True,True,True,150.0,0.0,False,False
CARBORUNIV,Carborundum Universal Limited,595,EQ,NSE,True,True,True,True,1078.5,142339.10344827586,True,True
CARERATING,CARE Ratings Limited,29113,EQ,NSE,True,True,True,True,1729.4000244140625,36992.89655172414,True,True
CARRARO,Carraro India Limited,28879,EQ,NSE,True,True,True,True,540.4000244140625,161705.24137931035,True,True
CARTRADE,Cartrade Tech Limited,5407,EQ,NSE,True,False,True,True,2805.39990234375,800220.3928571428,False,False
CARYSIL,CARYSIL LIMITED,1879,EQ,NSE,True,True,True,True,1178.199951171875,109528.46428571428,True,True
CASTROLIND,Castrol India Limited,1250,EQ,NSE,True,True,True,True,187.0599975585937,1265162.9655172413,True,True
CCAVENUE,AvenuesAI Limited,16249,EQ,NSE,True,True,False,True,16.959999084472656,23552930.275862068,False,False
CCCL,Consolidated Construction Consortium Limited,14992,EQ,NSE,True,True,False,True,15.68000030517578,577525.7931034482,False,False
CCHHL,Country Club Hospitality & Holidays Limited,6385,EQ,NSE,True,True,False,True,12.81999969482422,21129.25,False,False
CCL,CCL Products (India) Limited,11452,EQ,NSE,True,True,True,True,1122.0,184193.9655172414,True,True
CDSL,Central Depository Services (India) Limited,21174,EQ,NSE,True,True,True,True,1340.0,1686973.5333333334,True,True
CEATLTD,CEAT Limited,15254,EQ,NSE,True,True,True,True,3611.199951171875,204049.5862068965,True,True
CEIGALL,Ceigall India Limited,24742,EQ,NSE,True,True,True,True,339.8500061035156,412707.4482758621,True,True
CEINSYS,Ceinsys Tech Limited,761037,EQ,NSE,True,True,True,True,861.6500244140625,45111.17857142857,True,True
CELEBRITY,Celebrity Fashions Limited,13162,EQ,NSE,True,True,False,True,7.170000076293945,23418.25,False,False
CELLO,Cello World Limited,19795,EQ,NSE,True,True,True,True,344.8500061035156,251371.75862068965,True,True
CEMPRO,Cemindia Projects Limited,5622,EQ,NSE,True,True,True,True,1329.800048828125,680085.8275862068,True,True
CENTENKA,Century Enka Limited,619,EQ,NSE,True,True,True,True,620.5,298037.8214285714,True,True
CENTEXT,Century Extrusions Limited,11511,EQ,NSE,True,True,False,True,23.670000076293945,207622.7931034483,False,False
CENTRALBK,CENTRALBK,14894,EQ,NSE,False,True,True,True,150.0,0.0,False,False
CENTRUM,CENTRUM,2454,EQ,NSE,False,True,True,True,150.0,0.0,False,False
CENTUM,Centum Electronics Limited,14982,EQ,NSE,True,True,True,True,3698.60009765625,33002.53571428572,True,True
CENTURYPLY,Century Plyboards (India) Limited,13305,EQ,NSE,True,True,True,True,769.5,79080.03333333334,True,True
CERA,Cera Sanitaryware Limited,15039,EQ,NSE,True,True,True,False,6301.0,9892.964285714286,False,False
CESC,CESC Limited,628,EQ,NSE,True,True,True,True,164.75999450683594,1121767.6551724137,True,True
CEWATER,Concord Enviro Systems Limited,28764,EQ,NSE,True,True,True,True,279.6000061035156,190410.27586206896,True,True
CGCL,CGCL,20329,EQ,NSE,False,True,True,True,150.0,0.0,False,False
CGPOWER,CG Power and Industrial Solutions Limited,760,EQ,NSE,True,True,True,True,880.0499877929688,5298886.133333334,True,True
CHALET,Chalet Hotels Limited,8546,EQ,NSE,True,True,True,True,825.6500244140625,112780.46428571428,True,True
CHAMBLFERT,Chambal Fertilizers & Chemicals Limited,637,EQ,NSE,True,True,True,True,454.6000061035156,419846.1034482759,True,True
CHEMCRUX,CHEMCRUX,540395,B,BSE,True,True,True,False,100.8000030517578,4724.321428571428,False,False
CHEMPLASTS,Chemplast Sanmar Limited,5449,EQ,NSE,True,True,True,True,194.41000366210932,492780.0,True,True
CHENNPETRO,Chennai Petroleum Corporation Limited,2049,EQ,NSE,True,True,True,True,1325.699951171875,1697311.933333333,True,True
CHEVIOT,Cheviot Company Limited,9879,EQ,NSE,True,True,True,False,1130.5999755859375,2088.689655172414,False,False
CHOICEIN,Choice International Limited,8866,EQ,NSE,True,True,True,True,824.7999877929688,1135346.2758620689,True,True
CHOLAFIN,CHOLAFIN,685,EQ,NSE,False,True,True,True,150.0,0.0,False,False
CHOLAHLDNG,CHOLAHLDNG,21740,EQ,NSE,False,True,True,True,150.0,0.0,False,False
CIEINDIA,CIE Automotive India Limited,14937,EQ,NSE,True,True,True,True,410.6000061035156,457226.6551724138,True,True
CIFL,CIFL,756015,EQ,NSE,False,True,True,True,150.0,0.0,False,False
CINELINE,Cineline India Limited,27161,EQ,NSE,True,True,False,True,89.51000213623047,21700.10714285714,False,False
CINEVISTA,Cinevista Limited,8024,EQ,NSE,True,True,False,True,14.869999885559082,35052.857142857145,False,False
CIPLA,Cipla Limited,694,EQ,NSE,True,True,True,True,1460.0,1418802.6,True,True
CLEAN,Clean Science and Technology Limited,5049,EQ,NSE,True,True,True,True,774.5499877929688,331335.1379310345,True,True
CLEANMAX,Clean Max Enviro Energy Solutions Limited,760183,EQ,NSE,True,True,True,True,1326.699951171875,185216.7142857143,True,True
CLSEL,Chaman Lal Setia Exports Limited,3482,EQ,NSE,True,True,True,True,290.1499938964844,59326.142857142855,True,True
CMLL,Caliber Mining and Logistics Limited,764255,EQ,NSE,True,True,True,True,565.9000244140625,11317274.142857144,True,True
CMPDI,Central Mine Planning & Design Institute Limited,761581,EQ,NSE,True,True,True,True,247.0500030517578,3790329.5517241377,True,True
CMRGREEN,CMR Green Technologies Limited,30893,EQ,NSE,True,True,True,True,228.58999633789065,1591785.1724137932,True,True
CMSINFO,CMS Info Systems Limited,7603,EQ,NSE,True,True,True,True,279.3999938964844,603405.7333333333,True,True
CNL,Creative Newtech Limited,11155,EQ,NSE,True,True,True,True,1055.800048828125,534792.9310344828,True,True
COALINDIA,Coal India Limited,20374,EQ,NSE,True,False,True,True,417.6000061035156,6432359.0,False,False
COASTCORP,Coastal Corporation Limited,6006,EQ,NSE,True,True,False,True,48.52999877929688,105733.39285714286,False,False
COCHINSHIP,Cochin Shipyard Limited,21508,EQ,NSE,True,True,True,True,1430.0,1375201.7333333334,True,True
COCKERILL,John Cockerill India Limited,762623,EQ,NSE,True,True,True,False,8989.0,7620.857142857143,False,False
COFORGE,Coforge Limited,11543,EQ,NSE,True,True,True,True,1749.9000244140625,3565008.0,True,True
COHANCE,Cohance Lifesciences Limited,17945,EQ,NSE,True,True,True,True,424.8999938964844,690807.0689655172,True,True
COLPAL,Colgate Palmolive (India) Limited,15141,EQ,NSE,True,True,True,True,2010.0,391261.1724137931,True,True
COMFINTE,Comfort Intech Limited,762628,EQ,NSE,True,True,False,True,6.400000095367432,418986.3103448276,False,False
COMPUSOFT,Compucom Software Limited,31138,EQ,NSE,True,True,False,True,13.199999809265137,20646.071428571428,False,False
COMSYN,Commercial Syn Bags Limited,21578,EQ,NSE,True,False,True,True,211.0500030517578,1279282.3214285714,False,False
CONCOR,Container Corporation of India Limited,4749,EQ,NSE,True,True,True,True,515.0,2613520.413793104,True,True
CONCORDBIO,Concord Biotech Limited,18060,EQ,NSE,True,True,True,True,1420.0,134885.16666666666,True,True
CONFIPET,Confidence Petroleum India Limited,10238,EQ,NSE,True,True,False,True,82.08000183105469,3280106.275862069,False,False
CONTROLPR,Control Print Limited,17477,EQ,NSE,True,True,True,True,575.0499877929688,202468.6071428572,True,True
CORALFINAC,CORALFINAC,4007,EQ,NSE,False,True,True,True,150.0,0.0,False,False
CORDELIA,Waterways Leisure Tourism Limited,762163,EQ,NSE,True,False,True,True,819.6500244140625,1025011.6086956522,False,False
COROMANDEL,Coromandel International Limited,739,EQ,NSE,True,True,True,True,2115.5,208940.3,True,True
CORONA,CORONA Remedies Limited,760254,EQ,NSE,True,True,True,True,2159.699951171875,43025.25,True,True
COSMOFIRST,COSMO FIRST LIMITED,742,EQ,NSE,True,True,True,True,922.3499755859376,110618.60714285714,True,True
COUNCODOS,Country Condo's Limited,16986,EQ,NSE,True,True,False,True,6.019999980926514,267273.1071428572,False,False
CPEDU,Career Point Edutech Limited,758941,EQ,NSE,True,True,True,True,210.1100006103516,17736.89285714286,True,True
CPL,Captain Polyplast Limited,764203,EQ,NSE,True,True,False,True,71.76000213623047,31910.875,False,False
CPPLUS,Aditya Infotech Limited,758858,EQ,NSE,True,True,True,True,3499.199951171875,189030.0344827586,True,True
CRAFTSMAN,Craftsman Automation Limited,2854,EQ,NSE,True,True,True,True,10175.0,62309.21428571428,True,True
CRAMC,Canara Robeco Asset Management Company Limited,759311,EQ,NSE,True,True,True,True,266.6000061035156,1490199.1379310344,True,True
CREATIVEYE,Creative Eye Limited,9384,EQ,NSE,True,True,False,True,6.269999980926514,29989.28571428572,False,False
CREDITACC,CREDITACC,4421,EQ,NSE,False,True,True,True,150.0,0.0,False,False
CREST,Crest Ventures Limited,13900,EQ,NSE,True,True,True,False,386.25,5148.678571428572,False,False
CRISIL,Crisil Limited,757,EQ,NSE,True,True,True,True,4357.2001953125,74216.85714285714,True,True
CRIZAC,Crizac Limited,757850,EQ,NSE,True,False,True,True,191.7400054931641,368925.6,False,False
CROMPTON,Crompton Greaves Consumer Electricals Limited,17094,EQ,NSE,True,True,True,True,263.1000061035156,2657861.4,True,True
CROWN,Crown Lifters Limited,8083,EQ,NSE,True,False,True,True,114.6999969482422,10959.535714285714,False,False
CSBBANK,CSBBANK,14966,EQ,NSE,False,True,True,True,150.0,0.0,False,False
CSLFINANCE,CSLFINANCE,10350,EQ,NSE,False,True,True,True,150.0,0.0,False,False
CSM,CSM Technologies Limited,763753,EQ,NSE,True,True,True,True,100.37999725341795,438999.4782608696,True,True
CTE,Cambridge Technology Enterprises Limited,14218,EQ,NSE,True,True,False,True,39.81999969482422,13445.25,False,False
CUB,CUB,5701,EQ,NSE,False,True,True,True,150.0,0.0,False,False
CUBEXTUB,Cubex Tubings Limited,4064,EQ,NSE,True,True,False,True,78.52999877929688,42695.32142857143,False,False
CUMMINSIND,Cummins India Limited,1901,EQ,NSE,True,True,True,True,5550.0,453804.8965517241,True,True
CUPID,Cupid Limited,18520,EQ,NSE,True,True,True,True,237.9900054931641,40442291.89655172,True,True
CURAA,Cura Technologies Limited,30189,EQ,NSE,True,True,False,False,77.69999694824219,857.6785714285714,False,False
CYIENT,Cyient Limited,5748,EQ,NSE,True,True,True,True,867.5999755859375,457236.3448275862,True,True
CYIENTDLM,Cyient DLM Limited,17187,EQ,NSE,False,True,True,True,150.0,0.0,False,False
DABUR,Dabur India Limited,772,EQ,NSE,True,False,True,True,409.6499938964844,2294660.1379310344,False,False
DALBHARAT,Dalmia Bharat Limited,8075,EQ,NSE,True,True,True,True,1827.0,288033.21428571426,True,True
DALMIASUG,Dalmia Bharat Sugar and Industries Limited,781,EQ,NSE,True,True,True,True,412.75,834243.2413793104,True,True
DAMCAPITAL,DAMCAPITAL,28662,EQ,NSE,False,True,True,True,150.0,0.0,False,False
DANGEE,Dangee Dums Limited,1110,EQ,NSE,True,True,False,True,3.0199999809265137,52395.142857142855,False,False
DATAMATICS,Datamatics Global Services Limited,11423,EQ,NSE,True,True,True,True,840.3499755859375,155730.32142857142,True,True
DATAPATTNS,Data Patterns (India) Limited,7358,EQ,NSE,True,True,True,True,4554.7001953125,965980.4137931034,True,True
DAVANGERE,Davangere Sugar Company Limited,21794,EQ,NSE,True,True,False,True,3.0799999237060547,7477971.275862069,False,False
DBCORP,D.B.Corp Limited,17881,EQ,NSE,True,True,True,True,210.17999267578125,834900.0357142857,True,True
DBL,Dilip Buildcon Limited,18086,EQ,NSE,True,True,True,True,467.25,905457.8965517242,True,True
DBOL,Dhampur Bio Organics Limited,10893,EQ,NSE,True,True,True,True,108.1500015258789,82016.03571428571,True,True
DCAL,Dishman Carbogen Amcis Limited,21704,EQ,NSE,True,True,True,True,188.2400054931641,332646.71428571426,True,True
DCBBANK,DCBBANK,13725,EQ,NSE,False,True,True,True,150.0,0.0,False,False
DCI,Dc Infotech And Communication Limited,11566,EQ,NSE,True,True,True,True,340.3500061035156,21255.464285714286,True,True
DCMFINSERV,DCMFINSERV,4775,EQ,NSE,False,True,True,True,150.0,0.0,False,False
DCMSHRIRAM,DCM Shriram Limited,811,EQ,NSE,True,True,True,True,1026.699951171875,163786.44827586206,True,True
DCMSRIND,DCM Shriram Industries Limited,7325,EQ,NSE,True,True,False,True,44.150001525878906,242080.93103448275,False,False
DCW,DCW Limited,817,EQ,NSE,True,True,False,True,46.68999862670898,1019951.8965517242,False,False
DCXINDIA,DCX Systems Limited,11895,EQ,NSE,True,True,True,True,180.05999755859375,847421.3793103448,True,True
DDEVPLSTIK,Ddev Plastiks Industries Limited,29098,EQ,NSE,True,True,True,True,283.8999938964844,120138.21428571428,True,True
DECCANCE,Deccan Cements Limited,14838,EQ,NSE,True,True,True,True,583.3499755859375,18632.92857142857,True,True
DECNGOLD,Deccan Gold Mines Limited,762638,EQ,NSE,True,True,True,True,199.4499969482422,1939992.7931034483,True,True
DEEPAKFERT,Deepak Fertilizers and Petrochemicals Corporation Limited,827,EQ,NSE,True,True,True,True,1599.0999755859375,383139.5172413793,True,True
DEEPAKNTR,Deepak Nitrite Limited,19943,EQ,NSE,True,True,True,True,1717.699951171875,172449.1724137931,True,True
DEEPINDS,Deep Industries Limited,3292,EQ,NSE,True,True,True,True,654.0,556154.8620689656,True,True
DELHIVERY,Delhivery Limited,9599,EQ,NSE,True,True,True,True,482.0,5648965.533333333,True,True
DELTACORP,Delta Corp Limited,15044,EQ,NSE,True,True,False,True,63.75,1950493.7333333327,False,False
DELTAMAGNT,Delta Manufacturing Limited,1214,EQ,NSE,True,True,False,True,57.5,15713.57142857143,False,False
DEN,Den Networks Limited,17722,EQ,NSE,True,True,False,True,27.420000076293945,708122.0357142857,False,False
DENORA,De Nora India Limited,4279,EQ,NSE,True,True,True,False,880.0499877929688,9144.17857142857,False,False
DENTA,Denta Water and Infra Solutions Limited,29256,EQ,NSE,True,True,True,True,364.25,459814.3793103448,True,True
DEVIT,Dev Information Technology Limited,8146,EQ,NSE,True,True,False,True,27.46999931335449,93969.21428571428,False,False
DEVX,Dev Accelerator Limited,759079,EQ,NSE,True,True,False,True,33.95000076293945,78254.5,False,False
DEVYANI,Devyani International Limited,5373,EQ,NSE,True,True,True,True,119.75,3325920.8,True,True
DGCONTENT,Digicontent Limited,10346,EQ,NSE,True,True,False,True,23.8799991607666,19584.10714285714,False,False
DHAMPURSUG,Dhampur Sugar Mills Limited,857,EQ,NSE,True,True,True,True,151.3800048828125,251206.06896551725,True,True
DHANBANK,DHANBANK,11359,EQ,NSE,False,True,True,True,150.0,0.0,False,False
DHANUKA,Dhanuka Agritech Limited,24409,EQ,NSE,True,True,True,True,1008.0999755859376,39820.96551724138,True,True
DHARMAJ,Dharmaj Crop Guard Limited,13001,EQ,NSE,True,True,True,True,267.8500061035156,26716.48275862069,True,True
DHUNINV,DHUNINV,22233,EQ,NSE,False,True,True,True,150.0,0.0,False,False
DIAMINESQ,Diamines & Chemicals Limited,18644,EQ,NSE,True,True,True,False,239.82000732421875,9247.857142857143,False,False
DIAMONDYD,Prataap Snacks Limited,21840,EQ,NSE,True,True,True,True,1171.5,25900.75,True,True
DICIND,DIC India Limited,703,EQ,NSE,True,True,True,False,513.3499755859375,2456.6428571428573,False,False
DIFFNKG,Diffusion Engineers Limited,25672,EQ,NSE,True,True,True,True,423.7000122070313,147200.2142857143,True,True
DIGIDRIVE,Digidrive Distributors Limited,21247,EQ,NSE,True,True,False,True,18.100000381469727,15297.142857142857,False,False
DIGITIDE,Digitide Solutions Limited,757515,EQ,NSE,True,True,False,True,98.4800033569336,3705370.464285714,False,False
DIGJAMLMTD,Digjam Limited,6127,EQ,NSE,True,True,False,True,48.900001525878906,33590.68965517241,False,False
DISAQ,Disa India Limited,762643,EQ,NSE,True,True,True,False,12470.0,544.7586206896551,False,False
DIVGIITTS,Divgi Torqtransfer Systems Limited,14479,EQ,NSE,True,False,True,True,961.3499755859376,369822.9310344828,False,False
DIVISLAB,Divi's Laboratories Limited,10940,EQ,NSE,True,False,True,True,8378.0,471525.9655172414,False,False
DIXON,Dixon Technologies (India) Limited,21690,EQ,NSE,True,True,True,True,13988.0,576709.4666666667,True,True
DJML,DJ Mediaprint & Logistics Limited,12749,EQ,NSE,True,True,True,True,110.75,403162.9642857143,True,True
DLF,DLF Limited,14732,EQ,NSE,True,True,True,True,643.4000244140625,4526410.2,True,True
DLINKINDIA,D-Link (India) Limited,17851,EQ,NSE,True,True,True,True,441.2999877929688,228417.9642857143,True,True
DMART,Avenue Supermarts Limited,19913,EQ,NSE,True,True,True,True,4023.0,688732.3103448276,True,True
DMCC,DMCC SPECIALITY CHEMICALS LIMITED,6973,EQ,NSE,True,True,True,True,281.6499938964844,69921.53571428571,True,True
DNAMEDIA,Diligent Media Corporation Limited,641,EQ,NSE,True,True,False,True,2.859999895095825,36843.96428571428,False,False
DODLA,Dodla Dairy Limited,4822,EQ,NSE,True,True,True,True,1043.699951171875,16930.89285714286,True,True
DOLATALGO,Dolat Algotech Limited,12124,EQ,NSE,True,True,False,True,67.9000015258789,76993.27586206897,False,False
DOLFIN,DOLFIN,542013,B,BSE,True,True,True,False,172.39999389648438,1754.892857142857,False,False
DOLLAR,Dollar Industries Limited,20560,EQ,NSE,True,True,True,True,271.1000061035156,206865.4642857143,True,True
DOLPHIN,Dolphin Offshore Enterprises (India) Limited,18139,EQ,NSE,True,True,True,True,402.3999938964844,18074.35714285714,True,True
DOMS,DOMS Industries Limited,20551,EQ,NSE,True,True,True,True,2253.10009765625,63736.107142857145,True,True
DONEAR,Donear Industries Limited,13839,EQ,NSE,True,True,False,True,85.23999786376953,22494.35714285714,False,False
DPABHUSHAN,D. P. Abhushan Limited,936,EQ,NSE,True,True,True,True,1486.5999755859375,162651.64285714287,True,True
DRAGARWQ,Dr Agarwals Eye Hospital Limited,762648,EQ,NSE,True,True,True,False,5081.0,910.8275862068964,False,False
DRCSYSTEMS,DRC Systems India Limited,2645,EQ,NSE,True,True,False,True,13.56999969482422,44752.71428571428,False,False
DREAMFOLKS,Dreamfolks Services Limited,10859,EQ,NSE,True,True,False,True,70.41000366210938,60559.44827586207,False,False
DREDGECORP,Dredging Corporation of India Limited,11271,EQ,NSE,True,True,True,True,1120.9000244140625,146329.5172413793,True,True
DRREDDY,Dr. Reddy's Laboratories Limited,881,EQ,NSE,True,True,True,True,1172.5999755859375,2651372.566666667,True,True
DSSL,Dynacons Systems & Solutions Limited,25690,EQ,NSE,True,True,True,True,1238.5999755859375,37628.107142857145,True,True
DTIL,Dhunseri Tea & Industries Limited,6227,EQ,NSE,True,True,True,False,132.11000061035156,7583.0,False,False
DUCON,Ducon Infratechnologies Limited,28952,EQ,NSE,True,True,False,True,2.9100000858306885,211648.07142857145,False,False
DVL,Dhunseri Ventures Limited,15214,EQ,NSE,True,True,True,True,248.2400054931641,17057.785714285714,True,True
DWARKESH,Dwarikesh Sugar Industries Limited,11667,EQ,NSE,True,True,False,True,41.2599983215332,1074142.448275862,False,False
DYCL,Dynamic Cables Limited,10417,EQ,NSE,True,True,True,True,398.2999877929688,1863834.607142857,True,True
DYNAMATECH,Dynamatic Technologies Limited,4525,EQ,NSE,True,True,True,True,10752.0,11121.92857142857,True,True
DYNPRO,Dynemic Products Limited,21314,EQ,NSE,True,True,True,True,265.6499938964844,10981.5,True,True
E2E,E2E Networks Limited,8937,EQ,NSE,True,False,True,True,570.1500244140625,1888456.7142857143,False,False
EASEMYTRIP,Easy Trip Planners Limited,2792,EQ,NSE,True,True,False,True,6.590000152587891,25364831.379310343,False,False
EBGNG,GNG Electronics Limited,757862,EQ,NSE,True,True,True,True,508.4500122070313,677291.0333333333,True,True
ECLERX,eClerx Services Limited,15179,EQ,NSE,True,False,True,True,1919.199951171875,534056.9285714285,False,False
EDELWEISS,EDELWEISS,15119,EQ,NSE,False,True,True,True,150.0,0.0,False,False
EFCIL,EFC (I) Limited,758675,EQ,NSE,True,True,True,True,191.1499938964844,328970.6206896552,True,True
EICHERMOT,Eicher Motors Limited,910,EQ,NSE,True,True,True,True,7935.0,690136.5,True,True
EIDPARRY,EID Parry India Limited,916,EQ,NSE,True,False,True,True,803.0999755859375,294684.6071428572,False,False
EIEL,Enviro Infra Engineers Limited,27213,EQ,NSE,True,True,True,True,224.47999572753903,2578094.4285714286,True,True
EIHAHOTELS,EIH Associated Hotels Limited,15399,EQ,NSE,True,True,True,True,315.75,15271.32142857143,True,True
EIHOTEL,EIH Limited,919,EQ,NSE,True,True,True,True,327.1000061035156,219645.3448275862,True,True
EIMCOELECO,Eimco Elecon (India) Limited,4040,EQ,NSE,True,True,True,True,1873.800048828125,64877.92857142857,True,True
EKC,Everest Kanto Cylinder Limited,13091,EQ,NSE,True,True,True,True,109.04000091552734,177210.57142857142,True,True
EKI,EKI,543284,B,BSE,True,True,False,True,82.75,14349.42857142857,False,False
ELANTAS,Elantas Beck India Limited,762653,EQ,NSE,True,True,True,False,9873.0,859.7857142857143,False,False
ELCIDIN,ELCIDIN,762658,EQ,NSE,False,True,True,True,150.0,0.0,False,False
ELDEHSG,Eldeco Housing And Industries Limited,8953,EQ,NSE,True,True,True,False,782.2000122070312,1140.448275862069,False,False
ELECON,Elecon Engineering Company Limited,13643,EQ,NSE,True,True,True,True,429.5499877929688,543024.6,True,True
ELECTCAST,Electrosteel Castings Limited,928,EQ,NSE,True,True,False,True,71.56999969482422,1191435.4827586208,False,False
ELECTHERM,Electrotherm (India) Limited,4469,EQ,NSE,True,True,True,True,1010.0,30040.53571428572,True,True
ELGIEQUIP,Elgi Equipments Limited,937,EQ,NSE,True,True,True,True,591.2000122070312,298778.1034482759,True,True
ELGIRUBCO,Elgi Rubber Company Limited,24924,EQ,NSE,True,True,False,True,58.47999954223633,145848.0357142857,False,False
ELIN,Elin Electronics Limited,13423,EQ,NSE,True,True,True,True,101.48999786376952,449600.6206896552,True,True
ELITECON,Elitecon International Limited,762663,EQ,NSE,True,True,False,True,18.88999938964844,4202129.655172414,False,False
ELLEN,Ellenbarrie Industrial Gases Limited,758563,EQ,NSE,True,True,True,True,282.1499938964844,363296.3793103448,True,True
ELPROINTL,Elpro International Limited,4471,EQ,NSE,True,True,True,True,178.89999389648438,53072.42857142857,True,True
EMAMILTD,Emami Limited,13517,EQ,NSE,True,True,True,True,391.7999877929688,673838.9285714285,True,True
EMBDL,Embassy Developments Limited,14450,EQ,NSE,True,True,False,True,61.119998931884766,2508745.966666667,False,False
EMCURE,Emcure Pharmaceuticals Limited,24398,EQ,NSE,True,False,True,True,1978.0999755859373,166295.14285714287,False,False
EMIL,Electronics Mart India Limited,11530,EQ,NSE,True,True,True,True,133.1699981689453,1886212.3793103448,True,True
EMKAY,EMKAY,13421,EQ,NSE,False,True,True,True,150.0,0.0,False,False
EMMVEE,Emmvee Photovoltaic Power Limited,759728,EQ,NSE,True,True,True,True,323.5,3177212.2666666666,True,True
EMSLIMITED,EMS Limited,18593,EQ,NSE,True,True,True,True,408.6000061035156,786565.0333333333,True,True
EMUDHRA,eMudhra Limited,9756,EQ,NSE,True,True,True,True,514.0,358883.9655172414,True,True
ENDURANCE,Endurance Technologies Limited,18822,EQ,NSE,True,True,True,True,2838.699951171875,135858.6896551724,True,True
ENERGYDEV,Energy Development Company Limited,15049,EQ,NSE,True,True,False,True,16.649999618530273,39845.28571428572,False,False
ENGINERSIN,Engineers India Limited,4907,EQ,NSE,True,True,True,True,224.88999938964844,1731970.75,True,True
ENIL,Entertainment Network (India) Limited,13192,EQ,NSE,True,True,True,True,109.5999984741211,36760.392857142855,True,True
ENRIN,Siemens Energy India Limited,756871,EQ,NSE,True,True,True,True,3310.300048828125,448328.1785714286,True,True
ENTERO,Entero Healthcare Solutions Limited,22717,EQ,NSE,True,True,True,True,1231.199951171875,95049.28571428572,True,True
EPACK,EPACK Durable Limited,22463,EQ,NSE,True,False,True,True,231.1300048828125,559704.8928571428,False,False
EPACKPEB,EPack Prefab Technologies Limited,759251,EQ,NSE,True,True,True,True,260.3500061035156,1485372.607142857,True,True
EPIGRAL,Epigral Limited,5382,EQ,NSE,True,True,True,True,1100.699951171875,124485.17857142857,True,True
EPL,EPL Limited,981,EQ,NSE,True,True,True,True,227.7100067138672,438107.9285714286,True,True
EQUITASBNK,EQUITASBNK,913,EQ,NSE,False,True,True,True,150.0,0.0,False,False
ERIS,Eris Lifesciences Limited,21154,EQ,NSE,True,True,True,True,1373.0,87188.35714285714,True,True
ESABINDIA,Esab India Limited,955,EQ,NSE,True,True,True,False,5637.5,2682.8928571428573,False,False
ESAFSFB,ESAFSFB,19878,EQ,NSE,False,True,True,True,150.0,0.0,False,False
ESCORP,ESCORP,540455,B,BSE,True,True,True,False,102.0,255.6428571428572,False,False
ESCORTS,Escorts Kubota Limited,958,EQ,NSE,True,True,True,True,3101.199951171875,110896.75862068964,True,True
ESSARSHPNG,Essar Shipping Limited,25634,EQ,NSE,True,True,False,True,20.040000915527344,249497.2142857143,False,False
ESTER,Ester Industries Limited,24265,EQ,NSE,True,True,False,True,87.19999694824219,58239.96666666667,False,False
ETERNAL,ETERNAL LIMITED,5097,EQ,NSE,True,False,True,True,312.3999938964844,36568096.766666666,False,False
ETHOSLTD,Ethos Limited,9750,EQ,NSE,True,True,True,True,2853.199951171875,116036.66666666669,True,True
EUREKAFORB,Eureka Forbes Limited,25162,EQ,NSE,True,False,True,True,464.0,150088.10344827586,False,False
EUROBOND,Euro Panel Products Limited,757953,EQ,NSE,True,True,True,False,163.89999389648438,6494.285714285715,False,False
EUROPRATIK,Euro Pratik Sales Limited,759797,EQ,NSE,True,True,True,True,317.79998779296875,192409.2068965517,True,True
EVEREADY,Eveready Industries India Limited,11782,EQ,NSE,True,True,True,True,354.20001220703125,148910.8275862069,True,True
EXCELINDUS,Excel Industries Limited,11471,EQ,NSE,True,True,True,False,1050.5999755859375,8497.107142857143,False,False
EXCELSOFT,Excelsoft Technologies Limited,760007,EQ,NSE,True,True,False,True,81.72000122070312,1005306.7666666668,False,False
EXICOM,Exicom Tele-Systems Limited,22947,EQ,NSE,True,True,True,True,165.8699951171875,2184766.8,True,True
EXIDEIND,Exide Industries Limited,676,EQ,NSE,True,False,True,True,458.3500061035156,6159523.9655172415,False,False
EXPLEOSOL,Expleo Solutions Limited,17486,EQ,NSE,True,True,True,True,813.9500122070312,96541.89285714286,True,True
EXXARO,Exxaro Tiles Limited,5352,EQ,NSE,True,True,False,True,6.179999828338623,277189.4285714286,False,False
FABTECH,Fabtech Technologies Limited,760125,EQ,NSE,True,False,True,True,151.5500030517578,208468.07142857145,False,False
FACT,Fertilizers and Chemicals Travancore Limited,1008,EQ,NSE,True,True,True,True,842.2999877929688,126071.79310344828,True,True
FAZE3Q,Faze Three Limited,12000,EQ,NSE,True,False,True,True,540.9500122070312,16317.785714285714,False,False
FCL,Fineotex Chemical Limited,6198,EQ,NSE,True,True,False,True,38.43999862670898,11491905.32142857,False,False
FCSSOFT,FCS Software Solutions Limited,11999,EQ,NSE,True,True,False,True,1.4800000190734863,891893.25,False,False
FDC,FDC Limited,4898,EQ,NSE,True,False,True,True,402.6499938964844,173333.9655172414,False,False
FEDDERSHOL,Fedders Holding Limited,762675,EQ,NSE,True,True,False,True,41.75,3572984.172413793,False,False
FEDERALBNK,FEDERALBNK,1023,EQ,NSE,False,True,True,True,150.0,0.0,False,False
FEDFINA,FEDFINA,20322,EQ,NSE,False,True,True,True,150.0,0.0,False,False
FERMENTA,Fermenta Biotech Limited,762680,EQ,NSE,True,False,True,True,547.0499877929688,420012.724137931,False,False
FIBERWEB,Fiberweb (India) Limited,8159,EQ,NSE,True,True,False,True,29.049999237060547,17371.571428571428,False,False
FIEMIND,Fiem Industries Limited,13710,EQ,NSE,True,True,True,True,2324.5,37056.21428571428,True,True
FILATEX,Filatex India Limited,24532,EQ,NSE,True,True,False,True,77.91999816894531,6107419.482758621,False,False
FINCABLES,Finolex Cables Limited,1038,EQ,NSE,True,True,True,True,993.25,261908.6071428572,True,True
FINEORG,Fine Organic Industries Limited,3744,EQ,NSE,True,True,True,True,4929.5,10483.5,True,True
FINKURVE,FINKURVE,759239,EQ,NSE,False,True,True,True,150.0,0.0,False,False
FINOPB,FINOPB,6579,EQ,NSE,False,True,True,True,150.0,0.0,False,False
FINPIPE,Finolex Industries Limited,1041,EQ,NSE,True,True,True,True,165.42999267578125,502442.724137931,True,True
FIRSTCRY,Brainbees Solutions Limited,24814,EQ,NSE,True,True,True,True,214.72999572753903,1952961.607142857,True,True
FISCHER,Fischer Medical Ventures Limited,757658,EQ,NSE,True,True,False,True,37.88999938964844,2753997.8928571427,False,False
FIVESTAR,FIVESTAR,12032,EQ,NSE,False,True,True,True,150.0,0.0,False,False
FLAIR,Flair Writing Industries Limited,20372,EQ,NSE,True,True,True,True,249.9499969482422,146733.9655172414,True,True
FLUOROCHEM,Gujarat Fluorochemicals Limited,13750,EQ,NSE,True,True,True,True,4612.7998046875,175510.39285714287,True,True
FMGOETZE,Federal-Mogul Goetze (India) Limited.,1190,EQ,NSE,True,False,True,True,470.3500061035156,50965.67857142857,False,False
FOODSIN,Foods & Inns Limited,6673,EQ,NSE,True,True,False,True,53.900001525878906,110795.0,False,False
FORCEMOT,FORCE MOTORS LTD,11573,EQ,NSE,True,True,True,True,18378.0,108078.16666666669,True,True
FORTIS,Fortis Healthcare Limited,14592,EQ,NSE,True,True,True,True,932.7999877929688,1341986.3103448276,True,True
FOSECOIND,Foseco India Limited,1073,EQ,NSE,True,True,True,False,5263.0,2538.285714285714,False,False
FRACTAL,Fractal Analytics Limited,760961,EQ,NSE,True,True,True,True,797.7999877929688,381413.2333333333,True,True
FRONTSP,Frontier Springs Limited,762685,EQ,NSE,True,True,True,True,1373.4000244140625,19374.86206896552,True,True
FSL,Firstsource Solutions Limited,14304,EQ,NSE,True,True,True,True,330.70001220703125,3723583.1666666665,True,True
FUSION,FUSION,11932,EQ,NSE,False,True,True,True,150.0,0.0,False,False
GABRIEL,Gabriel India Limited,1085,EQ,NSE,True,True,True,True,1530.800048828125,727113.275862069,True,True
GAEL,Gujarat Ambuja Exports Limited,8828,EQ,NSE,True,True,True,True,176.2100067138672,1570176.6896551724,True,True
GAIL,GAIL (India) Limited,4717,EQ,NSE,True,True,True,True,175.0,9243555.933333334,True,True
GALACTICO,GALACTICO,542802,B,BSE,True,True,False,True,1.9800000190734863,84073.64285714286,False,False
GALAPREC,Gala Precision Engineering Limited,25134,EQ,NSE,True,True,True,True,1102.699951171875,53990.1724137931,True,True
GALAXYSURF,Galaxy Surfactants Limited,1315,EQ,NSE,True,True,True,True,1980.5999755859373,10412.32142857143,True,True
GALLANTT,Gallantt Ispat Limited,13337,EQ,NSE,True,True,True,True,629.2000122070312,162454.75862068965,True,True
GANDHAR,Gandhar Oil Refinery (India) Limited,20303,EQ,NSE,True,False,True,True,236.1000061035156,4772576.413793104,False,False
GANDHITUBE,Gandhi Special Tubes Limited,14116,EQ,NSE,True,True,True,False,900.2999877929688,4974.857142857143,False,False
GANECOS,Ganesha Ecosphere Limited,6944,EQ,NSE,True,True,True,True,1126.800048828125,241729.32142857145,True,True
GANESHCP,Ganesh Consumer Products Limited,759012,EQ,NSE,True,True,True,True,175.6199951171875,77377.39285714286,True,True
GANESHHOU,GANESH HOUSING LIMITED,14339,EQ,NSE,True,True,True,True,778.5,144610.60714285713,True,True
GANGESSECU,Ganges Securities Limited,21399,EQ,NSE,True,True,True,False,119.3000030517578,1518.071428571429,False,False
GARFIBRES,Garware Technical Fibres Limited,1100,EQ,NSE,True,False,True,True,774.5999755859375,54969.607142857145,False,False
GARUDA,Garuda Construction and Engineering Limited,25800,EQ,NSE,True,True,True,True,173.38999938964844,396556.724137931,True,True
GATECH,GACM Technologies Limited,17888,EQ,NSE,True,True,False,True,0.6800000071525574,10592886.3,False,False
GATEWAY,Gateway Distriparks Limited,8510,EQ,NSE,True,True,False,True,59.70000076293945,965576.6551724138,False,False
GAYAHWS,Gayatri Highways Limited,3693,EQ,NSE,True,True,False,True,1.9900000095367432,254520.1071428572,False,False
GCMSECU,GCMSECU,535431,B,BSE,True,True,False,True,0.6800000071525574,110826.85714285714,False,False
GCSL,Gretex Corporate Services Limited,758986,EQ,NSE,True,True,True,True,508.1499938964844,652559.3448275862,True,True
GEEKAYWIRE,Geekay Wires Limited,17922,EQ,NSE,True,True,False,True,23.07999992370605,66126.57142857143,False,False
GEMAROMA,Gem Aromatics Limited,759461,EQ,NSE,True,True,True,True,187.7100067138672,840908.5862068966,True,True
GENCON,Generic Engineering Construction and Projects Limited,2188,EQ,NSE,True,True,False,True,39.33000183105469,288404.25,False,False
GENESYS,Genesys International Corporation Limited,10905,EQ,NSE,True,False,True,True,316.6499938964844,334730.75,False,False
GENUSPAPER,Genus Paper & Boards Limited,6600,EQ,NSE,True,True,False,True,12.5,85628.46428571429,False,False
GENUSPOWER,Genus Power Infrastructures Limited,11905,EQ,NSE,True,True,True,True,316.04998779296875,4906169.0,True,True
GEOJITFSL,GEOJITFSL,11896,EQ,NSE,False,True,True,True,150.0,0.0,False,False
GESHIP,The Great Eastern Shipping Company Limited,13776,EQ,NSE,True,True,True,True,1434.9000244140625,729874.4137931034,True,True
GFLLIMITED,GFL Limited,1289,EQ,NSE,True,True,False,True,48.369998931884766,35222.17857142857,False,False
GHCL,GHCL Limited,1127,EQ,NSE,True,True,True,True,445.1000061035156,132742.7857142857,True,True
GHCLTEXTIL,GHCL Textiles Limited,16696,EQ,NSE,True,True,True,True,114.23999786376952,1195425.0714285714,True,True
GICHSGFIN,GICHSGFIN,1139,EQ,NSE,False,True,True,True,150.0,0.0,False,False
GICL,Globe International Carriers Limited,761025,EQ,NSE,True,True,False,True,18.26000022888184,247266.89285714287,False,False
GICRE,GICRE,277,EQ,NSE,False,True,True,True,150.0,0.0,False,False
GILLANDERS,Gillanders Arbuthnot & Company Limited,17839,EQ,NSE,True,True,False,False,88.3499984741211,3622.857142857143,False,False
GILLETTE,Gillette India Limited,1576,EQ,NSE,True,True,True,True,7662.0,20676.344827586207,True,True
GIPCL,Gujarat Industries Power Company Limited,1145,EQ,NSE,True,True,True,True,162.22999572753906,271377.9,True,True
GKENERGY,GK Energy Limited,759048,EQ,NSE,True,True,True,True,130.0800018310547,645156.4827586206,True,True
GKP,GKP,542666,B,BSE,True,True,False,False,5.929999828338623,9302.17857142857,False,False
GKSL,Gujarat Kidney And Super Speciality Limited,761197,EQ,NSE,True,True,True,True,130.5500030517578,265283.64285714284,True,True
GKWLIMITED,GKW Limited,17357,EQ,NSE,True,True,True,False,1649.9000244140625,418.0357142857143,False,False
GLAND,Gland Pharma Limited,1186,EQ,NSE,True,True,True,True,2583.10009765625,581633.448275862,True,True
GLAXO,GlaxoSmithKline Pharmaceuticals Limited,1153,EQ,NSE,True,False,True,True,2647.0,82802.8,False,False
GLENMARK,Glenmark Pharmaceuticals Limited,7406,EQ,NSE,True,False,True,True,2225.0,574254.6206896552,False,False
GLOBAL,Global Education Limited,1415,EQ,NSE,True,True,True,True,102.83000183105467,35969.67857142857,True,True
GLOBALVECT,Global Vectra Helicorp Limited,13735,EQ,NSE,True,True,True,True,163.24000549316406,19017.206896551725,True,True
GLOBE,GLOBE ENTERPRISES (INDIA) LIMITED,393,EQ,NSE,True,True,False,True,2.069999933242798,202421.17857142852,False,False
GLOBECIVIL,Globe Civil Projects Limited,758572,EQ,NSE,True,True,False,True,40.63999938964844,19187.89285714286,False,False
GLOBUSSPR,GLOBUSSPR,17424,EQ,NSE,False,True,True,True,150.0,0.0,False,False
GLOSTERLTD,Gloster Limited,23590,EQ,NSE,True,True,True,False,672.2999877929688,4663.571428571428,False,False
GMBREW,GMBREW,1168,EQ,NSE,False,True,True,True,150.0,0.0,False,False
GMDCLTD,Gujarat Mineral Development Corporation Limited,5204,EQ,NSE,True,True,True,True,556.0,1005353.5666666668,True,True
GMMPFAUDLR,GMM Pfaudler Limited,1570,EQ,NSE,True,True,True,True,847.7000122070312,82418.23333333334,True,True
GMRAIRPORT,GMR AIRPORTS LIMITED,13528,EQ,NSE,True,False,True,True,106.55999755859376,20559391.620689657,False,False
GMRP&UI,GMR Power and Urban Infra Limited,8529,EQ,NSE,True,True,False,True,97.20999908447266,757388.9655172414,False,False
GNA,GNA Axles Limited,18571,EQ,NSE,True,True,True,True,515.7999877929688,718015.6428571428,True,True
GNFC,Gujarat Narmada Valley Fertilizers and Chemicals Limited,1174,EQ,NSE,True,True,True,True,519.75,304075.63333333336,True,True
GNRL,Gujarat Natural Resources Limited,762690,EQ,NSE,True,True,False,True,95.08999633789062,727538.6206896552,False,False
GOACARBON,Goa Carbon Limited,14687,EQ,NSE,True,True,True,True,383.8999938964844,20515.64285714286,True,True
GOCLCORP,GOCL Corporation Limited,3963,EQ,NSE,True,True,True,True,411.6499938964844,59638.25,True,True
GOCOLORS,Go Fashion (India) Limited,6964,EQ,NSE,True,True,True,True,320.04998779296875,797586.0357142857,True,True
GODAVARIB,Godavari Biorefineries Limited,25941,EQ,NSE,True,False,True,True,261.75,92554.46666666666,False,False
GODFRYPHLP,Godfrey Phillips India Limited,1181,EQ,NSE,True,True,True,True,2336.89990234375,477150.6,True,True
GODIGIT,GODIGIT,23799,EQ,NSE,False,True,True,True,150.0,0.0,False,False
GODREJAGRO,Godrej Agrovet Limited,144,EQ,NSE,True,True,True,True,563.25,99369.56666666668,True,True
GODREJCP,Godrej Consumer Products Limited,10099,EQ,NSE,True,True,True,True,1058.199951171875,700485.1,True,True
GODREJIND,Godrej Industries Limited,10925,EQ,NSE,True,True,True,True,1308.800048828125,261999.0357142857,True,True
GODREJPROP,Godrej Properties Limited,17875,EQ,NSE,True,True,True,True,2033.5999755859373,803810.8333333334,True,True
GOKEX,Gokaldas Exports Limited,11778,EQ,NSE,True,True,True,True,796.75,419867.4642857143,True,True
GOKUL,Gokul Refoils and Solvent Limited,16705,EQ,NSE,True,True,False,True,39.2599983215332,152309.2857142857,False,False
GOKULAGRO,Gokul Agro Resources Limited,14480,EQ,NSE,True,True,True,True,231.1199951171875,457060.03571428574,True,True
GOLDIAM,Goldiam International Limited,11971,EQ,NSE,True,True,True,True,361.1000061035156,1291059.9666666666,True,True
GOODLUCK,Goodluck India Limited,6125,EQ,NSE,True,True,True,True,1502.300048828125,198138.46666666667,True,True
GOODYEAR,Goodyear India Limited,1205,EQ,NSE,True,True,True,True,871.3499755859375,15141.642857142857,True,True
GOPAL,Gopal Snacks Limited,23066,EQ,NSE,True,True,True,True,277.20001220703125,96791.24137931036,True,True
GOYALALUM,Goyal Aluminiums Limited,11787,EQ,NSE,True,True,False,True,6.460000038146973,63195.0,False,False
GPIL,Godawari Power And Ispat limited,13409,EQ,NSE,True,True,True,True,244.7100067138672,1227633.6551724137,True,True
GPPL,Gujarat Pipavav Port Limited,19731,EQ,NSE,True,True,True,True,151.8000030517578,1024999.3448275862,True,True
GPTHEALTH,GPT Healthcare Limited,22846,EQ,NSE,True,True,True,True,162.16000366210938,194696.67857142852,True,True
GPTINFRA,GPT Infraprojects Limited,17685,EQ,NSE,True,True,True,True,112.83000183105467,148597.67857142858,True,True
GRANDOAK,GRANDOAK,762695,EQ,NSE,False,True,True,True,150.0,0.0,False,False
GRANULES,Granules India Limited,11872,EQ,NSE,True,True,True,True,825.7000122070312,1208514.9285714286,True,True
GRAPHITE,Graphite India Limited,592,EQ,NSE,True,True,True,True,710.0499877929688,1388507.8275862068,True,True
GRASIM,Grasim Industries Limited,1232,EQ,NSE,True,True,True,True,3138.0,551676.0689655172,True,True
GRAUWEIL,Grauer & Weil India Limited,5200,EQ,NSE,True,True,False,True,71.75,504315.0714285714,False,False
GRAVISSHO,Graviss Hospitality Limited,762700,EQ,NSE,True,True,False,False,29.39999961853028,2541.6071428571427,False,False
GRAVITA,Gravita India Limited,20534,EQ,NSE,True,True,True,True,1658.5999755859375,306189.7,True,True
GREAVESCOT,Greaves Cotton Limited,1235,EQ,NSE,True,True,True,True,200.0,3323197.3,True,True
GREENLAM,Greenlam Industries Limited,6848,EQ,NSE,True,True,True,True,247.6999969482422,94758.32142857143,True,True
GREENPANEL,Greenpanel Industries Limited,13810,EQ,NSE,True,True,True,True,199.8300018310547,156187.32142857142,True,True
GREENPLY,Greenply Industries Limited,3987,EQ,NSE,True,True,True,True,287.6499938964844,265932.64285714284,True,True
GREENPOWER,Orient Green Power Company Limited,20110,EQ,NSE,True,True,False,True,10.0,2023780.7586206896,False,False
GRINDWELL,Grindwell Norton Limited,13560,EQ,NSE,True,True,True,True,2094.5,117890.07142857143,True,True
GRINFRA,G R Infraprojects Limited,5054,EQ,NSE,True,True,True,True,905.7999877929688,16918.44827586207,True,True
GRMOVER,GRM Overseas Limited,10871,EQ,NSE,True,True,False,True,91.77999877929688,840579.3571428572,False,False
GROBTEA,The Grob Tea Company Limited,17770,EQ,NSE,True,True,True,False,903.2000122070312,130.5,False,False
GROWINGTON,GROWINGTON,539222,B,BSE,True,True,False,True,0.6499999761581421,2482467.75,False,False
GROWW,Billionbrains Garage Ventures Limited,759806,EQ,NSE,True,False,True,True,191.3300018310547,31414237.133333333,False,False
GRPLTD,GRP Limited,6543,EQ,NSE,True,True,True,False,1988.300048828125,2806.8928571428573,False,False
GRSE,Garden Reach Shipbuilders & Engineers Limited,5475,EQ,NSE,True,True,True,True,2546.89990234375,425242.7333333333,True,True
GRWRHITECH,Garware Hi-Tech Films Limited,7982,EQ,NSE,True,True,True,True,7326.0,47942.142857142855,True,True
GSFC,Gujarat State Fertilizers & Chemicals Limited,1247,EQ,NSE,True,True,True,True,160.67999267578125,455354.0689655172,True,True
GSLSU,Global Surfaces Limited,14599,EQ,NSE,True,True,False,True,28.040000915527344,194518.1071428572,False,False
GSPCROP,GSP Crop Science Limited,762239,EQ,NSE,True,True,True,True,592.2999877929688,423103.1428571429,True,True
GSS,GSS Infotech Limited,15347,EQ,NSE,True,True,False,True,14.239999771118164,28080.78571428572,False,False
GTL,GTL Limited,1162,EQ,NSE,True,True,False,True,7.389999866485596,198737.75,False,False
GTLINFRA,GTL Infrastructure Limited,13745,EQ,NSE,True,True,False,True,1.2799999713897705,40850616.10344828,False,False
GTPL,GTPL Hathway Limited,21195,EQ,NSE,True,True,False,True,60.52000045776367,44823.5,False,False
GUFICBIO,Gufic Biosciences Limited,11606,EQ,NSE,True,True,True,True,397.0499877929688,416360.2142857143,True,True
GUJALKALI,Gujarat Alkalies and Chemicals Limited,1267,EQ,NSE,True,False,True,True,683.5,110447.03333333334,False,False
GUJAPOLLO,Gujarat Apollo Industries Limited,14677,EQ,NSE,True,True,True,False,366.4500122070313,9944.892857142857,False,False
GUJENERGY,GUJARAT ENERGY LIMITED,10599,EQ,NSE,True,True,True,True,278.8500061035156,848443.2333333333,True,True
GUJRAFFIA,Gujarat Raffia Industries Limited,4548,EQ,NSE,True,True,False,False,38.9900016784668,3468.310344827586,False,False
GUJSTATFIN,GUJSTATFIN,532160,B,BSE,True,True,False,False,10.399999618530272,6607.035714285715,False,False
GUJTHEM,Gujarat Themis Biosyn Limited,29731,EQ,NSE,True,True,True,True,353.70001220703125,66299.96428571429,True,True
GUJTLRM,GUJTLRM,513337,B,BSE,True,True,False,True,0.4799999892711639,3329928.6071428573,False,False
GULFOILLUB,Gulf Oil Lubricants India Limited,4391,EQ,NSE,True,True,True,True,1160.300048828125,98368.28571428572,True,True
GULPOLY,Gulshan Polyols Limited,6286,EQ,NSE,True,True,True,True,199.8999938964844,731749.7586206896,True,True
GVPIL,GE Power India Limited,7862,EQ,NSE,True,True,True,True,758.6500244140625,253274.42857142852,True,True
GVPTECH,GVP Infotech Limited,10865,EQ,NSE,True,True,False,True,6.980000019073486,58584.392857142855,False,False
GVT&D,GE Vernova T&D India Limited,16783,EQ,NSE,True,True,True,True,4333.2001953125,1099727.1,True,True
GYFTR,Gyftr Limited,764050,EQ,NSE,True,False,True,True,159.4600067138672,63363.5,False,False
HAL,Hindustan Aeronautics Limited,2303,EQ,NSE,True,True,True,True,4635.0,626429.1666666666,True,True
HALDER,Halder Venture Limited,760715,EQ,NSE,True,True,True,True,254.509994506836,23572.25,True,True
HALEOSLABS,HALEOS LABS LIMITED,21551,EQ,NSE,True,True,True,False,1539.5999755859375,1611.25,False,False
HAPPSTMNDS,Happiest Minds Technologies Limited,48,EQ,NSE,True,True,True,True,388.1000061035156,1492063.2142857143,True,True
HAPPYFORGE,Happy Forgings Limited,20854,EQ,NSE,True,True,True,True,1703.4000244140625,70807.14285714286,True,True
HARDWYN,Hardwyn India Limited,8962,EQ,NSE,True,True,False,True,11.239999771118164,7093904.933333334,False,False
HARIOMPIPE,Hariom Pipe Industries Limited,8968,EQ,NSE,True,True,True,True,404.9500122070313,360070.25,True,True
HARRMALAYA,Harrisons  Malayalam Limited,1313,EQ,NSE,True,True,True,True,216.83999633789065,18109.0,True,True
HARSHA,Harsha Engineers International Limited,11162,EQ,NSE,True,True,True,True,408.1000061035156,151324.5357142857,True,True
HATHWAY,Hathway Cable & Datacom Limited,18154,EQ,NSE,True,True,False,True,10.920000076293944,1716959.9285714286,False,False
HATSUN,Hatsun Agro Product Limited,3892,EQ,NSE,True,True,True,True,891.4000244140625,33210.96428571428,True,True
HAVELLS,Havells India Limited,9819,EQ,NSE,True,True,True,True,1295.0,1269561.3103448276,True,True
HAVISHA,Sri Havisha Hospitality and Infrastructure Limited,7457,EQ,NSE,True,True,False,True,1.3600000143051147,62083.46428571428,False,False
HAWKINCOOK,Hawkins Cookers Limited,4444,EQ,NSE,True,True,True,False,8566.0,2275.1428571428573,False,False
HAZOOR,HAZOOR,532467,B,BSE,True,True,False,True,23.15999984741211,324927.3214285714,False,False
HBESD,HB Estate Developers Limited,762712,EQ,NSE,True,True,False,False,74.25,3303.0,False,False
HBLENGINE,HBL Engineering Limited,13966,EQ,NSE,True,True,True,True,729.2000122070312,919966.9,True,True
HBSL,HB Stockholdings Limited,4116,EQ,NSE,True,True,False,False,55.34000015258789,2925.178571428572,False,False
HCC,Hindustan Construction Company Limited,1375,EQ,NSE,True,True,False,True,21.84000015258789,22518978.5,False,False
HCG,Healthcare Global Enterprises Limited,15555,EQ,NSE,True,True,True,True,672.25,230081.82142857145,True,True
HCL-INSYS,HCL Infosystems Limited,1327,EQ,NSE,True,True,False,True,11.640000343322754,165471.2857142857,False,False
HCLTECH,HCL Technologies Limited,7229,EQ,NSE,True,True,True,True,1369.9000244140625,4288527.5,True,True
HDBFS,HDBFS,757772,EQ,NSE,False,True,True,True,150.0,0.0,False,False
HDFCAMC,HDFC Asset Management Company Limited,4244,EQ,NSE,True,True,True,True,2556.0,876130.8,True,True
HDFCBANK,HDFCBANK,1333,EQ,NSE,False,True,True,True,150.0,0.0,False,False
HDFCLIFE,HDFCLIFE,467,EQ,NSE,False,True,True,True,150.0,0.0,False,False
HEADSUP,Heads UP Ventures Limited,19205,EQ,NSE,True,True,False,True,7.170000076293945,18695.214285714286,False,False
HEALTHX,Health X Platform Limited,20063,EQ,NSE,True,True,True,True,316.70001220703125,10386.535714285714,True,True
HECPROJECT,HEC Infra Projects Limited,7425,EQ,NSE,True,True,True,True,136.88999938964844,38793.392857142855,True,True
HEG,HEG Limited,1336,EQ,NSE,True,True,True,True,678.9500122070312,2527406.0,True,True
HEIDELBERG,HeidelbergCement India Limited,2316,EQ,NSE,True,True,True,True,156.1300048828125,100360.89285714286,True,True
HEMIPROP,Hemisphere Properties India Limited,701,EQ,NSE,True,True,True,True,138.8800048828125,433536.7586206897,True,True
HERANBA,Heranba Industries Limited,2614,EQ,NSE,True,False,True,True,181.3000030517578,25924.821428571428,False,False
HERITGFOOD,Heritage Foods Limited,4598,EQ,NSE,True,True,True,True,335.54998779296875,413938.5714285714,True,True
HEROMOTOCO,Hero MotoCorp Limited,1348,EQ,NSE,True,True,True,True,5548.0,801973.4,True,True
HESTERBIO,Hester Biosciences Limited,7048,EQ,NSE,True,True,True,True,2481.89990234375,58894.392857142855,True,True
HEXATRADEX,Hexa Tradex Limited,27008,EQ,NSE,True,True,True,False,162.08999633789062,6090.428571428572,False,False
HEXT,Hexaware Technologies Limited,29666,EQ,NSE,True,True,True,True,554.9500122070312,1576451.433333333,True,True
HFCL,HFCL,21951,EQ,NSE,False,True,True,True,150.0,0.0,False,False
HGINFRA,H.G. Infra Engineering Limited,1672,EQ,NSE,True,True,True,True,547.5,60421.53571428572,True,True
HGM,HandsOn Global Management (HGM) Limited,13592,EQ,NSE,True,True,False,False,49.619998931884766,4416.103448275862,False,False
HGS,Hinduja Global Solutions Limited,14712,EQ,NSE,True,False,True,True,421.4500122070313,82804.24137931035,False,False
HIKAL,Hikal Limited,9668,EQ,NSE,True,False,True,True,228.5399932861328,765723.25,False,False
HILINFRA,Highway Infrastructure Limited,759103,EQ,NSE,True,True,False,True,45.72999954223633,38278.03571428572,False,False
HIMATSEIDE,Himatsingka Seide Limited,1360,EQ,NSE,True,True,False,True,81.05000305175781,942886.1034482758,False,False
HINDALCO,Hindalco Industries Limited,1363,EQ,NSE,True,False,True,True,1020.0,5132095.413793104,False,False
HINDCOMPOS,Hindustan Composites Limited,1372,EQ,NSE,True,False,True,True,425.7999877929688,16106.25,False,False
HINDCON,Hindcon Chemicals Limited,4920,EQ,NSE,True,True,False,True,22.780000686645508,16517.071428571428,False,False
HINDCOPPER,Hindustan Copper Limited,17939,EQ,NSE,True,True,True,True,492.3500061035156,3204286.7333333334,True,True
HINDOILEXP,Hindustan Oil Exploration Company Limited,1403,EQ,NSE,True,True,True,True,161.49000549316406,513747.8620689655,True,True
HINDPETRO,Hindustan Petroleum Corporation Limited,1406,EQ,NSE,True,True,True,True,391.5,6432736.033333333,True,True
HINDUNILVR,Hindustan Unilever Limited,1394,EQ,NSE,True,True,True,True,2096.5,2014632.6333333333,True,True
HINDWAREAP,Hindware Home Innovation Limited,15883,EQ,NSE,True,False,True,True,219.5399932861328,130004.78571428572,False,False
HINDZINC,Hindustan Zinc Limited,1424,EQ,NSE,True,True,True,True,562.9000244140625,3337287.433333333,True,True
HIRECT,Hind Rectifiers Limited,13890,EQ,NSE,True,True,True,True,1320.4000244140625,263532.71428571426,True,True
HISARMETAL,Hisar Metal Industries Limited,19322,EQ,NSE,True,True,True,False,148.75,1244.0,False,False
HITECH,Hi-Tech Pipes Limited,2868,EQ,NSE,True,True,False,True,85.94999694824219,623871.3928571428,False,False
HLEGLAS,HLE Glascoat Limited,2289,EQ,NSE,True,True,True,True,422.9500122070313,332724.0714285714,True,True
HLVLTD,HLV LIMITED,1448,EQ,NSE,True,True,False,True,7.090000152587891,155380.17857142858,False,False
HMAAGRO,HMA Agro Industries Limited,17053,EQ,NSE,True,True,False,True,20.799999237060547,360558.1071428572,False,False
HMVL,Hindustan Media Ventures Limited,19211,EQ,NSE,True,True,True,True,104.4499969482422,106250.39285714286,True,True
HNDFDS,Hindustan Foods Limited,12173,EQ,NSE,True,False,True,True,586.8499755859375,82947.71428571429,False,False
HOMEFIRST,HOMEFIRST,2056,EQ,NSE,False,True,True,True,150.0,0.0,False,False
HONASA,Honasa Consumer Limited,19813,EQ,NSE,True,True,True,True,459.3999938964844,1608351.392857143,True,True
HONAUT,Honeywell Automation India Limited,3417,EQ,NSE,True,True,True,False,38190.0,6516.172413793103,False,False
HONDAPOWER,Honda India Power Products Limited,3138,EQ,NSE,True,True,True,False,2104.300048828125,3180.5,False,False
HPAL,HP Adhesives Limited,7376,EQ,NSE,True,True,False,True,34.06999969482422,36613.357142857145,False,False
HPIL,Hindprakash Industries Limited,11796,EQ,NSE,True,True,True,False,125.0500030517578,1333.75,False,False
HPL,HPL Electric & Power Limited,18679,EQ,NSE,True,True,True,True,335.6499938964844,113822.0,True,True
HSCL,Himadri Speciality Chemical Limited,14334,EQ,NSE,True,False,True,True,751.6500244140625,10408418.7,False,False
HTMEDIA,HT Media Limited,11979,EQ,NSE,True,True,False,True,26.5,227404.42857142852,False,False
HUBTOWN,Hubtown Limited,14203,EQ,NSE,True,True,True,True,188.63999938964844,578626.0689655172,True,True
HUDCO,Housing & Urban Development Corporation Limited,20825,EQ,NSE,True,True,True,True,203.41000366210932,2636478.896551724,True,True
HUHTAMAKI,Huhtamaki India Limited,2562,EQ,NSE,True,True,True,True,288.29998779296875,2357981.5172413792,True,True
HYUNDAI,Hyundai Motor India Limited,25844,EQ,NSE,True,True,True,True,2220.0,829053.9333333333,True,True
ICDSLTD,ICDS Limited,6977,EQ,NSE,True,True,False,False,43.61000061035156,603.7142857142857,False,False
ICEMAKE,Ice Make Refrigeration Limited,489,EQ,NSE,True,True,True,True,820.8499755859375,40410.03571428572,True,True
ICICIAMC,ICICI Prudential Asset Management Company Limited,760407,EQ,NSE,True,True,True,True,3063.800048828125,367736.56666666665,True,True
ICICIBANK,ICICIBANK,4963,EQ,NSE,False,True,True,True,150.0,0.0,False,False
ICICIGI,ICICIGI,21770,EQ,NSE,False,True,True,True,150.0,0.0,False,False
ICICIPRULI,ICICIPRULI,18652,EQ,NSE,False,True,True,True,150.0,0.0,False,False
ICIL,Indo Count Industries Limited,11987,EQ,NSE,True,True,True,True,419.75,917038.4827586206,True,True
ICRA,ICRA Limited,14523,EQ,NSE,True,False,True,True,5149.0,32488.714285714286,False,False
IDBI,IDBI,1476,EQ,NSE,False,True,True,True,150.0,0.0,False,False
IDEA,Vodafone Idea Limited,14366,EQ,NSE,True,True,False,True,12.899999618530272,331638102.1,False,False
IDFCFIRSTB,IDFCFIRSTB,11184,EQ,NSE,False,True,True,True,150.0,0.0,False,False
IEX,Indian Energy Exchange Limited,220,EQ,NSE,True,True,True,True,129.1999969482422,6776930.0,True,True
IFBIND,IFB Industries Limited,1485,EQ,NSE,True,True,True,True,1369.4000244140625,104243.41379310343,True,True
IFCI,IFCI Limited,1491,EQ,NSE,True,True,False,True,75.9000015258789,23476398.9,False,False
IFGLEXPOR,IFGL Refractories Limited,436,EQ,NSE,True,True,True,True,217.0800018310547,245475.2142857143,True,True
IFL,IFL,540377,B,BSE,True,True,False,True,0.3700000047683716,2127427.0,False,False
IGARASHI,Igarashi Motors India Limited,634,EQ,NSE,True,True,True,True,460.75,94558.5172413793,True,True
IGCL,Indogulf Cropsciences Limited,757801,EQ,NSE,True,True,False,True,75.27999877929688,194902.8333333333,False,False
IGIL,International Gemological Institute Limited,28378,EQ,NSE,True,True,True,True,362.1000061035156,661481.3793103448,True,True
IGL,Indraprastha Gas Limited,11262,EQ,NSE,True,True,True,True,153.92999267578125,2054003.7,True,True
IGPL,IG Petrochemicals Limited,14086,EQ,NSE,True,True,True,True,503.8999938964844,29999.42857142857,True,True
IIFL,IIFL,11809,EQ,NSE,False,True,True,True,150.0,0.0,False,False
IIFLCAPS,IIFLCAPS,13072,EQ,NSE,False,True,True,True,150.0,0.0,False,False
IITL,IITL,19525,EQ,NSE,False,True,True,True,150.0,0.0,False,False
IKIO,IKIO Technologies Limited,16822,EQ,NSE,True,True,True,True,199.9499969482422,3444008.206896552,True,True
IKS,Inventurus Knowledge Solutions Limited,28125,EQ,NSE,True,True,True,True,1845.9000244140625,242766.2142857143,True,True
IMAGICAA,Imagicaaworld Entertainment Limited,7672,EQ,NSE,True,True,False,True,48.70000076293945,1092101.642857143,False,False
IMFA,Indian Metals & Ferro Alloys Limited,19235,EQ,NSE,True,True,True,True,1467.300048828125,148973.23333333334,True,True
IMPAL,India Motor Parts and Accessories Limited,12009,EQ,NSE,True,True,True,False,1116.0999755859375,5867.392857142857,False,False
INA,Insolation Energy Limited,761099,EQ,NSE,True,True,True,True,115.91999816894533,2777356.896551724,True,True
INCREDIBLE,INCREDIBLE INDUSTRIES LIMITED,17507,EQ,NSE,True,True,False,False,32.400001525878906,7450.785714285715,False,False
INDBANK,INDBANK,16933,EQ,NSE,False,True,True,True,150.0,0.0,False,False
INDBNK,INDBNK,523465,B,BSE,True,True,False,False,52.27999877929688,2155.178571428572,False,False
INDGN,Indegene Limited,23693,EQ,NSE,True,True,True,True,553.75,302372.63333333336,True,True
INDHOTEL,The Indian Hotels Company Limited,1512,EQ,NSE,True,True,True,True,750.0,2530462.066666667,True,True
INDIACEM,The India Cements Limited,1515,EQ,NSE,True,True,True,True,391.3999938964844,388065.4137931034,True,True
INDIAGLYCO,India Glycols Limited,1521,EQ,NSE,True,True,True,True,1164.0999755859375,188381.7142857143,True,True
INDIAMART,Indiamart Intermesh Limited,10726,EQ,NSE,True,True,True,True,1774.800048828125,127793.63333333332,True,True
INDIANB,INDIANB,14309,EQ,NSE,False,True,True,True,150.0,0.0,False,False
INDIANCARD,Indian Card Clothing Company Limited,4422,EQ,NSE,True,True,True,False,224.9900054931641,7723.714285714285,False,False
INDIANHUME,Indian Hume Pipe Company Limited,1530,EQ,NSE,True,True,True,True,396.7999877929688,303838.5714285714,True,True
INDIASHLTR,INDIASHLTR,20556,EQ,NSE,False,True,True,True,150.0,0.0,False,False
INDIGO,InterGlobe Aviation Limited,11195,EQ,NSE,True,False,True,True,5358.0,1189826.3333333333,False,False
INDIGOPNTS,Indigo Paints Limited,2048,EQ,NSE,True,True,True,True,1089.199951171875,77312.17857142857,True,True
INDIQUBE,Indiqube Spaces Limited,757845,EQ,NSE,True,True,True,True,171.92999267578125,117705.78571428572,True,True
INDNIPPON,India Nippon Electricals Limited,4747,EQ,NSE,True,True,True,True,1183.0,78797.75,True,True
INDOBORAX,Indo Borax & Chemicals Limited,8614,EQ,NSE,True,True,True,True,404.6000061035156,677659.2,True,True
INDOCO,Indoco Remedies Limited,11677,EQ,NSE,True,True,True,True,223.5800018310547,331560.2413793103,True,True
INDOFARM,Indo Farm Equipment Limited,29025,EQ,NSE,True,True,True,True,157.64999389648438,681988.7,True,True
INDOKEM,INDOKEM,504092,B,BSE,True,True,True,False,598.7999877929688,6224.714285714285,False,False
INDOMIM,INDO-MIM Limited,764301,EQ,NSE,True,True,True,True,769.4000244140625,27567677.5,True,True
INDORAMA,Indo Rama Synthetics (India) Limited,10993,EQ,NSE,True,True,False,True,64.45999908447266,381899.1428571429,False,False
INDOSTAR,INDOSTAR,3088,EQ,NSE,False,True,True,True,150.0,0.0,False,False
INDOTHAI,Indo Thai Securities Limited,25608,EQ,NSE,True,True,True,True,136.60000610351562,1874196.6206896552,True,True
INDOUS,Indo Us Biotech Limited,25503,EQ,NSE,True,True,False,True,82.79000091552734,27604.17857142857,False,False
INDPRUD,INDPRUD,762717,EQ,NSE,False,True,True,True,150.0,0.0,False,False
INDRAMEDCO,Indraprastha Medical Corporation Limited,4751,EQ,NSE,True,True,True,True,370.4500122070313,123288.17857142857,True,True
INDSWFTLAB,Ind-Swift Laboratories Limited,4870,EQ,NSE,True,True,True,True,230.2100067138672,957054.7857142856,True,True
INDTERRAIN,Indian Terrain Fashions Limited,21957,EQ,NSE,True,True,False,True,31.88999938964844,44264.53571428572,False,False
INDUSINDBK,INDUSINDBK,5258,EQ,NSE,False,True,True,True,150.0,0.0,False,False
INDUSTOWER,Indus Towers Limited,29135,EQ,NSE,True,True,True,True,390.0,5835582.344827586,True,True
INFOBEAN,InfoBeans Technologies Limited,11027,EQ,NSE,True,True,True,True,172.72999572753906,606249.9285714285,True,True
INFOMEDIA,Infomedia Press Limited,13693,EQ,NSE,True,True,False,True,5.380000114440918,13822.42857142857,False,False
INFY,Infosys Limited,1594,EQ,NSE,True,True,True,True,1167.5,14398152.2,True,True
INGERRAND,Ingersoll Rand (India) Limited,1597,EQ,NSE,True,True,True,True,4401.39990234375,13068.785714285714,True,True
INNOVACAP,Innova Captab Limited,21062,EQ,NSE,True,True,True,True,941.9500122070312,46194.17857142857,True,True
INNOVANA,Innovana Thinklabs Limited,27754,EQ,NSE,True,True,True,False,323.75,6103.607142857143,False,False
INNOVISION,Innovision Limited,761528,EQ,NSE,True,False,True,True,286.75,29815.64285714286,False,False
INOXINDIA,INOX India Limited,20607,EQ,NSE,True,True,True,True,1901.4000244140625,323084.1379310345,True,True
INOXWIND,Inox Wind Limited,7852,EQ,NSE,True,True,False,True,79.20999908447266,9882704.366666667,False,False
INSECTICID,Insecticides (India) Limited,14657,EQ,NSE,True,True,True,True,658.3499755859375,21993.44827586207,True,True
INTELLECT,Intellect Design Arena Limited,5926,EQ,NSE,True,False,True,True,748.7000122070312,485873.9285714286,False,False
INTENTECH,Intense Technologies Limited,20071,EQ,NSE,True,True,False,True,81.63999938964844,40659.0,False,False
INTERARCH,Interarch Building Solutions Limited,24909,EQ,NSE,True,True,True,True,1843.0999755859373,33963.17857142857,True,True
INTLCONV,International Conveyors Limited,5606,EQ,NSE,True,True,False,True,74.93000030517578,47281.55172413793,False,False
INVENTURE,Inventure Growth & Securities Limited,24870,EQ,NSE,True,True,False,True,0.9100000262260436,934777.0714285716,False,False
IOB,IOB,9348,EQ,NSE,False,True,True,True,150.0,0.0,False,False
IOC,Indian Oil Corporation Limited,1624,EQ,NSE,True,True,True,True,141.60000610351562,12937892.866666667,True,True
IOLCP,IOL Chemicals and Pharmaceuticals Limited,20413,EQ,NSE,True,True,True,True,153.74000549316406,6178488.9655172415,True,True
IONEXCHANG,ION Exchange (India) Limited,1630,EQ,NSE,True,True,True,True,424.6000061035156,1064799.6206896552,True,True
IPCALAB,IPCA Laboratories Limited,1633,EQ,NSE,True,True,True,True,1694.699951171875,258082.4827586207,True,True
IPL,India Pesticides Limited,4934,EQ,NSE,True,True,True,True,145.69000244140625,310885.9310344828,True,True
IRB,IRB Infrastructure Developers Limited,15313,EQ,NSE,True,True,False,True,20.1299991607666,11731682.966666669,False,False
IRCON,Ircon International Limited,4986,EQ,NSE,True,False,True,True,131.92999267578125,1342544.1333333333,False,False
IRCTC,Indian Railway Catering And Tourism Corporation Limited,13611,EQ,NSE,True,True,True,True,510.25,848028.0689655172,True,True
IREDA,Indian Renewable Energy Development Agency Limited,20261,EQ,NSE,True,True,True,True,120.3499984741211,4487792.8,True,True
IRFC,IRFC,2029,EQ,NSE,False,True,True,True,150.0,0.0,False,False
IRIS,IRIS RegTech Solutions Limited,6489,EQ,NSE,True,True,True,True,258.1700134277344,27006.53571428572,True,True
IRISDOREME,Iris Clothings Limited,2275,EQ,NSE,True,True,False,True,53.25,722169.5714285715,False,False
IRMENERGY,IRM Energy Limited,19597,EQ,NSE,True,True,True,True,272.6000061035156,75887.58620689655,True,True
ISFT,Intrasoft Technologies Limited,18479,EQ,NSE,True,True,False,True,79.5199966430664,13480.82142857143,False,False
ISGEC,Isgec Heavy Engineering Limited,3329,EQ,NSE,True,False,True,True,832.3499755859375,28809.964285714286,False,False
ISHANCH,Ishan Dyes and Chemicals Limited,30249,EQ,NSE,True,True,False,True,51.75,24076.82758620689,False,False
ITC,ITC,1660,EQ,NSE,False,True,True,True,150.0,0.0,False,False
ITCHOTELS,ITCHOTELS,29251,EQ,NSE,False,True,True,True,150.0,0.0,False,False
ITDC,India Tourism Development Corporation Limited,19299,EQ,NSE,True,True,True,True,705.0499877929688,3647040.035714286,True,True
ITI,ITI Limited,1675,EQ,NSE,True,True,True,True,282.6000061035156,414061.3103448276,True,True
IVALUE,Ivalue Infosolutions Limited,759041,EQ,NSE,True,True,True,True,276.3999938964844,853243.8275862068,True,True
IVC,IVC,6711,EQ,NSE,False,True,True,True,150.0,0.0,False,False
IWP,The Indian Wood Products Company Limited,762727,EQ,NSE,True,True,False,False,33.849998474121094,4753.379310344828,False,False
IXIGO,Le Travenues Technology Limited,24067,EQ,NSE,True,True,True,True,196.1499938964844,1311554.6785714286,True,True
IZMO,IZMO Limited,14174,EQ,NSE,True,True,True,True,996.4500122070312,104586.57142857143,True,True
J&KBANK,J&KBANK,5633,EQ,NSE,False,True,True,True,150.0,0.0,False,False
JAGRAN,Jagran Prakashan Limited,13211,EQ,NSE,True,True,False,True,63.02000045776367,204663.75,False,False
JAGSNPHARM,Jagsonpal Pharmaceuticals Limited,4410,EQ,NSE,True,True,True,True,236.5,946124.8666666668,True,True
JAICORPLTD,Jai Corp Limited,5143,EQ,NSE,True,True,True,True,103.27999877929688,313406.1724137931,True,True
JAINREC,Jain Resource Recycling Limited,759244,EQ,NSE,True,True,True,True,323.45001220703125,1660605.066666667,True,True
JAIPURKURT,Nandani Creation Limited,5516,EQ,NSE,True,True,False,True,26.61000061035156,12909.714285714286,False,False
JAMNAAUTO,Jamna Auto Industries Limited,20778,EQ,NSE,True,True,True,True,142.27000427246094,1868177.7666666664,True,True
JARO,Jaro Institute of Technology Management and Research Limited,759951,EQ,NSE,True,True,True,True,457.3500061035156,112922.82142857143,True,True
JASH,Jash Engineering Limited,13982,EQ,NSE,True,True,True,True,495.0,199181.89285714287,True,True
JAYAGROGN,Jayant Agro Organics Limited,4041,EQ,NSE,True,True,True,True,222.63999938964844,12389.5,True,True
JAYBARMARU,Jay Bharat Maruti Limited,1708,EQ,NSE,True,True,True,True,162.47999572753906,857513.9655172414,True,True
JAYKAY,Jaykay Enterprises Limited,760073,EQ,NSE,True,True,True,True,161.27000427246094,137426.0,True,True
JAYNECOIND,Jayaswal Neco Industries Limited,2331,EQ,NSE,True,True,False,True,87.86000061035156,4708339.068965517,False,False
JAYSREETEA,Jayshree Tea & Industries Limited,1720,EQ,NSE,True,True,False,True,88.16000366210938,35666.34482758621,False,False
JBMA,JBM Auto Limited,11655,EQ,NSE,True,True,True,True,659.7000122070312,418825.25,True,True
JETFREIGHT,Jet Freight Logistics Limited,7211,EQ,NSE,True,True,False,True,21.950000762939453,279818.0344827586,False,False
JGCHEM,J.G.Chemicals Limited,23056,EQ,NSE,True,True,True,True,505.75,237473.4827586207,True,True
JHS,JHS Svendgaard Laboratories Limited,13720,EQ,NSE,True,True,False,True,7.670000076293945,70080.82142857143,False,False
JINDALPHOT,Jindal Photo Limited,11743,EQ,NSE,True,True,True,True,1066.5,15672.107142857143,True,True
JINDALPOLY,Jindal Poly Films Limited,1756,EQ,NSE,True,True,True,True,624.7999877929688,26660.206896551725,True,True
JINDALSAW,Jindal Saw Limited,3024,EQ,NSE,True,True,True,True,264.3999938964844,1713621.4285714286,True,True
JINDALSTEL,JINDAL STEEL LIMITED,6733,EQ,NSE,True,True,True,True,1124.0,1279452.2758620689,True,True
JINDRILL,Jindal Drilling And Industries Limited,13875,EQ,NSE,True,True,True,True,614.2999877929688,1436951.3103448276,True,True
JINDWORLD,Jindal Worldwide Limited,20642,EQ,NSE,True,True,False,True,39.880001068115234,20332963.066666663,False,False
JIOFIN,JIOFIN,18143,EQ,NSE,False,True,True,True,150.0,0.0,False,False
JISLDVREQS,Jain Irrigation Systems Limited,25684,EQ,NSE,True,True,False,True,22.520000457763672,17490.928571428572,False,False
JISLJALEQS,Jain Irrigation Systems Limited,10397,EQ,NSE,True,True,False,True,30.920000076293945,1933977.1724137927,False,False
JITFINFRA,JITF Infralogistics Limited,19691,EQ,NSE,True,True,True,True,338.95001220703125,52327.25,True,True
JKCEMENT,JK Cement Limited,13270,EQ,NSE,True,True,True,True,5492.5,84559.44827586207,True,True
JKIL,J.Kumar Infraprojects Limited,15266,EQ,NSE,True,True,True,True,493.1499938964844,80207.1724137931,True,True
JKLAKSHMI,JK Lakshmi Cement Limited,13491,EQ,NSE,True,True,True,True,570.5499877929688,140314.46666666667,True,True
JKPAPER,JK Paper Limited,11860,EQ,NSE,True,True,True,True,382.75,882908.0689655172,True,True
JKTYRE,JK Tyre & Industries Limited,14435,EQ,NSE,True,True,True,True,410.3999938964844,1082751.5862068965,True,True
JLHL,Jupiter Life Line Hospitals Limited,18553,EQ,NSE,True,True,True,True,321.54998779296875,206758.24137931035,True,True
JMA,Jullundur Motor Agency (Delhi) Limited,7109,EQ,NSE,True,True,False,False,89.33000183105469,7745.25,False,False
JMFINANCIL,JMFINANCIL,13637,EQ,NSE,False,True,True,True,150.0,0.0,False,False
JNKINDIA,JNK India Limited,23621,EQ,NSE,True,True,True,True,429.2999877929688,607131.5862068966,True,True
JPOLYINVST,JPOLYINVST,31507,EQ,NSE,False,True,True,True,150.0,0.0,False,False
JPPOWER,Jaiprakash Power Ventures Limited,11763,EQ,NSE,True,True,False,True,18.84000015258789,63407206.333333336,False,False
JSFB,JSFB,22663,EQ,NSE,False,True,True,True,150.0,0.0,False,False
JSL,Jindal Stainless Limited,11236,EQ,NSE,True,True,True,True,735.6500244140625,532987.4827586206,True,True
JSLL,Jeena Sikho Lifecare Limited,758115,EQ,NSE,True,True,True,True,574.2000122070312,503785.1428571429,True,True
JSWCEMENT,JSW Cement Limited,758460,EQ,NSE,True,False,True,True,131.91000366210938,2196044.785714286,False,False
JSWDULUX,JSW Dulux Limited,1467,EQ,NSE,True,True,True,True,2992.60009765625,24639.03571428572,True,True
JSWENERGY,JSW Energy Limited,17869,EQ,NSE,True,True,True,True,568.0,2491611.1379310344,True,True
JSWHL,JSW Holdings Limited,11880,EQ,NSE,True,True,True,False,12175.0,3328.428571428572,False,False
JSWINFRA,JSW Infrastructure Limited,19020,EQ,NSE,True,True,True,True,329.25,5037706.862068965,True,True
JSWSTEEL,JSW Steel Limited,11723,EQ,NSE,True,True,True,True,1300.0,1639644.5,True,True
JTEKTINDIA,Jtekt India Limited,3237,EQ,NSE,True,True,True,True,140.77000427246094,1302108.8620689656,True,True
JTLIND,JTL INDUSTRIES LIMITED,7287,EQ,NSE,True,True,False,True,78.86000061035156,2408009.8620689656,False,False
JUBLCPL,Jubilant Agri and Consumer Products Limited,29590,EQ,NSE,True,True,True,False,1882.4000244140625,6692.321428571428,False,False
JUBLFOOD,Jubilant Foodworks Limited,18096,EQ,NSE,True,False,True,True,465.0,2443806.4,False,False
JUBLINGREA,Jubilant Ingrevia Limited,2783,EQ,NSE,True,True,True,True,751.3499755859375,552723.3448275862,True,True
JUBLPHARMA,Jubilant Pharmova Limited,3637,EQ,NSE,True,True,True,True,932.75,117061.28571428572,True,True
JUNIPER,Juniper Hotels Limited,22824,EQ,NSE,True,True,True,True,195.97000122070312,121543.0,True,True
JUSTDIAL,Just Dial Limited,29962,EQ,NSE,True,True,True,True,703.75,3781345.892857143,True,True
JWL,Jupiter Wagons Limited,20224,EQ,NSE,True,False,True,True,259.8500061035156,1315067.3103448276,False,False
JYOTHYLAB,Jyothy Labs Limited,15146,EQ,NSE,True,True,True,True,201.91000366210932,608112.6896551724,True,True
JYOTICNC,Jyoti CNC Automation Limited,21334,EQ,NSE,True,True,True,True,847.9000244140625,919384.1379310344,True,True
JYOTIRES,JYOTIRES,514448,B,BSE,True,True,True,False,930.5999755859376,8301.535714285714,False,False
JYOTISTRUC,Jyoti Structures Limited,1802,EQ,NSE,True,True,False,True,11.56999969482422,4092651.206896552,False,False
KABRAEXTRU,Kabra Extrusion Technik Limited,1805,EQ,NSE,True,False,True,True,412.4500122070313,233183.24137931035,False,False
KAJARIACER,Kajaria Ceramics Limited,1808,EQ,NSE,True,True,True,True,1197.800048828125,285950.14285714284,True,True
KALAMANDIR,Sai Silks (Kalamandir) Limited,18755,EQ,NSE,True,True,False,True,88.26000213623047,837323.6551724138,False,False
KALPATARU,Kalpataru Limited,758558,EQ,NSE,True,True,True,True,285.1499938964844,229338.3571428572,True,True
KALYANIFRG,Kalyani Forge Limited,15156,EQ,NSE,True,True,True,False,609.6500244140625,1284.321428571429,False,False
KALYANKJIL,Kalyan Jewellers India Limited,2955,EQ,NSE,True,True,True,True,591.4000244140625,35594907.63333333,True,True
KAMAHOLD,Kama Holdings Limited,762732,EQ,NSE,True,True,True,False,2522.60009765625,4754.931034482759,False,False
KAMATHOTEL,Kamat Hotels (I) Limited,1826,EQ,NSE,True,True,True,True,172.8000030517578,44683.892857142855,True,True
KAMATS,KAMATS,539659,B,BSE,True,True,False,False,36.5,4093.285714285714,False,False
KAMOPAINTS,Kamdhenu Ventures Limited,13814,EQ,NSE,True,True,False,True,4.559999942779541,268622.21428571426,False,False
KANANIIND,Kanani Industries Limited,25786,EQ,NSE,True,True,False,True,1.5099999904632568,110167.0,False,False
KANPRPLA,Kanpur Plastipack Limited,1782,EQ,NSE,True,True,True,True,211.3500061035156,37314.857142857145,True,True
KANSAINER,Kansai Nerolac Paints Limited,1196,EQ,NSE,True,True,True,True,198.9199981689453,244731.25,True,True
KAPSTON,Kapston Services Limited,18967,EQ,NSE,True,True,True,True,533.75,57319.79310344828,True,True
KARMAENG,Karma Energy Limited,24385,EQ,NSE,True,True,False,False,38.130001068115234,4872.535714285715,False,False
KARURVYSYA,KARURVYSYA,1838,EQ,NSE,False,True,True,True,150.0,0.0,False,False
KAVDEFENCE,KAVDEFENCE,15244,EQ,NSE,False,True,True,True,150.0,0.0,False,False
KAYA,Kaya Limited,10276,EQ,NSE,True,True,True,True,262.5,29929.10714285714,True,True
KAYNES,Kaynes Technology India Limited,12092,EQ,NSE,True,False,True,True,3875.0,1326873.9666666666,False,False
KCP,KCP Limited,1841,EQ,NSE,True,False,True,True,153.32000732421875,127842.58620689657,False,False
KCPSUGIND,KCP Sugar and Industries Corporation Limited,4809,EQ,NSE,True,True,False,True,31.3700008392334,747993.0357142857,False,False
KDDL,KDDL Limited,14908,EQ,NSE,True,True,True,True,3652.800048828125,30185.571428571428,True,True
KEC,KEC International Limited,13260,EQ,NSE,True,True,True,True,474.1000061035156,1320862.0344827587,True,True
KECL,Kirloskar Electric Company Limited,18220,EQ,NSE,True,False,True,True,136.55999755859375,135440.4642857143,False,False
KEEPLEARN,DSJ Keep Learning Limited,778,EQ,NSE,True,True,False,True,1.919999957084656,42729.03571428572,False,False
KEI,KEI Industries Limited,13310,EQ,NSE,True,True,True,True,5500.0,453096.1,True,True
KELLTONTEC,Kellton Tech Solutions Limited,13430,EQ,NSE,True,True,False,True,14.229999542236328,1368481.0333333334,False,False
KENNAMET,Kennametal India Limited,11841,EQ,NSE,True,True,True,True,3000.699951171875,15153.03448275862,True,True
KENVI,KENVI,540953,B,BSE,True,True,False,True,1.9800000190734863,80088.17857142857,False,False
KERNEX,Kernex Microsystems (India) Limited,13121,EQ,NSE,True,True,True,True,2419.10009765625,195296.2857142857,True,True
KEYFINSERV,KEYFINSERV,4157,EQ,NSE,False,True,True,True,150.0,0.0,False,False
KFINTECH,Kfin Technologies Limited,13359,EQ,NSE,True,False,True,True,948.9500122070312,1457956.2857142857,False,False
KHAICHEM,Khaitan Chemicals & Fertilizers Limited,896,EQ,NSE,True,True,False,True,49.38999938964844,82225.92857142857,False,False
KHAITANLTD,Khaitan (India) Limited,3912,EQ,NSE,True,True,True,False,146.17999267578125,3405.6071428571427,False,False
KHANDSE,Khandwala Securities Limited,9641,EQ,NSE,True,True,False,False,17.540000915527344,3098.3571428571427,False,False
KICL,KICL,21119,EQ,NSE,False,True,True,True,150.0,0.0,False,False
KIMS,Krishna Institute of Medical Sciences Limited,4847,EQ,NSE,True,True,True,True,795.9000244140625,538992.5,True,True
KINGFA,Kingfa Science & Technology (India) Limited,18944,EQ,NSE,True,True,True,False,5174.5,6222.571428571428,False,False
KIOCL,KIOCL Limited,19126,EQ,NSE,True,True,True,True,391.2999877929688,170824.10344827586,True,True
KIRANVYPAR,Kiran Vyapar Limited,762742,EQ,NSE,True,True,True,False,197.72999572753903,1777.655172413793,False,False
KIRIINDUS,Kiri Industries Limited,16639,EQ,NSE,True,True,True,True,418.75,206387.24137931035,True,True
KIRLFER,Kirloskar Ferrous Industries Limited,14466,EQ,NSE,True,True,True,True,464.1499938964844,76467.46428571429,True,True
KIRLOSBROS,Kirloskar Brothers Limited,18581,EQ,NSE,True,True,True,True,1891.699951171875,130775.89655172414,True,True
KIRLOSENG,Kirloskar Oil Engines Limited,20936,EQ,NSE,True,True,True,True,2273.89990234375,727283.1379310344,True,True
KIRLOSIND,Kirloskar Industries Limited,19025,EQ,NSE,True,True,True,True,3945.39990234375,12500.357142857143,True,True
KIRLPNU,Kirloskar Pneumatic Company Limited,15180,EQ,NSE,True,True,True,True,1449.0999755859375,210037.2,True,True
KISSHT,OnEMI Technology Solutions Limited,763294,EQ,NSE,True,True,True,True,307.6499938964844,2446242.8666666667,True,True
KITEX,Kitex Garments Limited,28899,EQ,NSE,True,True,True,True,146.47999572753906,646982.5,True,True
KKCL,Kewal Kiran Clothing Limited,13381,EQ,NSE,True,True,True,True,534.5499877929688,59476.27586206896,True,True
KLBRENG-B,Kilburn Engineering Limited,762747,EQ,NSE,True,False,True,True,419.6499938964844,69292.96551724138,False,False
KMCSHIL,KMCSHIL,524520,B,BSE,True,True,True,True,126.25,219838.25,True,True
KMEW,Knowledge Marine & Engineering Works Limited,27084,EQ,NSE,True,True,True,True,2532.199951171875,111658.0,True,True
KMSUGAR,K.M.Sugar Mills Limited,14667,EQ,NSE,True,True,False,True,28.84000015258789,126886.03448275862,False,False
KNACK,Knack Packaging Limited,763839,EQ,NSE,True,True,True,True,198.6999969482422,5563603.315789473,True,True
KNAGRI,KN Agri Resources Limited,760923,EQ,NSE,True,True,True,False,207.92999267578125,8532.607142857143,False,False
KNRCON,KNR Constructions Limited,15283,EQ,NSE,True,True,True,True,128.22999572753906,597911.1666666666,True,True
KOHINOOR,Kohinoor Foods Limited,3009,EQ,NSE,True,True,False,True,23.5,104641.75,False,False
KOKUYOCMLN,Kokuyo Camlin Limited,16827,EQ,NSE,True,True,False,True,85.1500015258789,23808.93103448276,False,False
KOLTEPATIL,Kolte - Patil Developers Limited,15124,EQ,NSE,True,True,True,True,398.0,71560.24137931035,True,True
KOTAKBANK,KOTAKBANK,1922,EQ,NSE,False,True,True,True,150.0,0.0,False,False
KOTARISUG,Kothari Sugars And Chemicals Limited,11647,EQ,NSE,True,True,False,True,26.34000015258789,33202.53571428572,False,False
KOTHARIPET,Kothari Petrochemicals Limited,4594,EQ,NSE,True,True,True,True,144.2899932861328,139769.5,True,True
KOTHARIPRO,Kothari Products Limited,5528,EQ,NSE,True,True,False,False,67.13999938964844,8047.928571428572,False,False
KOTIC,Kothari Industrial Corporation Limited,762752,EQ,NSE,True,False,True,True,157.16000366210938,95228.79310344828,False,False
KOVAI,Kovai Medical Center & Hospital Limited,5192,EQ,NSE,True,True,True,False,5862.0,4614.620689655172,False,False
KPEL,K.P. Energy Limited,27079,EQ,NSE,True,False,True,True,322.79998779296875,165735.10714285713,False,False
KPIGREEN,KPI Green Energy Limited,5108,EQ,NSE,True,False,True,True,382.2000122070313,434408.8571428572,False,False
KPIL,Kalpataru Projects International Limited,1814,EQ,NSE,True,True,True,True,1279.699951171875,160943.1724137931,True,True
KPITTECH,KPIT Technologies Limited,9683,EQ,NSE,True,True,True,True,625.5999755859375,5718378.6,True,True
KPL,Kwality Pharmaceuticals Limited,762757,EQ,NSE,True,True,True,True,2587.0,27744.13793103448,True,True
KPRMILL,K.P.R. Mill Limited,14912,EQ,NSE,True,True,True,True,1057.300048828125,907325.6785714284,True,True
KRANTI,KRANTI,542459,B,BSE,True,True,False,True,50.470001220703125,34824.71428571428,False,False
KRBL,KRBL Limited,10577,EQ,NSE,True,True,True,True,368.6000061035156,292987.1379310345,True,True
KREBSBIO,Krebs Biochemicals and Industries Limited,1937,EQ,NSE,True,True,False,False,54.290000915527344,9819.67857142857,False,False
KRISHANA,Krishana Phoschem Limited,12847,EQ,NSE,True,True,True,True,181.27999877929688,2146065.1071428573,True,True
KRISHIVAL,Krishival Foods Limited,756782,EQ,NSE,True,True,True,True,388.5499877929688,13273.035714285714,True,True
KRISHNADEF,KRISHNA DEF AND ALD IND L,761192,EQ,NSE,False,True,True,True,150.0,0.0,False,False
KRITIKA,Kritika Wires Limited,9288,EQ,NSE,True,True,False,True,5.929999828338623,118642.60714285714,False,False
KRITINUT,Kriti Nutrients Limited,11432,EQ,NSE,True,True,False,True,81.05000305175781,12509.0,False,False
KRONOX,Kronox Lab Sciences Limited,24025,EQ,NSE,True,False,True,True,161.8300018310547,224224.64285714287,False,False
KROSS,Kross Limited,25252,EQ,NSE,True,True,True,True,207.47999572753903,1374142.6896551724,True,True
KRSNAA,Krsnaa Diagnostics Limited,5359,EQ,NSE,True,True,True,True,562.1500244140625,52503.607142857145,True,True
KRYSTAL,Krystal Integrated Services Limited,23175,EQ,NSE,True,True,True,True,600.5499877929688,14899.827586206897,True,True
KSB,Ksb Limited,1949,EQ,NSE,True,True,True,True,856.9500122070312,106119.06896551725,True,True
KSCL,Kaveri Seed Company Limited,14972,EQ,NSE,True,True,True,True,779.7000122070312,71360.03448275862,True,True
KSHINTL,KSH International Limited,760433,EQ,NSE,True,True,True,True,910.25,281899.75,True,True
KSL,Kalyani Steels Limited,18889,EQ,NSE,True,True,True,True,870.9000244140625,63625.42857142857,True,True
KSOLVES,Ksolves India Limited,11060,EQ,NSE,True,True,True,True,283.04998779296875,135242.42857142858,True,True
KSR,KSR Footwear Limited,759987,EQ,NSE,True,True,False,True,29.030000686645508,12793.964285714286,False,False
KTKBANK,KTKBANK,8054,EQ,NSE,False,True,True,True,150.0,0.0,False,False
KUANTUM,Kuantum Papers Limited,13870,EQ,NSE,True,True,False,True,79.4000015258789,90700.39285714286,False,False
KUSUMGAR,Kusumgar Limited,764116,EQ,NSE,True,True,True,True,622.0499877929688,2983610.8571428573,True,True
KWIL,Kwality Wall's (India) Limited,760946,EQ,NSE,True,True,False,True,32.689998626708984,7576784.666666667,False,False
LAGNAM,Lagnam Spintex Limited,5865,EQ,NSE,True,True,False,True,86.1500015258789,14809.413793103447,False,False
LAHOTIOV,Lahoti Overseas Limited,762762,EQ,NSE,True,True,False,False,41.70000076293945,3677.296296296296,False,False
LAL,Lorenzini Apparels Limited,14924,EQ,NSE,True,True,False,True,8.420000076293945,120532.53571428572,False,False
LALPATHLAB,Dr. Lal Path Labs Ltd.,11654,EQ,NSE,True,True,True,True,1889.4000244140625,456746.2142857143,True,True
LAMBODHARA,Lambodhara Textiles Limited,6407,EQ,NSE,True,True,True,True,113.27999877929688,11834.785714285714,True,True
LANCORHOL,Lancor Holdings Limited,23027,EQ,NSE,True,True,False,True,26.34000015258789,99283.92857142857,False,False
LANDMARK,Landmark Cars Limited,13276,EQ,NSE,True,True,True,True,543.5,1971922.0357142857,True,True
LANDSMILL,Landsmill Green Limited,17376,EQ,NSE,True,True,False,True,0.800000011920929,2424661.172413793,False,False
LAOPALA,La Opala RG Limited,14423,EQ,NSE,True,False,True,True,190.3099975585937,124140.60714285714,False,False
LASA,Lasa Supergenerics Limited,21713,EQ,NSE,True,True,False,True,7.110000133514404,24357.64285714286,False,False
LASERPOWER,Laser Power & Infra Limited,764126,EQ,NSE,True,True,True,True,287.45001220703125,7453593.384615385,True,True
LATENTVIEW,Latent View Analytics Limited,6818,EQ,NSE,True,True,True,True,298.04998779296875,1378990.3448275863,True,True
LAURUSLABS,Laurus Labs Limited,19234,EQ,NSE,True,True,True,True,1850.0,2531000.833333333,True,True
LAXMICOT,Laxmi Cotspin Limited,6568,EQ,NSE,True,True,False,True,14.260000228881836,14509.142857142857,False,False
LAXMIDENTL,Laxmi Dental Limited,29171,EQ,NSE,True,False,True,True,218.22999572753903,97733.78571428572,False,False
LCCINFOTEC,LCC Infotech Limited,7529,EQ,NSE,True,True,False,True,4.190000057220459,52363.5,False,False
LCL,Lohia Corp Limited,764296,EQ,NSE,True,True,True,True,519.2000122070312,10923544.333333334,True,True
LEMERITE,Le Merite Exports Limited,760300,EQ,NSE,True,True,False,True,23.1200008392334,737316.5714285715,False,False
LEMONTREE,Lemon Tree Hotels Limited,2606,EQ,NSE,True,True,True,True,113.29000091552734,3004837.0,True,True
LENSKART,Lenskart Solutions Limited,759605,EQ,NSE,True,True,True,True,567.5,4814561.793103448,True,True
LEXUS,Lexus Granito (India) Limited,14459,EQ,NSE,True,True,False,True,14.880000114440918,42084.92857142857,False,False
LFIC,LFIC,7902,EQ,NSE,False,True,True,True,150.0,0.0,False,False
LGBBROSLTD,LG Balakrishnan & Bros Limited,18321,EQ,NSE,True,True,True,True,1519.800048828125,22506.63333333333,True,True
LGEINDIA,LG Electronics India Limited,760213,EQ,NSE,True,True,True,True,1542.5,335239.3,True,True
LGHL,Laxmi Goldorna House Limited,19876,EQ,NSE,True,True,True,True,201.82000732421875,27119.714285714286,True,True
LIBAS,Libas Consumer Products Limited,11082,EQ,NSE,True,True,False,True,9.899999618530272,21626.53571428572,False,False
LIBERTSHOE,Liberty Shoes Limited,1994,EQ,NSE,True,True,True,True,260.8999938964844,147119.67857142858,True,True
LICHSGFIN,LICHSGFIN,1997,EQ,NSE,False,True,True,True,150.0,0.0,False,False
LICI,LICI,9480,EQ,NSE,False,True,True,True,150.0,0.0,False,False
LIKHITHA,Likhitha Infrastructure Limited,578,EQ,NSE,True,True,True,True,221.97000122070312,43736.57142857143,True,True
LINC,Linc Limited,6951,EQ,NSE,True,True,True,True,101.68000030517578,43219.46428571428,True,True
LINCOLN,Lincoln Pharmaceuticals Limited,11596,EQ,NSE,True,True,True,True,593.2999877929688,33468.42857142857,True,True
LINDEINDIA,Linde India Limited,1627,EQ,NSE,True,True,True,True,7156.5,26276.571428571428,True,True
LLOYDSENGG,LLOYDS ENGINEERING WORKS LIMITED,17801,EQ,NSE,True,True,False,True,92.72000122070312,11493840.6,False,False
LLOYDSENT,Lloyds Enterprises Limited,25807,EQ,NSE,True,True,False,True,81.1500015258789,5204653.366666666,False,False
LLOYDSME,Lloyds Metals And Energy Limited,17313,EQ,NSE,True,False,True,True,2053.0,552220.8965517242,False,False
LMW,LMW Limited,1979,EQ,NSE,True,True,True,False,16064.0,3681.392857142857,False,False
LODHA,Lodha Developers Limited,3220,EQ,NSE,True,True,True,True,1229.800048828125,3823994.9310344825,True,True
LORDSCHLO,Lords Chloro Alkali Limited,18232,EQ,NSE,True,True,True,True,147.52999877929688,24253.92857142857,True,True
LOTUSCHO,LOTUSCHO,523475,B,BSE,True,True,True,False,650.0,7792.428571428572,False,False
LOTUSDEV,Sri Lotus Developers and Realty Limited,758145,EQ,NSE,True,False,True,True,193.6499938964844,3721292.3448275854,False,False
LOTUSEYE,Lotus Eye Hospital and Institute Limited,16807,EQ,NSE,True,True,True,True,116.55999755859376,24314.0,True,True
LOVABLE,Lovable Lingerie Limited,22415,EQ,NSE,True,True,False,True,73.30999755859375,27936.964285714286,False,False
LOYALTEX,Loyal Textile Mills Limited,10590,EQ,NSE,True,True,True,False,208.9900054931641,364.4285714285714,False,False
LPDC,Landmark Property Development Company Limited,16863,EQ,NSE,True,True,False,True,6.320000171661377,38344.607142857145,False,False
LT,Larsen & Toubro Limited,11483,EQ,NSE,True,True,True,True,3990.0,2009463.9,True,True
LTF,LTF,24948,EQ,NSE,False,True,True,True,150.0,0.0,False,False
LTFOODS,LT Foods Limited,13816,EQ,NSE,True,True,True,True,417.3999938964844,761797.7666666667,True,True
LTM,LTM Limited,17818,EQ,NSE,True,True,True,True,4559.0,517773.76666666666,True,True
LTTS,L&T Technology Services Limited,18564,EQ,NSE,True,False,True,True,3502.0,212806.3103448276,False,False
LUMAXIND,Lumax Industries Limited,2018,EQ,NSE,True,True,True,True,5704.5,11309.607142857143,True,True
LUMAXTECH,Lumax Auto Technologies Limited,14014,EQ,NSE,True,True,True,True,1634.300048828125,137094.3,True,True
LUPIN,Lupin Limited,10440,EQ,NSE,True,False,True,True,2410.0,848198.1034482758,False,False
LUXIND,Lux Industries Limited,11301,EQ,NSE,True,True,True,True,1267.9000244140625,36199.06896551724,True,True
LXCHEM,Laxmi Organic Industries Limited,2841,EQ,NSE,True,True,True,True,184.2899932861328,2084661.3793103448,True,True
M&M,Mahindra & Mahindra Limited,2031,EQ,NSE,True,True,True,True,3433.0,2656992.566666667,True,True
M&MFIN,M&MFIN,13285,EQ,NSE,False,True,True,True,150.0,0.0,False,False
MAANALU,Maan Aluminium Limited,15017,EQ,NSE,True,True,True,True,127.08999633789062,63190.27586206896,True,True
MACPOWER,Macpower CNC Machines Limited,22347,EQ,NSE,True,True,True,True,1530.300048828125,60056.0,True,True
MADHAV,Madhav Marbles and Granites Limited,15151,EQ,NSE,True,True,False,False,33.59000015258789,5469.357142857143,False,False
MADHAVIPL,Madhav Infra Projects Limited,762767,EQ,NSE,True,True,False,True,7.889999866485596,116928.1724137931,False,False
MADRASFERT,Madras Fertilizers Limited,4911,EQ,NSE,True,True,False,True,66.87000274658203,65784.14285714286,False,False
MAFATIND,Mafatlal Industries Limited,762772,EQ,NSE,True,True,True,True,132.00999450683594,96731.32142857143,True,True
MAGADSUGAR,Magadh Sugar & Energy Limited,21392,EQ,NSE,True,True,True,True,548.75,35120.379310344826,True,True
MAGNUM,Magnum Ventures Limited,14957,EQ,NSE,True,True,False,True,19.940000534057617,30839.25,False,False
MAHABANK,MAHABANK,11377,EQ,NSE,False,True,True,True,150.0,0.0,False,False
MAHAPEXLTD,Maha Rashtra Apex Corporation Limited,5239,EQ,NSE,True,True,False,True,45.40999984741211,10557.0,False,False
MAHASTEEL,Mahamaya Steel Industries Limited,17527,EQ,NSE,True,True,True,False,1074.9000244140625,9579.82142857143,False,False
MAHEPC,Mahindra EPC Irrigation Limited,17603,EQ,NSE,True,True,True,True,107.68000030517578,49024.857142857145,True,True
MAHLIFE,Mahindra Lifespace Developers Limited,8050,EQ,NSE,True,True,True,True,397.5499877929688,335242.43333333335,True,True
MAHLOG,Mahindra Logistics Limited,385,EQ,NSE,True,True,True,True,421.0,429658.2142857143,True,True
MAHSCOOTER,Maharashtra Scooters Limited,2085,EQ,NSE,True,True,True,False,13833.0,4172.620689655172,False,False
MAHSEAMLES,Maharashtra Seamless Limited,2088,EQ,NSE,True,True,True,True,579.0999755859375,145602.06896551725,True,True
MAITHANALL,Maithan Alloys Limited,24538,EQ,NSE,True,True,True,True,962.75,34676.55172413793,True,True
MAJESAUT,Majestic Auto Limited,762777,EQ,NSE,True,True,True,True,482.4500122070313,12898.57142857143,True,True
MALLCOM,Mallcom (India) Limited,7965,EQ,NSE,True,True,True,False,992.7000122070312,2648.3214285714284,False,False
MALUPAPER,Malu Paper Mills Limited,13352,EQ,NSE,True,True,False,True,33.45000076293945,57276.48275862069,False,False
MAMATA,Mamata Machinery Limited,28687,EQ,NSE,True,True,True,True,414.3999938964844,55164.107142857145,True,True
MANAKALUCO,Manaksia Aluminium Company Limited,7420,EQ,NSE,True,True,False,True,35.119998931884766,86427.57142857143,False,False
MANAKCOAT,Manaksia Coated Metals & Industries Limited,7413,EQ,NSE,True,True,True,True,119.41999816894533,590458.8928571428,True,True
MANAKSIA,Manaksia Limited,15199,EQ,NSE,True,True,False,True,56.7400016784668,15863.607142857143,False,False
MANAKSTEEL,Manaksia Steels Limited,7463,EQ,NSE,True,True,False,True,79.26000213623047,38218.857142857145,False,False
MANALIPETC,Manali Petrochemicals Limited,13796,EQ,NSE,True,True,False,True,66.56999969482422,365063.3928571429,False,False
MANAPPURAM,MANAPPURAM,19061,EQ,NSE,False,True,True,True,150.0,0.0,False,False
MANBA,MANBA,25597,EQ,NSE,False,True,True,True,150.0,0.0,False,False
MANCREDIT,MANCREDIT,24823,EQ,NSE,False,True,True,True,150.0,0.0,False,False
MANGALAM,Mangalam Drugs And Organics Limited,11817,EQ,NSE,True,True,False,True,26.979999542236328,26640.67857142857,False,False
MANGLMCEM,Mangalam Cement Limited,2106,EQ,NSE,True,True,True,True,944.6500244140624,63239.5,True,True
MANINDS,Man Industries (India) Limited,11884,EQ,NSE,True,True,True,True,542.7000122070312,198952.0357142857,True,True
MANINFRA,Man Infraconstruction Limited,18226,EQ,NSE,True,False,True,True,111.61000061035156,1449192.5,False,False
MANKIND,Mankind Pharma Limited,15380,EQ,NSE,True,True,True,True,2438.0,432738.4827586207,True,True
MANOMAY,Manomay Tex India Limited,13753,EQ,NSE,True,True,True,True,213.42999267578125,62228.25,True,True
MANORAMA,Manorama Industries Limited,10227,EQ,NSE,True,True,True,True,1617.800048828125,155776.27586206896,True,True
MANYAVAR,Vedant Fashions Limited,8167,EQ,NSE,True,False,True,True,485.8999938964844,1328756.607142857,False,False
MAPMYINDIA,C.E. Info Systems Limited,7227,EQ,NSE,True,False,True,True,1139.699951171875,1014209.5,False,False
MARATHON,Marathon Nextgen Realty Limited,18659,EQ,NSE,True,True,True,True,391.4500122070313,65840.10344827586,True,True
MARICO,Marico Limited,4067,EQ,NSE,True,False,True,True,875.0,2098495.068965517,False,False
MARINE,Marine Electricals (India) Limited,1328,EQ,NSE,True,True,True,True,300.6000061035156,863916.0357142857,True,True
MARKOLINES,Markolines Pavement Technologies Limited,760204,EQ,NSE,True,True,True,True,176.1699981689453,431273.1724137931,True,True
MARKSANS,Marksans Pharma Limited,10579,EQ,NSE,True,False,True,True,269.1000061035156,1770184.9310344828,False,False
MARSONS,Marsons Limited,761386,EQ,NSE,True,True,True,True,108.1500015258789,1426467.2068965517,True,True
MARUTI,Maruti Suzuki India Limited,10999,EQ,NSE,True,True,True,True,14168.0,539298.4137931034,True,True
MASFIN,MASFIN,199,EQ,NSE,False,True,True,True,150.0,0.0,False,False
MASTEK,Mastek Limited,2124,EQ,NSE,True,True,True,True,1842.5999755859373,102975.62068965516,True,True
MASTERTR,Master Trust Limited,27047,EQ,NSE,True,True,False,True,84.02999877929688,2230921.6785714286,False,False
MATRIMONY,Matrimony.Com Limited,21726,EQ,NSE,True,True,True,True,431.2000122070313,15041.392857142857,True,True
MAXESTATES,Max Estates Limited,19646,EQ,NSE,True,True,True,True,392.6000061035156,151088.85714285713,True,True
MAXHEALTH,Max Healthcare Institute Limited,22377,EQ,NSE,True,False,True,True,1077.0,1784694.3,False,False
MAXIND,Max India Limited,22428,EQ,NSE,True,False,True,True,171.8000030517578,196453.5357142857,False,False
MAYURUNIQ,Mayur Uniquoters Ltd,28906,EQ,NSE,True,True,True,True,774.4500122070312,105147.85714285714,True,True
MAZDOCK,Mazagon Dock Shipbuilders Limited,509,EQ,NSE,True,True,True,True,2389.0,731218.0666666667,True,True
MBAPL,Madhya Bharat Agro Products Limited,12686,EQ,NSE,True,True,True,True,158.6199951171875,1887304.5862068965,True,True
MBEL,M & B Engineering Limited,758150,EQ,NSE,True,True,True,True,295.75,152178.5357142857,True,True
MCCHRLS-B,Mac Charles India Limited,762782,EQ,NSE,True,True,True,False,680.0,307.9655172413793,False,False
MCL,M TEK COPPER LIMITED,22360,EQ,NSE,True,True,False,True,55.25,26764.896551724138,False,False
MCLOUD,Magellanic Cloud Limited,29482,EQ,NSE,True,True,False,True,28.76000022888184,7335920.379310345,False,False
MCX,Multi Commodity Exchange of India Limited,31181,EQ,NSE,True,True,True,True,2680.0,2499298.7666666666,True,True
MEDANTA,Global Health Limited,11956,EQ,NSE,True,True,True,True,1435.0999755859375,194842.42857142852,True,True
MEDIASSIST,Medi Assist Healthcare Services Limited,21705,EQ,NSE,True,True,True,True,357.70001220703125,123963.57142857143,True,True
MEDICAMEQ,Medicamen Biotech Limited,6278,EQ,NSE,True,False,True,True,250.8300018310547,28631.5,False,False
MEDICO,Medico Remedies Limited,9667,EQ,NSE,True,True,False,True,49.060001373291016,243547.9642857143,False,False
MEDPLUS,Medplus Health Services Limited,7254,EQ,NSE,True,True,True,True,684.0499877929688,265987.8571428572,True,True
MEESHO,Meesho Limited,760229,EQ,NSE,True,True,True,True,191.8800048828125,15431011.965517242,True,True
MEGASTAR,Megastar Foods Limited,8153,EQ,NSE,True,True,True,True,329.79998779296875,46469.857142857145,True,True
MEIL,Mangal Electrical Industries Limited,758748,EQ,NSE,True,True,True,True,286.54998779296875,21315.071428571428,True,True
MENNPIS,Menon Pistons Limited,762787,EQ,NSE,True,True,False,True,73.33999633789062,159501.58620689655,False,False
MERCANTILE,Mercantile Ventures Limited,762792,EQ,NSE,True,True,False,False,24.15999984741211,6397.827586206897,False,False
MERCURYEV,Mercury Ev-Tech Limited,763663,EQ,NSE,True,True,False,True,35.7400016784668,135687.14285714287,False,False
METROBRAND,Metro Brands Limited,7242,EQ,NSE,True,False,True,True,1040.699951171875,51269.57142857143,False,False
METROGLOBL,Metroglobal Limited,762797,EQ,NSE,True,True,True,False,132.4199981689453,5544.428571428572,False,False
METROPOLIS,Metropolis Healthcare Limited,9581,EQ,NSE,True,False,True,True,584.5,307896.9285714286,False,False
MFML,Mahalaxmi Fabric Mills Limited,24937,EQ,NSE,True,True,False,True,19.6200008392334,17355.25,False,False
MFSL,MFSL,2142,EQ,NSE,False,True,True,True,150.0,0.0,False,False
MGL,Mahanagar Gas Limited,17534,EQ,NSE,True,True,True,True,1111.5999755859375,243948.25,True,True
MHLXMIRU,Mahalaxmi Rubtech Limited,7886,EQ,NSE,True,False,True,True,155.7100067138672,165412.57142857142,False,False
MHRIL,Mahindra Holidays & Resorts India Limited,17333,EQ,NSE,True,False,True,True,227.97999572753903,180473.2142857143,False,False
MIDHANI,Mishra Dhatu Nigam Limited,2463,EQ,NSE,True,True,True,True,412.6000061035156,489515.275862069,True,True
MIDWESTLTD,Midwest Limited,759517,EQ,NSE,True,True,True,True,1216.800048828125,15865.793103448275,True,True
MIIL,MIIL,538668,B,BSE,True,True,True,True,736.0999755859375,58435.67857142857,True,True
MINDACORP,Minda Corporation Limited,25897,EQ,NSE,True,True,True,True,722.2000122070312,332352.7586206897,True,True
MINDTECK,Mindteck (India) Limited,18049,EQ,NSE,True,False,True,True,192.38999938964844,68351.75862068965,False,False
MIRZAINT,Mirza International Limited,4394,EQ,NSE,True,True,False,True,34.20000076293945,642382.5357142857,False,False
MITTAL,Mittal Life Style Limited,18562,EQ,NSE,True,True,False,True,0.8999999761581421,376094.25,False,False
MKPL,M K Proteins Limited,16736,EQ,NSE,True,True,False,True,4.179999828338623,193311.25,False,False
MMFL,MM Forgings Limited,13844,EQ,NSE,True,True,True,True,552.8499755859375,148333.67857142858,True,True
MMLF,MMLF,535910,B,BSE,True,True,False,True,0.6499999761581421,49901.892857142855,False,False
MMP,MMP Industries Limited,16395,EQ,NSE,True,True,True,True,301.04998779296875,40708.857142857145,True,True
MMTC,MMTC Limited,17957,EQ,NSE,True,True,False,True,63.650001525878906,2169612.1379310344,False,False
MOBIKWIK,One Mobikwik Systems Limited,28046,EQ,NSE,True,True,True,True,205.97000122070312,1804883.607142857,True,True
MODIRUBBER,Modi Rubber Limited,2229,EQ,NSE,True,True,True,False,124.51000213623048,1931.892857142857,False,False
MODIS,Modis Navnirman Limited,759752,EQ,NSE,True,True,True,True,396.0,93917.68965517242,True,True
MODTHREAD,Modern Threads (India) Limited,2241,EQ,NSE,True,True,False,False,48.04999923706055,2207.464285714286,False,False
MOHITIND,Mohit Industries Limited,29423,EQ,NSE,True,True,False,True,26.940000534057617,19900.53571428572,False,False
MOIL,MOIL Limited,20830,EQ,NSE,True,False,True,True,282.75,1563742.1,False,False
MOKSH,Moksh Ornaments Limited,3586,EQ,NSE,True,True,False,True,10.289999961853027,128163.07142857143,False,False
MOL,Meghmani Organics Limited,5394,EQ,NSE,True,True,False,True,54.06999969482422,1801562.6551724137,False,False
MOLDTECH,Mold-Tek Technologies Limited,17625,EQ,NSE,True,True,True,True,151.4600067138672,70039.96428571429,True,True
MOLDTKPAC,Mold-Tek Packaging Limited,6713,EQ,NSE,True,True,True,True,684.9000244140625,119766.07142857143,True,True
MONARCH,MONARCH,7679,EQ,NSE,False,True,True,True,150.0,0.0,False,False
MONEYBOXX,MONEYBOXX,759381,EQ,NSE,False,True,True,True,150.0,0.0,False,False
MONTECARLO,Monte Carlo Fashions Limited,5938,EQ,NSE,True,True,True,True,538.1500244140625,30428.0,True,True
MOREPENLAB,Morepen Laboratories Limited,2259,EQ,NSE,True,True,False,True,69.18000030517578,12825070.933333334,False,False
MOSCHIP,Moschip Technologies Limited,29459,EQ,NSE,True,True,True,True,208.58999633789065,5174588.517241379,True,True
MOTHERSON,Samvardhana Motherson International Limited,4204,EQ,NSE,True,True,True,True,151.0,19728986.066666663,True,True
MOTILALOFS,MOTILALOFS,14947,EQ,NSE,False,True,True,True,150.0,0.0,False,False
MOTISONS,Motisons Jewellers Limited,20788,EQ,NSE,True,True,False,True,14.18000030517578,31481908.275862068,False,False
MPHASIS,MphasiS Limited,4503,EQ,NSE,True,True,True,True,2380.0,653305.275862069,True,True
MPSLTD,MPS Limited,10578,EQ,NSE,True,True,True,True,2726.10009765625,124093.39285714286,True,True
MRCAGRO,MRCAGRO,540809,B,BSE,True,True,False,True,37.040000915527344,90966.67857142857,False,False
MRF,MRF Limited,2277,EQ,NSE,True,True,True,False,132745.0,6573.821428571428,False,False
MRPL,Mangalore Refinery and Petrochemicals Limited,2283,EQ,NSE,True,True,True,True,169.63999938964844,17548174.6,True,True
MSPL,MSP Steel & Power Limited,11919,EQ,NSE,True,True,False,True,34.189998626708984,709339.3571428572,False,False
MSTCLTD,Mstc Limited,9356,EQ,NSE,True,True,True,True,599.7999877929688,570638.6,True,True
MSUMI,Motherson Sumi Wiring India Limited,8596,EQ,NSE,True,True,False,True,39.75,18146678.86206897,False,False
MTNL,Mahanagar Telephone Nigam Limited,2294,EQ,NSE,True,True,False,True,27.809999465942383,1055959.2333333334,False,False
MUFIN,MUFIN,19783,EQ,NSE,False,True,True,True,150.0,0.0,False,False
MUFTI,Credo Brands Marketing Limited,20878,EQ,NSE,True,True,False,True,82.2300033569336,80770.6551724138,False,False
MUKANDLTD,Mukand Limited,11325,EQ,NSE,True,True,True,True,142.25,170541.39285714287,True,True
MUKKA,Mukka Proteins Limited,22980,EQ,NSE,True,True,False,True,22.950000762939453,199329.1071428572,False,False
MUNJALAU,Munjal Auto Industries Limited,13511,EQ,NSE,True,True,True,True,104.0500030517578,2315985.965517241,True,True
MUNJALSHOW,Munjal Showa Limited,2307,EQ,NSE,True,True,True,True,144.3000030517578,46785.892857142855,True,True
MURUDCERA,Murudeshwar Ceramics Limited,2313,EQ,NSE,True,True,False,True,30.75,17882.0,False,False
MUTHOOTCAP,MUTHOOTCAP,10415,EQ,NSE,False,True,True,True,150.0,0.0,False,False
MUTHOOTFIN,MUTHOOTFIN,23650,EQ,NSE,False,True,True,True,150.0,0.0,False,False
MUTHOOTMF,MUTHOOTMF,20831,EQ,NSE,False,True,True,True,150.0,0.0,False,False
MVGJL,Manoj Vaibhav Gems N Jewellers Limited,19015,EQ,NSE,True,True,True,True,167.38999938964844,74683.20689655172,True,True
MWL,Mangalam Worldwide Limited,759169,EQ,NSE,True,True,False,True,42.25,1207057.6785714286,False,False
NACLIND,NACL Industries Limited,20425,EQ,NSE,True,True,True,True,181.1300048828125,2562055.827586207,True,True
NAGREEKCAP,NAGREEKCAP,14942,EQ,NSE,False,True,True,True,150.0,0.0,False,False
NAGREEKEXP,Nagreeka Exports Limited,14702,EQ,NSE,True,True,False,True,22.61000061035156,11601.214285714286,False,False
NAHARCAP,NAHARCAP,15360,EQ,NSE,False,True,True,True,150.0,0.0,False,False
NAHARINDUS,Nahar Industrial Enterprises Limited,13106,EQ,NSE,True,True,True,False,120.61000061035156,9174.392857142857,False,False
NAHARPOLY,Nahar Poly Films Limited,14445,EQ,NSE,True,True,True,True,278.6000061035156,18700.17857142857,True,True
NAHARSPING,Nahar Spinning Mills Limited,14440,EQ,NSE,True,False,True,True,323.70001220703125,22408.241379310344,False,False
NAM-INDIA,Nippon Life India Asset Management Limited,357,EQ,NSE,True,False,True,True,1202.0,849977.8620689656,False,False
NARMADA,Narmada Agrobase Limited,11627,EQ,NSE,True,True,False,True,15.949999809265137,4176274.7666666666,False,False
NATCAPSUQ,Natural Capsules Limited,29583,EQ,NSE,True,True,True,True,152.55999755859375,14783.620689655172,True,True
NATCOPHARM,Natco Pharma Limited,3918,EQ,NSE,True,True,True,True,917.0,498625.06666666665,True,True
NATHBIOGEN,Nath Bio-Genes (India) Limited,11065,EQ,NSE,True,True,True,True,164.72000122070312,15022.75,True,True
NATIONALUM,National Aluminium Company Limited,6364,EQ,NSE,True,True,True,True,377.0,9267712.133333333,True,True
NATIONSTD,National Standard (India) Limited,762807,EQ,NSE,True,True,True,True,223.7400054931641,36666.89655172414,True,True
NAUKRI,Info Edge (India) Limited,13751,EQ,NSE,True,True,True,True,1260.0,2718076.413793104,True,True
NAVA,NAVA LIMITED,4014,EQ,NSE,True,True,True,True,571.7000122070312,220263.6206896552,True,True
NAVINFLUOR,Navin Fluorine International Limited,14672,EQ,NSE,True,True,True,True,7629.0,118169.93103448275,True,True
NAVKARCORP,Navkar Corporation Limited,10557,EQ,NSE,True,True,True,True,102.70999908447266,1121713.5862068965,True,True
NAVNETEDUL,Navneet Education Limited,2385,EQ,NSE,True,True,True,True,128.6300048828125,234993.41379310345,True,True
NAZARA,Nazara Technologies Limited,2987,EQ,NSE,True,True,True,True,349.5,2350171.964285714,True,True
NBCC,NBCC (India) Limited,31415,EQ,NSE,True,True,False,True,94.83999633789062,8430890.066666666,False,False
NBIFIN,NBIFIN,19111,EQ,NSE,False,True,True,True,150.0,0.0,False,False
NCC,NCC Limited,2319,EQ,NSE,True,True,True,True,143.11000061035156,1446197.6896551724,True,True
NCLIND,NCL Industries Limited,14490,EQ,NSE,True,True,True,True,174.6199951171875,44622.17857142857,True,True
NDGL,Naga Dhunseri Group Limited,18371,EQ,NSE,True,True,True,False,2799.0,333.4482758620689,False,False
NDL,Nandan Denim Limited,31258,EQ,NSE,True,True,False,True,2.369999885559082,912846.0,False,False
NDLVENTURE,NDL Ventures Limited,14547,EQ,NSE,True,True,True,True,127.2699966430664,14193.586206896553,True,True
NDRAUTO,Ndr Auto Components Limited,22255,EQ,NSE,True,True,True,True,819.8499755859375,27386.14285714286,True,True
NDTV,New Delhi Television Limited,11427,EQ,NSE,True,True,False,True,76.66000366210938,326290.0,False,False
NEAGI,Neelamalai Agro Industries Limited,762812,EQ,NSE,True,True,True,False,3170.0,19.217391304347824,False,False
NELCAST,Nelcast Limited,14761,EQ,NSE,True,True,True,True,124.3000030517578,595600.3448275862,True,True
NELCO,NELCO Limited,2388,EQ,NSE,True,True,True,True,981.7000122070312,329325.2068965517,True,True
NEOGEN,Neogen Chemicals Limited,9917,EQ,NSE,True,True,True,True,2083.199951171875,146475.0344827586,True,True
NEPHROPLUS,Nephrocare Health Services Limited,760346,EQ,NSE,True,False,True,True,713.1500244140625,182015.6071428572,False,False
NESCO,Nesco Limited,15409,EQ,NSE,True,True,True,True,1047.5999755859375,67456.14285714286,True,True
NESTLEIND,Nestle India Limited,17963,EQ,NSE,True,False,True,True,1520.0,2304711.7333333334,False,False
NETWEB,Netweb Technologies India Limited,17433,EQ,NSE,True,True,True,True,4762.2001953125,1143076.8666666667,True,True
NETWORK18,NETWORK18,14111,EQ,NSE,False,True,True,True,150.0,0.0,False,False
NEULANDLAB,Neuland Laboratories Limited,2406,EQ,NSE,True,True,True,True,19273.0,38889.392857142855,True,True
NEWGEN,Newgen Software Technologies Limited,1164,EQ,NSE,True,True,True,True,561.3499755859375,4638538.172413793,True,True
NEXTMEDIA,Next Mediaworks Limited,9867,EQ,NSE,True,True,False,False,3.940000057220459,7409.678571428572,False,False
NFL,National Fertilizers Limited,13925,EQ,NSE,True,True,False,True,71.83999633789062,601448.6206896552,False,False
NGLFINE,NGL Fine-Chem Limited,10277,EQ,NSE,True,True,True,False,3258.10009765625,8689.862068965518,False,False
NH,Narayana Hrudayalaya Ltd.,11840,EQ,NSE,True,True,True,True,1919.4000244140625,301663.9655172414,True,True
NHPC,NHPC Limited,17400,EQ,NSE,True,True,False,True,80.5,16620100.1,False,False
NIACL,NIACL,399,EQ,NSE,False,True,True,True,150.0,0.0,False,False
NIBE,NIBE Limited,29487,EQ,NSE,True,True,True,True,1383.0999755859375,80747.24137931035,True,True
NIBL,NRB Industrial Bearings Limited,29733,EQ,NSE,True,True,False,True,35.349998474121094,52195.48275862069,False,False
NIITLTD,NIIT Limited,11522,EQ,NSE,True,True,False,True,96.23999786376952,1285074.4827586208,False,False
NIITMTS,NIIT Learning Systems Limited,17747,EQ,NSE,True,True,True,True,250.19000244140625,587918.724137931,True,True
NILAINFRA,Nila Infrastructures Limited,9253,EQ,NSE,True,True,False,True,7.53000020980835,154546.75,False,False
NILASPACES,Nila Spaces Limited,7411,EQ,NSE,True,True,False,True,12.229999542236328,342149.724137931,False,False
NILE,Nile Limited,762817,EQ,NSE,True,True,True,False,1686.0,4927.103448275862,False,False
NILKAMAL,Nilkamal Limited,2421,EQ,NSE,True,True,True,True,1734.699951171875,174828.8275862069,True,True
NIPPOBATRY,Indo-National Limited,6782,EQ,NSE,True,True,True,False,320.8999938964844,2860.678571428572,False,False
NIRAJISPAT,Niraj Ispat Industries Limited,18840,EQ,NSE,True,True,True,False,216.0,101.71428571428572,False,False
NIRLON,Nirlon Limited,2433,EQ,NSE,True,True,True,False,620.0,7495.964285714285,False,False
NITCO,Nitco Limited,13300,EQ,NSE,True,True,True,True,107.05999755859376,686582.75,True,True
NITINSPIN,Nitin Spinners Limited,13175,EQ,NSE,True,True,True,True,571.6500244140625,86482.58620689655,True,True
NITIRAJ,Nitiraj Engineers Limited,3247,EQ,NSE,True,True,True,False,214.44000244140625,5362.392857142857,False,False
NITTAGELA,Nitta Gelatin India Limited,762824,EQ,NSE,True,True,True,True,1637.699951171875,16516.928571428572,True,True
NIVABUPA,NIVABUPA,27097,EQ,NSE,False,True,True,True,150.0,0.0,False,False
NKIND,NK Industries Limited,2439,EQ,NSE,True,True,False,False,63.02999877929688,553.3928571428571,False,False
NLCINDIA,NLC India Limited,8585,EQ,NSE,True,False,True,True,300.70001220703125,2281916.965517241,False,False
NMDC,NMDC Limited,15332,EQ,NSE,True,True,False,True,84.19999694824219,18570296.066666663,False,False
NOCIL,NOCIL Limited,2442,EQ,NSE,True,True,True,True,170.99000549316406,988657.7931034482,True,True
NORBTEAEXP,Norben Tea & Exports Limited,4160,EQ,NSE,True,True,False,False,65.29000091552734,2290.3571428571427,False,False
NORTHARC,NORTHARC,25426,EQ,NSE,False,True,True,True,150.0,0.0,False,False
NOVARTIND,Novartis India Limited,9007,EQ,NSE,True,True,True,True,1622.0,47760.58620689655,True,True
NPST,Network People Services Technologies Limited,756324,EQ,NSE,True,True,True,True,1521.199951171875,39503.392857142855,True,True
NRAIL,N R Agarwal Industries Limited,20314,EQ,NSE,True,True,True,True,483.5,11111.57142857143,True,True
NRBBEARING,NRB Bearing Limited,7553,EQ,NSE,True,True,True,True,429.8999938964844,479155.8620689655,True,True
NSDL,NSDL,544467,A,BSE,True,True,True,True,820.4500122070312,455548.8214285714,True,True
NSIL,NSIL,11239,EQ,NSE,False,True,True,True,150.0,0.0,False,False
NSL,NSL,542628,B,BSE,True,True,True,False,131.5500030517578,9792.285714285714,False,False
NSLNISP,NMDC Steel Limited,14180,EQ,NSE,True,True,False,True,44.0099983215332,2772481.1379310344,False,False
NTPC,NTPC Limited,11630,EQ,NSE,True,True,True,True,343.6499938964844,10706884.3,True,True
NTPCGREEN,NTPC Green Energy Limited,27176,EQ,NSE,True,True,False,True,90.72000122070312,7171989.866666666,False,False
NUCLEUS,Nucleus Software Exports Limited,10791,EQ,NSE,True,False,True,True,698.2999877929688,32094.28571428572,False,False
NURECA,Nureca Limited,2350,EQ,NSE,True,True,True,True,326.04998779296875,61098.8275862069,True,True
NUVAMA,Nuvama Wealth Management Limited,18721,EQ,NSE,True,False,True,True,1694.199951171875,544684.448275862,False,False
NUVOCO,Nuvoco Vistas Corporation Limited,5426,EQ,NSE,True,True,True,True,348.6000061035156,3130603.8,True,True
NYKAA,FSN E-Commerce Ventures Limited,6545,EQ,NSE,True,True,True,True,342.5,6864969.517241379,True,True
OAL,Oriental Aromatics Limited,10768,EQ,NSE,True,True,True,True,380.5499877929688,39128.96551724138,True,True
OBCL,OBCL Limited,8797,EQ,NSE,True,True,False,False,53.18000030517578,6404.142857142857,False,False
OBEROIRLTY,Oberoi Realty Limited,20242,EQ,NSE,True,True,True,True,1778.800048828125,594781.0357142857,True,True
OFSS,Oracle Financial Services Software Limited,10738,EQ,NSE,False,True,True,True,150.0,0.0,False,False
OIL,Oil India Limited,17438,EQ,NSE,True,True,True,True,450.0,3353364.1379310344,True,True
OLAELEC,Ola Electric Mobility Limited,24777,EQ,NSE,True,True,False,True,38.56999969482422,75886934.46666667,False,False
OLECTRA,Olectra Greentech Limited,10637,EQ,NSE,True,True,True,True,1347.800048828125,489067.4,True,True
OMAXE,Omaxe Limited,14853,EQ,NSE,True,True,False,True,87.5999984741211,3084011.3571428573,False,False
OMINFRAL,OM INFRA LIMITED,24231,EQ,NSE,True,True,False,True,90.30999755859376,214964.32142857145,False,False
OMNI,Omnitech Engineering Limited,760865,EQ,NSE,True,True,True,True,610.5,427246.0344827586,True,True
OMPOWER,Om Power Transmission Limited,762432,EQ,NSE,True,True,True,True,170.5399932861328,126218.07142857143,True,True
ONEPOINT,One Point One Solutions Limited,9939,EQ,NSE,True,True,False,True,56.93000030517578,874752.6071428572,False,False
ONESOURCE,Onesource Specialty Pharma Limited,29224,EQ,NSE,True,True,True,True,1530.5999755859375,296920.0344827586,True,True
ONGC,Oil & Natural Gas Corporation Limited,2475,EQ,NSE,True,True,True,True,242.0,13936707.533333331,True,True
ONWARDTEC,Onward Technologies Limited,2481,EQ,NSE,True,True,True,True,289.95001220703125,717622.6428571428,True,True
OPTIEMUS,Optiemus Infracom Limited,21469,EQ,NSE,True,True,True,True,625.6500244140625,316445.78571428574,True,True
ORCHASP,Orchasp Limited,29492,EQ,NSE,True,True,False,True,1.6100000143051147,420303.724137931,False,False
ORCHPHARMA,Orchid Pharma Limited,926,EQ,NSE,True,True,True,True,1006.4000244140624,250028.89285714287,True,True
ORICONENT,Oricon Enterprises Limited,10159,EQ,NSE,True,True,False,True,54.58000183105469,53037.55172413793,False,False
ORIENTALTL,Oriental Trimex Limited,14346,EQ,NSE,True,True,False,True,5.190000057220459,92084.85714285714,False,False
ORIENTBELL,Orient Bell Limited,14278,EQ,NSE,True,True,True,False,317.6000061035156,7346.75,False,False
ORIENTCEM,Orient Cement Limited,30089,EQ,NSE,True,True,True,True,137.6699981689453,256980.7931034483,True,True
ORIENTCER,ORIENT CERATECH LIMITED,13111,EQ,NSE,True,True,False,True,40.720001220703125,65812.71428571429,False,False
ORIENTELEC,Orient Electric Limited,2972,EQ,NSE,True,True,True,True,176.74000549316406,1116680.4642857143,True,True
ORIENTHOT,Oriental Hotels Limited,2493,EQ,NSE,True,True,True,True,132.6999969482422,1291702.2068965517,True,True
ORIENTPPR,Orient Paper & Industries Limited,2496,EQ,NSE,True,True,False,True,19.209999084472656,251504.5,False,False
ORIENTTECH,Orient Technologies Limited,24961,EQ,NSE,True,False,True,True,260.75,1536625.1666666667,False,False
ORISSAMINE,The Orissa Minerals Development Company Limited,19931,EQ,NSE,True,True,True,True,4307.7998046875,13021.241379310344,True,True
ORKLAINDIA,Orkla India Limited,759569,EQ,NSE,True,True,True,True,579.4000244140625,55181.53571428572,True,True
OSWALAGRO,Oswal Agro Mills Limited,2514,EQ,NSE,True,True,False,True,38.93000030517578,26598.5,False,False
OSWALGREEN,Oswal Greentech Limited,471,EQ,NSE,True,True,False,True,21.520000457763672,287715.9655172414,False,False
OSWALPUMPS,Oswal Pumps Limited,756802,EQ,NSE,True,True,True,True,325.70001220703125,675593.8965517242,True,True
OSWALSEEDS,ShreeOswal Seeds And Chemicals Limited,14305,EQ,NSE,True,True,False,True,10.470000267028809,44575.5,False,False
PACEDIGITK,Pace Digitek Limited,759342,EQ,NSE,True,False,True,True,198.8099975585937,2643359.5172413792,False,False
PAGEIND,Page Industries Limited,14413,EQ,NSE,True,True,True,True,39750.0,34128.51724137931,True,True
PAISALO,Paisalo Digital Limited,25468,EQ,NSE,True,True,False,True,71.11000061035156,20334567.67857143,False,False
PAKKA,PAKKA LIMITED,17197,EQ,NSE,True,True,False,True,71.58999633789062,53389.67857142857,False,False
PALASHSECU,Palash Securities Limited,21383,EQ,NSE,True,True,False,False,88.62999725341797,1667.107142857143,False,False
PANACEABIO,Panacea Biotec Limited,4055,EQ,NSE,True,False,True,True,419.3999938964844,291890.9285714286,False,False
PANAMAPET,Panama Petrochem Limited,25392,EQ,NSE,True,False,True,True,458.4500122070313,311074.25,False,False
PANORAMA,PANORAMA,539469,B,BSE,True,True,False,True,47.790000915527344,349962.1785714286,False,False
PANSARI,Pansari Developers Limited,6141,EQ,NSE,True,True,True,True,335.95001220703125,51140.142857142855,True,True
PAR,Par Drugs And Chemicals Limited,5631,EQ,NSE,True,True,False,True,99.16999816894533,30444.321428571428,False,False
PARACABLES,Paramount Communications Limited,13951,EQ,NSE,True,True,False,True,64.87999725341797,1644828.566666667,False,False
PARADEEP,Paradeep Phosphates Limited,9741,EQ,NSE,True,True,True,True,144.94000244140625,10265934.266666668,True,True
PARAGMILK,Parag Milk Foods Limited,17130,EQ,NSE,True,True,True,True,233.16000366210932,379615.4482758621,True,True
PARAS,PARAS,5911,EQ,NSE,False,True,True,True,150.0,0.0,False,False
PARASPETRO,Paras Petrofils Limited,3972,EQ,NSE,True,True,False,True,2.509999990463257,270886.6785714286,False,False
PARKHOSPS,Park Medi World Limited,760351,EQ,NSE,True,True,True,True,283.95001220703125,930326.6,True,True
PARKHOTELS,Apeejay Surrendra Park Hotels Limited,22649,EQ,NSE,True,True,True,True,123.6999969482422,166749.58620689655,True,True
PARSHVA,PARSHVA,542694,B,BSE,True,True,True,False,178.0,80.89285714285714,False,False
PASHUPATI,Pashupati Cotspin Limited,757955,EQ,NSE,True,True,False,True,84.61000061035156,65010.857142857145,False,False
PATANJALI,Patanjali Foods Limited,17029,EQ,NSE,True,False,True,True,359.8999938964844,7176518.551724138,False,False
PATELENG,Patel Engineering Limited,11699,EQ,NSE,True,True,False,True,28.39999961853028,7694351.066666666,False,False
PATELRMART,Patel Retail Limited,759439,EQ,NSE,True,True,True,True,225.47000122070312,250698.6071428572,True,True
PAUSHAKLTD,Paushak Limited,759969,EQ,NSE,True,True,True,True,735.2000122070312,77735.89285714286,True,True
PAVNAIND,Pavna Industries Limited,16192,EQ,NSE,True,True,False,True,18.229999542236328,68782.14285714286,False,False
PAYTM,One 97 Communications Limited,6705,EQ,NSE,True,True,True,True,1400.0,3668242.7666666666,True,True
PCBL,PCBL Chemical Limited,2649,EQ,NSE,True,True,True,True,322.54998779296875,2836494.033333333,True,True
PCJEWELLER,PC Jeweller Limited,29124,EQ,NSE,True,True,False,True,9.81999969482422,331220717.73333335,False,False
PDMJEPAPER,Pudumjee Paper Products Limited,15377,EQ,NSE,True,True,False,True,96.70999908447266,154984.89655172414,False,False
PDSL,PDS Limited,5264,EQ,NSE,True,False,True,True,352.54998779296875,560399.7142857143,False,False
PENIND,Pennar Industries Limited,20621,EQ,NSE,True,False,True,True,166.27999877929688,429077.3103448276,False,False
PERSISTENT,Persistent Systems Limited,18365,EQ,NSE,True,True,True,True,5499.0,963878.551724138,True,True
PETRONET,Petronet LNG Limited,11351,EQ,NSE,True,True,True,True,285.0,2028377.566666667,True,True
PFC,PFC,14299,EQ,NSE,False,True,True,True,150.0,0.0,False,False
PFIZER,Pfizer Limited,2643,EQ,NSE,True,True,True,True,4862.10009765625,31730.172413793105,True,True
PFOCUS,Prime Focus Limited,13496,EQ,NSE,True,True,True,True,302.79998779296875,696243.0714285715,True,True
PFS,PFS,22602,EQ,NSE,False,True,True,True,150.0,0.0,False,False
PGEL,PG Electroplast Limited,25358,EQ,NSE,True,True,True,True,612.0,1893906.7666666664,True,True
PGHH,Procter & Gamble Hygiene and Health Care Limited,2535,EQ,NSE,True,True,True,True,8639.5,19648.379310344822,True,True
PGHL,Procter & Gamble Health Limited,940,EQ,NSE,True,True,True,True,6482.5,17435.137931034482,True,True
PGIL,Pearl Global Industries Limited,14260,EQ,NSE,True,True,True,True,2122.39990234375,176206.2068965517,True,True
PHOENIXLTD,The Phoenix Mills Limited,14552,EQ,NSE,True,True,True,True,1932.300048828125,871223.3793103448,True,True
PICCADIL,Piccadily Agro Industries Limited,757754,EQ,NSE,True,True,True,True,784.5,299864.75,True,True
PIDILITIND,Pidilite Industries Limited,2664,EQ,NSE,True,True,True,True,1620.0,1018613.9655172414,True,True
PIGL,Power & Instrumentation (Gujarat) Limited,15716,EQ,NSE,True,True,True,True,110.62000274658205,80185.14285714286,True,True
PIIND,PI Industries Limited,24184,EQ,NSE,True,True,True,True,2785.5,225554.2068965517,True,True
PILANIINVS,PILANIINVS,11445,EQ,NSE,False,True,True,True,150.0,0.0,False,False
PINELABS,Pine Labs Limited,759820,EQ,NSE,True,False,True,True,151.19000244140625,20889185.8,False,False
PIONEEREMB,Pioneer Embroideries Limited,13463,EQ,NSE,True,True,False,True,24.13999938964844,20971.67857142857,False,False
PIRAMALFIN,PIRAMALFIN,759551,EQ,NSE,False,True,True,True,150.0,0.0,False,False
PITTIENG,Pitti Engineering Limited,14134,EQ,NSE,True,True,True,True,939.75,36040.21428571428,True,True
PIXTRANS,Pix Transmissions Limited,9087,EQ,NSE,True,True,True,True,1687.300048828125,174488.92857142858,True,True
PKTEA,The Peria Karamalai Tea & Produce Company Limited,10321,EQ,NSE,True,True,True,False,688.4000244140625,333.10714285714283,False,False
PLASTIBLEN,Plastiblends India Limited,13920,EQ,NSE,True,True,True,True,188.44000244140625,132370.5357142857,True,True
PLATIND,Platinum Industries Limited,22930,EQ,NSE,True,True,True,True,227.02999877929688,105269.46666666666,True,True
PML,Paul Merchants Limited,762834,EQ,NSE,True,True,True,False,508.5499877929688,622.0689655172414,False,False
PNB,PNB,10666,EQ,NSE,False,True,True,True,150.0,0.0,False,False
PNBGILTS,PNB Gilts Limited,8736,EQ,NSE,True,True,False,True,82.79000091552734,612805.5666666667,False,False
PNBHOUSING,PNBHOUSING,18908,EQ,NSE,False,True,True,True,150.0,0.0,False,False
PNC,Pritish Nandy Communications Limited,9342,EQ,NSE,True,True,False,True,19.59000015258789,16598.35714285714,False,False
PNCINFRA,PNC Infratech Limited,9385,EQ,NSE,True,True,True,True,251.0599975585937,449180.3103448276,True,True
PNGJL,P N Gadgil Jewellers Limited,25312,EQ,NSE,True,True,True,True,654.1500244140625,670275.5862068966,True,True
PNGSREVA,PNGS Reva Diamond Jewellery Limited,760242,EQ,NSE,True,True,True,True,510.9500122070313,433620.0344827586,True,True
POCL,Pondy Oxides & Chemicals Limited,14385,EQ,NSE,True,True,True,True,531.2000122070312,716471.551724138,True,True
PODDARMENT,Poddar Pigments Limited,19036,EQ,NSE,True,True,True,False,251.75,8993.0,False,False
POKARNA,Pokarna Limited,17651,EQ,NSE,True,True,True,True,930.9000244140624,69602.42857142857,True,True
POLICYBZR,POLICYBZR,6656,EQ,NSE,False,True,True,True,150.0,0.0,False,False
POLYCAB,Polycab India Limited,9590,EQ,NSE,True,True,True,True,9176.0,380870.5517241379,True,True
POLYMED,Poly Medicure Limited,25718,EQ,NSE,True,True,True,True,1724.5,97428.53571428572,True,True
POLYPLEX,Polyplex Corporation Limited,2687,EQ,NSE,True,True,True,True,1116.5999755859375,129666.96428571428,True,True
PONNIERODE,Ponni Sugars (Erode) Limited,10661,EQ,NSE,True,True,True,True,327.6000061035156,15267.107142857143,True,True
POOJA,POOJA,540727,B,BSE,True,True,False,True,17.489999771118164,12004.642857142857,False,False
POONAWALLA,Poonawalla Fincorp Limited,11403,EQ,NSE,True,False,True,True,469.6499938964844,1497918.3333333333,False,False
POWERGRID,Power Grid Corporation of India Limited,14977,EQ,NSE,True,True,True,True,283.3999938964844,8771514.766666668,True,True
POWERICA,Powerica Limited,761680,EQ,NSE,True,False,True,True,521.2999877929688,298710.39285714284,False,False
POWERINDIA,Hitachi Energy India Limited,18457,EQ,NSE,True,False,True,True,32005.0,153693.89655172414,False,False
POWERMECH,Power Mech Projects Limited,10473,EQ,NSE,True,True,True,True,2615.800048828125,59255.46428571428,True,True
PPLPHARMA,Piramal Pharma Limited,11571,EQ,NSE,True,True,True,True,202.5,8448627.5,True,True
PRABHA,Prabha Energy Limited,30134,EQ,NSE,True,True,True,True,155.1300048828125,28074.321428571428,True,True
PRAENG,Prajay Engineers Syndicate Limited,13941,EQ,NSE,True,True,False,True,20.350000381469727,71629.79310344828,False,False
PRAJIND,Praj Industries Limited,2705,EQ,NSE,True,True,True,True,318.75,716023.4,True,True
PRAKASH,Prakash Industries Limited,2708,EQ,NSE,True,True,True,True,125.23999786376952,354867.8214285714,True,True
PRAKASHSTL,Prakash Steelage Limited,19599,EQ,NSE,True,True,False,True,3.990000009536743,93931.64285714286,False,False
PRAVEG,Praveg Limited,762844,EQ,NSE,True,True,True,True,287.25,148614.58620689655,True,True
PRAXIS,Praxis Home Retail Limited,1204,EQ,NSE,True,True,False,True,6.460000038146973,74298.68965517242,False,False
PRECAM,Precision Camshafts Limited,12603,EQ,NSE,True,True,True,True,142.94000244140625,140384.35714285713,True,True
PRECOT,Precot Limited,2711,EQ,NSE,True,True,True,False,805.0499877929688,6102.678571428572,False,False
PRECWIRE,Precision Wires India Limited,2717,EQ,NSE,True,True,True,True,381.2000122070313,243487.17857142852,True,True
PREMCO,Premco Global Limited,762849,EQ,NSE,True,True,True,False,384.0,502.2068965517241,False,False
PREMEXPLN,Premier Explosives Limited,17397,EQ,NSE,True,True,True,True,661.0999755859375,755133.0,True,True
PREMIERENE,Premier Energies Limited,25049,EQ,NSE,True,True,True,True,1036.300048828125,1147060.7241379311,True,True
PREMIERPOL,Premier Polyfilm Limited,3908,EQ,NSE,True,True,False,True,72.4800033569336,554005.5172413794,False,False
PRESTIGE,Prestige Estates Projects Limited,20302,EQ,NSE,True,False,True,True,1595.0,794916.1034482758,False,False
PRICOLLTD,Pricol Limited,19631,EQ,NSE,True,True,True,True,766.75,667289.448275862,True,True
PRIMEFRESH,PRIMEFRESH,540404,B,BSE,True,True,True,True,179.4499969482422,14668.785714285714,True,True
PRIMESECU,Prime Securities Limited,11864,EQ,NSE,True,True,True,True,283.25,29446.14285714286,True,True
PRIMO,Primo Chemicals Limited,756925,EQ,NSE,True,True,False,True,24.1200008392334,163569.37931034484,False,False
PRINCEPIPE,Prince Pipes And Fittings Limited,16045,EQ,NSE,True,True,True,True,276.1000061035156,224099.551724138,True,True
PRIVISCL,Privi Speciality Chemicals Limited,8825,EQ,NSE,True,True,True,True,3660.5,68577.03571428571,True,True
PROSTARM,Prostarm Info Systems Limited,758173,EQ,NSE,True,True,True,True,133.5800018310547,177251.3,True,True
PROTEAN,Protean eGov Technologies Limited,29472,EQ,NSE,True,True,True,True,621.5499877929688,258657.53333333333,True,True
PROZONER,Prozone Realty Limited,28859,EQ,NSE,True,True,False,True,42.58000183105469,268490.275862069,False,False
PRSMJOHNSN,Prism Johnson Limited,2739,EQ,NSE,True,True,True,True,108.83999633789062,127097.93103448275,True,True
PRUDENT,Prudent Corporate Advisory Services Limited,9553,EQ,NSE,True,True,True,True,3300.60009765625,31475.214285714286,True,True
PSB,PSB,21001,EQ,NSE,False,True,True,True,150.0,0.0,False,False
PSPPROJECT,PSP Projects Limited,20877,EQ,NSE,True,True,True,True,934.7000122070312,155298.5,True,True
PTC,PTC India Limited,11355,EQ,NSE,True,False,True,True,183.44000244140625,652436.0357142857,False,False
PTCIL,PTC Industries Limited,16682,EQ,NSE,True,True,True,True,18099.0,12760.0,True,True
PTL,PTL Enterprises Limited,14101,EQ,NSE,True,True,False,True,40.130001068115234,40231.53571428572,False,False
PUNJABCHEM,Punjab Chemicals & Crop Protection Limited,4344,EQ,NSE,True,True,True,True,1111.4000244140625,25272.964285714286,True,True
PUNJCOMMU,PUNJCOMMU,500346,B,BSE,True,True,False,False,47.93999862670898,778.8928571428571,False,False
PURVA,Puravankara Limited,14922,EQ,NSE,True,True,True,True,208.47000122070312,701719.3793103448,True,True
PVP,PVP Ventures Limited,4010,EQ,NSE,True,True,False,True,27.920000076293945,360394.25,False,False
PVRINOX,PVR INOX Limited,13147,EQ,NSE,True,True,True,True,1188.0999755859375,412010.2413793103,True,True
PVSL,Popular Vehicles and Services Limited,23142,EQ,NSE,True,True,True,True,109.06999969482422,64692.82142857143,True,True
PWL,Physicswallah Limited,759723,EQ,NSE,True,True,True,True,126.12999725341795,11947385.92857143,True,True
PYRAMID,Pyramid Technoplast Limited,18250,EQ,NSE,True,True,True,True,183.8999938964844,227868.3448275862,True,True
QMSMEDI,QMS Medical Allied Services Limited,751607,EQ,NSE,True,True,True,True,114.9000015258789,17456.678571428572,True,True
QUADFUTURE,Quadrant Future Tek Limited,29087,EQ,NSE,True,True,True,True,353.1000061035156,456318.9642857143,True,True
QUESS,Quess Corp Limited,17704,EQ,NSE,True,True,True,True,323.04998779296875,1198152.1379310344,True,True
QUINT,Quint Digital Limited,762854,EQ,NSE,True,True,False,False,38.900001525878906,2097.344827586207,False,False
RACE,Race Eco Chain Limited,15391,EQ,NSE,True,True,True,False,111.2699966430664,3729.071428571429,False,False
RACLGEAR,RACL Geartech Limited,27171,EQ,NSE,True,True,True,True,1353.800048828125,30715.10714285714,True,True
RADAAN,Radaan Mediaworks India Limited,10932,EQ,NSE,True,True,False,True,3.200000047683716,48519.67857142857,False,False
RADHIKAJWE,Radhika Jeweltech Limited,10343,EQ,NSE,True,True,False,True,69.04000091552734,1819290.7931034483,False,False
RADIANTCMS,Radiant Cash Management Services Limited,13580,EQ,NSE,True,True,False,True,37.56999969482422,112522.06896551725,False,False
RADICO,Radico Khaitan Limited,10990,EQ,NSE,True,True,True,True,4450.0,447809.5172413793,True,True
RADIOCITY,Music Broadcast Limited,19877,EQ,NSE,True,True,False,True,6.71999979019165,86878.46428571429,False,False
RAILTEL,Railtel Corporation Of India Limited,2431,EQ,NSE,True,True,True,True,289.95001220703125,619078.1724137932,True,True
RAIN,Rain Industries Limited,15337,EQ,NSE,True,True,True,True,238.07000732421875,4645093.166666667,True,True
RAINBOW,Rainbow Childrens Medicare Limited,9408,EQ,NSE,True,True,True,True,1579.0,82518.64285714286,True,True
RAJMET,Rajnandini Metal Limited,2168,EQ,NSE,True,True,False,True,3.309999942779541,211478.9642857143,False,False
RAJNISH,RAJNISH,541601,B,BSE,True,True,False,True,0.4099999964237213,3500443.9285714286,False,False
RAJPALAYAM,Rajapalayam Mills Limited,762859,EQ,NSE,True,True,True,False,829.5499877929688,1814.2142857142856,False,False
RAJRATAN,Rajratan Global Wire Limited,18962,EQ,NSE,True,True,True,True,540.0499877929688,270008.3333333333,True,True
RAJSREESUG,Rajshree Sugars & Chemicals Limited,2809,EQ,NSE,True,True,False,True,30.90999984741211,33340.392857142855,False,False
RAJTV,Raj Television Network Limited,14403,EQ,NSE,True,True,False,True,10.229999542236328,58376.86206896552,False,False
RALLIS,Rallis India Limited,2816,EQ,NSE,True,True,True,True,217.6000061035156,1232922.9285714286,True,True
RAMANEWS,Shree Rama Newsprint Limited,13565,EQ,NSE,True,True,False,True,33.369998931884766,28196.28571428572,False,False
RAMAPHO,Rama Phosphates Limited,10568,EQ,NSE,True,True,True,True,126.2300033569336,29830.53571428572,True,True
RAMBHAJO,Advit Jewels Limited,762227,EQ,NSE,True,True,True,True,185.8099975585937,808712.5652173914,True,True
RAMCOCEM,The Ramco Cements Limited,2043,EQ,NSE,True,True,True,True,945.9000244140624,199980.17857142852,True,True
RAMCOIND,Ramco Industries Limited,4587,EQ,NSE,True,True,True,True,327.95001220703125,1329781.3793103448,True,True
RAMCOSYS,Ramco Systems Limited,7851,EQ,NSE,True,True,True,True,592.0999755859375,4110075.6896551726,True,True
RAMKY,Ramky Infrastructure Limited,20134,EQ,NSE,True,True,True,True,389.6000061035156,50315.892857142855,True,True
RAMRAT,Ram Ratna Wires Limited,10485,EQ,NSE,True,False,True,True,429.25,184090.24137931035,False,False
RANASUG,Rana Sugars Limited,2837,EQ,NSE,True,True,False,True,12.949999809265137,188345.0,False,False
RANEHOLDIN,Rane Holdings Limited,2844,EQ,NSE,True,True,True,True,1864.5999755859373,18985.93103448276,True,True
RATEGAIN,Rategain Travel Technologies Limited,7177,EQ,NSE,True,True,True,True,970.7000122070312,394625.5,True,True
RATNABHUMI,RATNABHUMI,540796,B,BSE,True,True,True,False,180.0,24.464285714285715,False,False
RATNAMANI,Ratnamani Metals & Tubes Limited,13451,EQ,NSE,True,True,True,True,2374.300048828125,33676.48275862069,True,True
RATNAVEER,Ratnaveer Precision Engineering Limited,18423,EQ,NSE,True,True,True,True,209.3300018310547,6213247.0,True,True
RAWEDGE,RAWEDGE,541634,B,BSE,True,True,False,False,13.609999656677246,6207.75,False,False
RAYMOND,Raymond Limited,2859,EQ,NSE,True,True,True,True,605.0999755859375,508785.1666666667,True,True
RAYMONDLSL,Raymond Lifestyle Limited,25073,EQ,NSE,True,True,True,True,743.7999877929688,119983.31034482758,True,True
RAYMONDREL,Raymond Realty Limited,758551,EQ,NSE,True,True,True,True,672.7000122070312,697689.3666666667,True,True
RBA,Restaurant Brands Asia Limited,1494,EQ,NSE,True,True,False,True,84.91000366210938,8724063.642857144,False,False
RBLBANK,RBLBANK,18391,EQ,NSE,False,True,True,True,150.0,0.0,False,False
RBZJEWEL,RBZ Jewellers Limited,20874,EQ,NSE,True,True,True,True,151.0800018310547,153587.25,True,True
RCF,Rashtriya Chemicals and Fertilizers Limited,2866,EQ,NSE,True,False,True,True,127.01000213623048,1105735.7666666666,False,False
RDBIPL,RDBIPL,533285,B,BSE,True,True,False,True,17.690000534057617,267285.6785714286,False,False
RECLTD,REC Limited,15355,EQ,NSE,True,False,True,True,368.0,5136792.666666667,False,False
REDINGTON,Redington Limited,14255,EQ,NSE,True,True,True,True,349.6000061035156,7876359.866666666,True,True
REDTAPE,Redtape Limited,17859,EQ,NSE,True,False,True,True,130.49000549316406,350041.4827586207,False,False
REFEX,Refex Industries Limited,17764,EQ,NSE,True,False,True,True,306.3500061035156,818292.1071428572,False,False
REGENCERAM,Regency Ceramics Limited,4130,EQ,NSE,True,True,False,False,33.84000015258789,4510.071428571428,False,False
RELAXO,Relaxo Footwears Limited,24225,EQ,NSE,True,True,True,True,406.6000061035156,3471767.75,True,True
RELCHEMQ,Reliance Chemotex Industries Limited,9652,EQ,NSE,True,True,True,False,126.19000244140624,3332.285714285714,False,False
RELIABLE,Reliable Data Services Limited,24378,EQ,NSE,True,True,True,True,142.44000244140625,20708.14285714286,True,True
RELIANCE,Reliance Industries Limited,2885,EQ,NSE,True,True,True,True,1290.9000244140625,11413324.766666668,True,True
RELICAB,RELICAB,539760,B,BSE,True,True,False,False,36.11000061035156,7832.035714285715,False,False
RELIGARE,Religare Enterprises Limited,15068,EQ,NSE,True,False,True,True,256.5,752217.448275862,False,False
RELTD,Ravindra Energy Limited,24596,EQ,NSE,True,True,True,True,168.55999755859375,648948.7142857143,True,True
REMAGNET,REMAGNET,526570,B,BSE,True,True,True,False,3590.050048828125,4137.642857142857,False,False
REMSONSIND,Remsons Industries Limited,3965,EQ,NSE,True,True,False,True,82.61000061035156,104014.25,False,False
RENUKA,Shree Renuka Sugars Limited,12026,EQ,NSE,True,True,False,True,22.40999984741211,3521909.3666666667,False,False
REPCOHOME,REPCOHOME,29598,EQ,NSE,False,True,True,True,150.0,0.0,False,False
REPRO,Repro India Limited,13126,EQ,NSE,True,False,True,True,393.7999877929688,13418.75,False,False
RESPONIND,Responsive Industries Limited,20323,EQ,NSE,True,True,True,True,176.49000549316406,1897878.6551724137,True,True
RETAIL,JHS Svendgaard Retail Ventures Limited,24145,EQ,NSE,True,True,False,False,17.329999923706055,5335.0,False,False
RGL,Renaissance Global Limited,15129,EQ,NSE,True,False,True,True,117.11000061035156,326295.43333333335,False,False
RHETAN,Rhetan TMT Limited,759062,EQ,NSE,True,True,False,True,31.76000022888184,6310609.75,False,False
RHIM,RHI MAGNESITA INDIA LIMITED,31163,EQ,NSE,True,False,True,True,408.3500061035156,3380098.714285714,False,False
RHL,Robust Hotels Limited,15157,EQ,NSE,True,True,True,True,175.63999938964844,14792.07142857143,True,True
RICOAUTO,Rico Auto Industries Limited,2909,EQ,NSE,True,True,True,True,145.75,1972909.8620689656,True,True
RIIL,Reliance Industrial Infrastructure Limited,2912,EQ,NSE,True,True,True,True,745.0,76722.75862068965,True,True
RIR,RIR Power Electronics Limited,764121,EQ,NSE,True,True,True,True,159.25999450683594,92986.41666666669,True,True
RISHABH,Rishabh Instruments Limited,18417,EQ,NSE,True,True,True,True,653.0,262111.92857142852,True,True
RITCO,Ritco Logistics Limited,8944,EQ,NSE,True,True,True,True,310.6000061035156,135561.17857142858,True,True
RITES,RITES Limited,3761,EQ,NSE,True,False,True,True,216.13999938964844,8061771.586206896,False,False
RKDL,RKDL,20950,EQ,NSE,False,True,True,True,150.0,0.0,False,False
RKEC,RKEC Projects Limited,1547,EQ,NSE,True,True,False,True,26.84000015258789,34365.25,False,False
RKFORGE,Ramkrishna Forgings Limited,11411,EQ,NSE,True,True,True,True,688.7000122070312,1903731.933333333,True,True
RKSWAMY,R K Swamy Limited,23043,EQ,NSE,True,False,True,True,101.93000030517578,85392.10714285714,False,False
RMC,RMC Switchgears Limited,762346,EQ,NSE,True,True,True,True,331.04998779296875,55007.0,True,True
RML,Rane (Madras) Limited,11975,EQ,NSE,True,True,True,True,1173.5999755859375,57790.206896551725,True,True
RNBDENIMS,R&B Denims Limited,758981,EQ,NSE,True,True,False,True,8.989999771118164,250574.32142857145,False,False
ROHLTD,Royal Orchid Hotels Limited,13182,EQ,NSE,True,True,True,True,313.54998779296875,21767.321428571428,True,True
ROJL,ROJL,543171,B,BSE,True,True,False,True,1.5,38270.96428571428,False,False
ROLEXRINGS,Rolex Rings Limited,5279,EQ,NSE,True,True,True,True,141.33999633789062,1426353.4,True,True
ROML,Raj Oil Mills Limited,359,EQ,NSE,True,True,False,False,44.470001220703125,2975.8571428571427,False,False
ROSSARI,Rossari Biotech Limited,19410,EQ,NSE,True,True,True,True,512.9000244140625,78319.75,True,True
ROSSELLIND,Rossell India Limited,28913,EQ,NSE,True,True,False,True,58.220001220703125,34454.0,False,False
ROSSTECH,Rossell Techsys Limited,27353,EQ,NSE,False,True,True,True,150.0,0.0,False,False
ROTO,Roto Pumps Limited,9049,EQ,NSE,True,True,False,True,66.4800033569336,5079540.689655173,False,False
ROUTE,ROUTE MOBILE LIMITED,128,EQ,NSE,True,True,True,True,532.5999755859375,1525046.3793103448,True,True
RPEL,Raghav Productivity Enhancers Limited,24735,EQ,NSE,True,True,True,True,1276.5,69627.71428571429,True,True
RPGLIFE,RPG Life Sciences Limited,16725,EQ,NSE,True,False,True,True,2745.699951171875,37100.0,False,False
RPOWER,Reliance Power Limited,15259,EQ,NSE,True,True,False,True,24.06999969482422,34725665.2,False,False
RPPINFRA,R.P.P. Infra Projects Limited,20760,EQ,NSE,True,True,False,True,59.4900016784668,32294.214285714286,False,False
RPPL,Rajshree Polypack Limited,6913,EQ,NSE,True,True,False,True,22.920000076293945,150617.57142857142,False,False
RPSGVENT,RPSG VENTURES LIMITED,8119,EQ,NSE,True,True,True,True,959.8499755859376,28648.75,True,True
RPTECH,Rashi Peripherals Limited,22670,EQ,NSE,True,False,True,True,870.9000244140625,771405.8,False,False
RRIL,RRIL Limited,762864,EQ,NSE,True,True,False,True,17.149999618530273,19083.44827586207,False,False
RRKABEL,R R Kabel Limited,18566,EQ,NSE,True,True,True,True,2641.10009765625,723408.7586206896,True,True
RSDFIN,RSDFIN,762869,EQ,NSE,False,True,True,True,150.0,0.0,False,False
RSL,Rajputana Stainless Limited,761439,EQ,NSE,True,True,True,True,142.11000061035156,320835.6896551724,True,True
RSYSTEMS,R Systems International Limited,13414,EQ,NSE,True,True,True,True,271.6000061035156,710270.3793103448,True,True
RTNINDIA,RattanIndia Enterprises Limited,27297,EQ,NSE,True,True,False,True,32.529998779296875,1226797.2758620689,False,False
RTNPOWER,RattanIndia Power Limited,17520,EQ,NSE,True,True,False,True,8.739999771118164,10614506.137931034,False,False
RUBFILA,Rubfila International Limited,24730,EQ,NSE,True,True,False,True,71.56999969482422,19380.92857142857,False,False
RUBICON,Rubicon Research Limited,759316,EQ,NSE,True,True,True,True,1516.4000244140625,271070.21428571426,True,True
RUCHINFRA,Ruchi Infrastructure Limited,4566,EQ,NSE,True,True,False,True,5.78000020980835,50201.67857142857,False,False
RUCHIRA,Ruchira Papers Limited,13821,EQ,NSE,True,True,True,True,108.87000274658205,40334.46428571428,True,True
RUDRA,Rudra Global Infra Products Limited,760392,EQ,NSE,True,True,False,True,18.31999969482422,27436.14285714286,False,False
RUPA,Rupa & Company Limited,25724,EQ,NSE,True,True,True,True,162.8800048828125,271423.5,True,True
RUSHIL,Rushil Decor Limited,24595,EQ,NSE,True,True,False,True,18.280000686645508,981342.7931034482,False,False
RUSTOMJEE,Keystone Realtors Limited,12219,EQ,NSE,True,True,True,True,411.7999877929688,550042.6206896552,True,True
RVHL,Ravinder Heights Limited,1565,EQ,NSE,True,True,False,True,45.15999984741211,17846.25,False,False
RVNL,Rail Vikas Nigam Limited,9552,EQ,NSE,True,False,True,True,231.3999938964844,4284270.1,False,False
RVTH,Revathi Equipment India Limited,25157,EQ,NSE,True,True,True,False,704.0999755859375,637.3214285714286,False,False
S&SPOWER,S&S Power Switchgears Limited,2951,EQ,NSE,True,True,True,False,322.45001220703125,2532.655172413793,False,False
SAATVIKGL,Saatvik Green Energy Limited,759057,EQ,NSE,True,True,True,True,426.2999877929688,144454.3448275862,True,True
SABEVENTS,Sab Events & Governance Now Media Limited,18497,EQ,NSE,True,True,False,True,6.630000114440918,19215.571428571428,False,False
SADBHAV,Sadbhav Engineering Limited,13236,EQ,NSE,True,True,False,True,8.569999694824219,255903.2142857143,False,False
SAFARI,Safari Industries (India) Limited,13035,EQ,NSE,True,True,True,True,1512.9000244140625,41483.07142857143,True,True
SAGARDEEP,Sagardeep Alloys Limited,8175,EQ,NSE,True,True,False,False,24.57999992370605,5898.071428571428,False,False
SAGCEM,Sagar Cements Limited,14068,EQ,NSE,True,True,True,True,172.94000244140625,57581.32142857143,True,True
SAGILITY,SAGILITY LIMITED,27052,EQ,NSE,True,True,False,True,44.09000015258789,28627100.4,False,False
SAHLIBHFI,SAHLIBHFI,761688,EQ,NSE,False,True,True,True,150.0,0.0,False,False
SAHYADRI,Sahyadri Industries Limited,14900,EQ,NSE,True,True,True,False,321.3999938964844,4839.571428571428,False,False
SAIL,Steel Authority of India Limited,2963,EQ,NSE,True,True,True,True,173.5500030517578,15357229.933333334,True,True
SAILIFE,Sai Life Sciences Limited,27839,EQ,NSE,True,True,True,True,1366.4000244140625,392150.2413793103,True,True
SAIPARENT,Sai Parenterals Limited,761675,EQ,NSE,True,True,True,True,531.7000122070312,263566.0,True,True
SAKAR,Sakar Healthcare Limited,9539,EQ,NSE,True,True,True,True,916.0499877929688,168543.75862068965,True,True
SAKHTISUG,Sakthi Sugars Limited,2969,EQ,NSE,True,True,False,True,17.739999771118164,71037.78571428571,False,False
SAKSOFT,Saksoft Limited,11794,EQ,NSE,True,True,True,True,177.83999633789062,12711161.933333334,True,True
SAKUMA,Sakuma Exports Limited,13251,EQ,NSE,True,True,False,True,1.6299999952316284,628339.9642857143,False,False
SALASAR,Salasar Techno Engineering Limited,21362,EQ,NSE,True,True,False,True,5.920000076293945,7490828.310344827,False,False
SALONA,Salona Cotspin Limited,17351,EQ,NSE,True,True,True,False,251.67999267578125,2223.25,False,False
SALSTEEL,S.A.L. Steel Limited,11634,EQ,NSE,True,True,False,True,56.95000076293945,84031.10714285714,False,False
SALZERELEC,Salzer Electronics Limited,11399,EQ,NSE,True,True,True,True,612.0999755859375,35116.78571428572,True,True
SAMBHAAV,Sambhaav Media Limited,4127,EQ,NSE,True,True,False,True,6.489999771118164,29994.89285714286,False,False
SAMBHV,Sambhv Steel Tubes Limited,757767,EQ,NSE,True,True,True,True,124.7300033569336,1638631.448275862,True,True
SAMHI,Samhi Hotels Limited,18614,EQ,NSE,True,True,True,True,171.75,881425.8571428572,True,True
SAMMAANCAP,SAMMAANCAP,30125,EQ,NSE,False,True,True,True,150.0,0.0,False,False
SAMOR,SAMOR,543376,B,BSE,True,True,False,False,91.3000030517578,309.75,False,False
SAMPANN,Sampann Utpadan India Limited,27303,EQ,NSE,True,True,False,True,27.07999992370605,36425.96428571428,False,False
SANATHAN,Sanathan Textiles Limited,28805,EQ,NSE,True,True,True,True,477.9500122070313,38799.892857142855,True,True
SANDESH,The Sandesh Limited,2988,EQ,NSE,True,True,True,False,1001.7000122070312,355.0344827586207,False,False
SANDHAR,Sandhar Technologies Limited,2397,EQ,NSE,True,True,True,True,645.3499755859375,290916.23333333334,True,True
SANDUMA,Sandur Manganese & Iron Ores Limited,18359,EQ,NSE,True,True,True,True,210.97999572753903,798596.5,True,True
SANGAMIND,Sangam (India) Limited,4184,EQ,NSE,True,True,True,True,613.2999877929688,223048.32142857145,True,True
SANGHVIMOV,Sanghvi Movers Limited,14058,EQ,NSE,True,True,True,True,438.5499877929688,396362.1379310345,True,True
SANOFI,Sanofi India Limited,1442,EQ,NSE,True,True,True,True,3394.300048828125,26044.72413793104,True,True
SANOFICONR,Sanofi Consumer Healthcare India Limited,25222,EQ,NSE,True,True,True,True,4529.2001953125,12938.035714285714,True,True
SANSERA,Sansera Engineering Limited,5751,EQ,NSE,True,False,True,True,3508.699951171875,237855.53333333333,False,False
SANSTAR,Sanstar Limited,24582,EQ,NSE,True,True,True,True,116.73999786376952,1284320.4137931035,True,True
SAPPHIRE,Sapphire Foods India Limited,6718,EQ,NSE,True,True,True,True,192.3000030517578,1047544.0344827586,True,True
SAPPL,Shree Ajit Pulp & Paper Limited,762874,EQ,NSE,True,True,True,False,290.0,2221.448275862069,False,False
SARDAEN,Sarda Energy & Minerals Limited,17758,EQ,NSE,True,True,True,True,509.3999938964844,261484.2068965517,True,True
SAREGAMA,Saregama India Limited,4892,EQ,NSE,True,True,True,True,542.5499877929688,835022.1379310344,True,True
SARLAPOLY,Sarla Performance Fibers Limited,14043,EQ,NSE,True,False,True,True,101.52999877929688,83257.25,False,False
SARVESHWAR,Sarveshwar Foods Limited,12913,EQ,NSE,True,True,False,True,3.4100000858306885,795362.7857142857,False,False
SASKEN,Sasken Technologies Limited,11983,EQ,NSE,True,True,True,True,1997.4000244140625,35973.92857142857,True,True
SATIA,Satia Industries Limited,11045,EQ,NSE,True,True,False,True,62.4900016784668,137766.85714285713,False,False
SATIN,SATIN,10453,EQ,NSE,False,True,True,True,150.0,0.0,False,False
SAURASHCEM,Saurashtra Cement Limited,3018,EQ,NSE,True,True,False,True,62.31999969482422,202203.6071428572,False,False
SAYAJIHOTL,Sayaji Hotels Limited,762879,EQ,NSE,True,True,True,False,312.0,110.75,False,False
SBC,SBC Exports Limited,6792,EQ,NSE,True,True,False,True,41.52999877929688,7835422.642857143,False,False
SBCL,Shivalik Bimetal Controls Limited,4656,EQ,NSE,True,False,True,True,778.0,390076.8275862069,False,False
SBFC,SBFC,18026,EQ,NSE,False,True,True,True,150.0,0.0,False,False
SBGLP,Suratwwala Business Group Limited,14139,EQ,NSE,True,True,False,True,25.020000457763672,27804.25,False,False
SBICARD,SBI Cards and Payment Services Limited,17971,EQ,NSE,True,False,True,True,658.0,1561726.7666666666,False,False
SBIFUNDS,SBI Funds Management Limited,764173,EQ,NSE,True,True,True,True,569.7000122070312,13283975.181818182,True,True
SBILIFE,SBILIFE,21808,EQ,NSE,False,True,True,True,150.0,0.0,False,False
SBIN,SBIN,3045,EQ,NSE,False,True,True,True,150.0,0.0,False,False
SCHAEFFLER,Schaeffler India Limited,1011,EQ,NSE,True,False,True,True,4055.5,60433.03571428572,False,False
SCHAND,S Chand And Company Limited,20698,EQ,NSE,True,True,True,True,144.30999755859375,22391.39285714286,True,True
SCHNEIDER,Schneider Electric Infrastructure Limited,31234,EQ,NSE,True,False,True,True,1333.9000244140625,366359.3103448276,False,False
SCI,Shipping Corporation Of India Limited,3048,EQ,NSE,True,True,True,True,300.8999938964844,2613163.7333333334,True,True
SCILAL,Shipping Corporation of India Land and Assets Limited,23127,EQ,NSE,True,True,False,True,41.63999938964844,203193.9333333333,False,False
SCODATUBES,Scoda Tubes Limited,757478,EQ,NSE,True,True,True,True,150.66000366210938,188313.64285714287,True,True
SCPL,Sheetal Cool Products Limited,12072,EQ,NSE,True,True,True,True,632.1500244140625,70270.39285714286,True,True
SDBL,SDBL,1338,EQ,NSE,False,True,True,True,150.0,0.0,False,False
SEAMECLTD,Seamec Limited,2616,EQ,NSE,True,True,True,True,1480.5,42895.607142857145,True,True
SECMARK,SecMark Consultancy Limited,19496,EQ,NSE,True,True,True,False,124.20999908447266,1759.821428571429,False,False
SECURKLOUD,SECUREKLOUD TECHNOLOGIES LIMITED,11058,EQ,NSE,True,True,False,True,18.280000686645508,15660.785714285714,False,False
SEDEMAC,SEDEMAC Mechatronics Limited,761153,EQ,NSE,True,True,True,True,2795.89990234375,133765.63333333333,True,True
SEIL,Shanti Educational Initiatives Limited,762889,EQ,NSE,True,True,True,True,203.0,534697.7586206896,True,True
SELECTRIC,SELECTRIC,544786,B,BSE,True,True,True,True,2435.699951171875,28173.11111111111,True,True
SELMC,SEL Manufacturing Company Limited,6262,EQ,NSE,True,True,False,False,27.850000381469727,4887.821428571428,False,False
SENCO,Senco Gold Limited,17271,EQ,NSE,True,True,True,True,387.8999938964844,2430022.6333333333,True,True
SENORES,Senores Pharmaceuticals Limited,28888,EQ,NSE,True,True,True,True,1360.5,301024.8620689655,True,True
SEPC,SEPC Limited,15308,EQ,NSE,True,True,False,True,5.949999809265137,19078373.103448275,False,False
SERVOTECH,Servotech Renewable Power System Limited,5507,EQ,NSE,True,True,False,True,87.51000213623047,1075744.2068965517,False,False
SESHAPAPER,Seshasayee Paper and Boards Limited,3066,EQ,NSE,True,True,True,True,227.9900054931641,221228.32142857145,True,True
SETL,Standard Engineering Technology Limited,29075,EQ,NSE,True,True,True,True,275.3999938964844,1491667.1379310344,True,True
SFL,Sheela Foam Limited,19184,EQ,NSE,True,True,True,True,768.0499877929688,225177.5357142857,True,True
SGFIN,SGFIN,758853,EQ,NSE,False,True,True,True,150.0,0.0,False,False
SGIL,Synergy Green Industries Limited,5114,EQ,NSE,True,True,True,False,595.0999755859375,9781.82142857143,False,False
SGL,STL Global Limited,13367,EQ,NSE,True,True,False,True,9.850000381469728,10527.07142857143,False,False
SGMART,SG Mart Limited,758889,EQ,NSE,True,True,True,True,718.7999877929688,878863.1428571428,True,True
SHADOWFAX,Shadowfax Technologies Limited,761469,EQ,NSE,True,True,True,True,248.1499938964844,11747704.866666667,True,True
SHAH,Shah Metacorp Limited,20296,EQ,NSE,True,True,False,True,4.010000228881836,8181000.0344827585,False,False
SHAHALLOYS,Shah Alloys Limited,11856,EQ,NSE,True,True,False,True,67.4000015258789,14535.32142857143,False,False
SHAILY,Shaily Engineering Plastics Limited,8727,EQ,NSE,True,True,True,True,3075.699951171875,202644.2068965517,True,True
SHAKTIPUMP,Shakti Pumps (India) Limited,25574,EQ,NSE,True,True,True,True,519.4000244140625,1467884.0,True,True
SHALBY,Shalby Limited,714,EQ,NSE,True,True,True,True,165.0399932861328,61375.42857142857,True,True
SHALPAINTS,Shalimar Paints Limited,15342,EQ,NSE,True,True,False,True,82.54000091552734,661331.1785714285,False,False
SHANKARA,Shankara Building Products Limited,20321,EQ,NSE,True,True,True,True,144.74000549316406,225076.57142857145,True,True
SHANTI,Shanti Overseas (India) Limited,5650,EQ,NSE,True,True,False,True,6.909999847412109,30531.92857142857,False,False
SHANTIGEAR,Shanthi Gears Limited,3078,EQ,NSE,True,False,True,True,409.5,24997.53571428572,False,False
SHANTIGOLD,Shanti Gold International Limited,758002,EQ,NSE,True,True,True,True,218.0500030517578,1155398.9310344828,True,True
SHARDACROP,Sharda Cropchem Limited,4992,EQ,NSE,True,True,True,True,840.6500244140625,176617.24137931035,True,True
SHARDAMOTR,Sharda Motor Industries Limited,10530,EQ,NSE,True,True,True,True,887.9500122070312,50674.642857142855,True,True
SHAREINDIA,Share India Securities Limited,104,EQ,NSE,True,True,True,True,176.0800018310547,6557720.285714285,True,True
SHBAJRG,Shri Bajrang Alliance Limited,762899,EQ,NSE,True,True,True,False,187.1300048828125,7889.172413793103,False,False
SHEKHAWATI,Shekhawati Industries Limited,21095,EQ,NSE,True,True,False,True,14.289999961853027,18354.821428571428,False,False
SHILCTECH,Shilchar Technologies Limited,759847,EQ,NSE,True,True,True,True,4663.7001953125,18687.03448275862,True,True
SHILPAMED,Shilpa Medicare Limited,17752,EQ,NSE,True,True,True,True,644.6500244140625,826414.5,True,True
SHINDL,Sharat Industries Limited,762904,EQ,NSE,True,True,True,True,159.74000549316406,132311.2068965517,True,True
SHIVATEX,Shiva Texyarn Limited,804,EQ,NSE,True,True,True,False,163.13999938964844,6940.607142857143,False,False
SHIVAUM,Shiv Aum Steels Limited,759747,EQ,NSE,True,True,True,True,419.75,27396.39285714286,True,True
SHK,S H Kelkar and Company Limited,11212,EQ,NSE,True,True,True,True,165.77000427246094,1259709.3793103448,True,True
SHOPERSTOP,Shoppers Stop Limited,11813,EQ,NSE,True,True,True,True,406.8500061035156,275412.89285714284,True,True
SHRADHA,Shradha Realty Limited,708,EQ,NSE,True,True,False,True,33.81999969482422,134415.2142857143,False,False
SHREDIGCEM,Shree Digvijay Cement Co.Ltd,3099,EQ,NSE,True,True,False,True,72.55000305175781,92194.75,False,False
SHREECEM,SHREE CEMENT LIMITED,3103,EQ,NSE,True,True,True,True,26900.0,20289.14285714286,True,True
SHREEJISPG,Shreeji Shipping Global Limited,759448,EQ,NSE,True,True,True,True,660.5499877929688,926401.75,True,True
SHREEPUSHK,Shree Pushkar Chemicals & Fertilisers Limited,10588,EQ,NSE,True,True,True,True,421.9500122070313,51859.357142857145,True,True
SHREERAMA,Shree Rama Multi-Tech Limited,7627,EQ,NSE,True,True,False,True,38.290000915527344,68531.13793103448,False,False
SHREYANIND,Shreyans Industries Limited,3126,EQ,NSE,True,True,True,False,140.85000610351562,7113.321428571428,False,False
SHRIKRISH,Shri Krishna Devcon Limited,762909,EQ,NSE,True,True,False,False,40.25,8653.892857142857,False,False
SHRINGARMS,Shringar House of Mangalsutra Limited,759093,EQ,NSE,True,True,True,True,232.27999877929688,811911.3571428572,True,True
SHRIPISTON,SPR Auto Technologies Limited,17186,EQ,NSE,True,True,True,True,4402.7001953125,59251.24137931035,True,True
SHRIRAMFIN,SHRIRAMFIN,4306,EQ,NSE,False,True,True,True,150.0,0.0,False,False
SHRIRAMPPS,Shriram Properties Limited,7200,EQ,NSE,True,True,False,True,84.66999816894531,551585.6896551724,False,False
SHUKRAPHAR,SHUKRAPHAR,524632,B,BSE,True,True,False,True,30.09000015258789,268559.75,False,False
SHYAMMETL,Shyam Metalics and Energy Limited,4693,EQ,NSE,True,True,True,True,1019.7999877929688,525670.8620689656,True,True
SICAGEN,Sicagen India Limited,16875,EQ,NSE,True,True,False,False,49.72999954223633,8313.67857142857,False,False
SIEMENS,Siemens Limited,3150,EQ,NSE,True,True,True,True,4000.5,366810.0689655172,True,True
SIGIND,Signet Industries Limited,4522,EQ,NSE,True,True,False,True,56.959999084472656,19014.25,False,False
SIGMA,Sigma Solve Limited,16658,EQ,NSE,True,True,False,True,48.09000015258789,422854.2068965517,False,False
SIGNATURE,Signatureglobal (India) Limited,18743,EQ,NSE,True,True,True,True,818.3499755859375,620261.5,True,True
SIGNPOST,Signpost India Limited,22656,EQ,NSE,True,False,True,True,274.0,1216186.5714285714,False,False
SIKA,Sika Interplant Systems Limited,762914,EQ,NSE,True,True,True,True,1113.199951171875,148326.3103448276,True,True
SIKKO,Sikko Industries Limited,6218,EQ,NSE,True,True,False,True,5.300000190734863,876104.75,False,False
SIL,Standard Industries Limited,11297,EQ,NSE,True,True,False,True,16.899999618530273,22739.321428571428,False,False
SILGO,Silgo Retail Limited,2492,EQ,NSE,True,True,False,True,70.98999786376953,149771.32142857142,False,False
SILINV,SILINV,4105,EQ,NSE,False,True,True,True,150.0,0.0,False,False
SILLYMONKS,Silly Monks Entertainment Limited,19097,EQ,NSE,True,True,False,False,15.380000114440918,8421.57142857143,False,False
SILVERTUC,Silver Touch Technologies Limited,9422,EQ,NSE,True,True,True,True,193.5399932861328,526253.5333333333,True,True
SIMPLEXINF,Simplex Infrastructures Limited,3162,EQ,NSE,True,True,True,True,233.16000366210932,75804.21428571429,True,True
SINCLAIR,Sinclairs Hotels Limited,23480,EQ,NSE,True,True,False,True,74.02999877929688,19351.64285714286,False,False
SINDHUTRAD,Sindhu Trade Links Limited,16859,EQ,NSE,True,True,False,True,24.3700008392334,1985857.7857142857,False,False
SINGERIND,Singer India Limited,761420,EQ,NSE,True,True,False,True,65.30000305175781,40956.24137931035,False,False
SINTERCOM,Sintercom India Limited,381,EQ,NSE,True,True,False,True,82.66000366210938,55088.857142857145,False,False
SIRCA,Sirca Paints India Limited,11050,EQ,NSE,True,True,True,True,437.0,303512.6071428572,True,True
SIS,SIS LIMITED,21501,EQ,NSE,True,True,True,True,430.0499877929688,468531.53571428574,True,True
SIYSIL,Siyaram Silk Mills Limited,14096,EQ,NSE,True,True,True,True,622.9000244140625,57261.07142857143,True,True
SJS,S.J.S. Enterprises Limited,6643,EQ,NSE,True,False,True,True,2432.39990234375,93269.07142857143,False,False
SJVN,SJVN Limited,18883,EQ,NSE,True,True,False,True,69.0,2097604.933333333,False,False
SKFINDIA,SKF India Limited,3186,EQ,NSE,True,True,True,True,1493.300048828125,41411.24137931035,True,True
SKFINDUS,SKF India (Industrial) Limited,760101,EQ,NSE,True,True,True,True,2771.89990234375,45061.03571428572,True,True
SKIPPER,Skipper Limited,9428,EQ,NSE,True,True,True,True,546.3499755859375,586694.5172413794,True,True
SKMEGGPROD,SKM Egg Products Export (India) Limited,4732,EQ,NSE,True,True,True,True,240.13999938964844,1158172.4666666666,True,True
SKYGOLD,SKY GOLD AND DIAMONDS LIMITED,13631,EQ,NSE,True,True,True,True,675.5,1188086.2666666666,True,True
SMARTWORKS,Smartworks Coworking Spaces Limited,757965,EQ,NSE,True,True,True,True,476.6499938964844,156005.39285714287,True,True
SMCGLOBAL,SMC Global Securities Limited,2320,EQ,NSE,True,True,False,True,79.45999908447266,664070.7857142857,False,False
SMGOLD,SMGOLD,542034,B,BSE,True,True,False,False,11.65999984741211,9247.357142857143,False,False
SMLMAH,SML Mahindra Limited,3387,EQ,NSE,True,True,True,True,5425.0,199739.4333333333,True,True
SMLT,Sarthak Metals Limited,6843,EQ,NSE,True,True,False,False,70.08000183105469,5814.821428571428,False,False
SMSPHARMA,SMS Pharmaceuticals Limited,14329,EQ,NSE,True,True,True,True,363.5,515568.4482758621,True,True
SNOWMAN,Snowman Logistics Limited,4843,EQ,NSE,True,True,False,True,39.43000030517578,156340.42857142858,False,False
SOBHA,Sobha Limited,13826,EQ,NSE,True,True,True,True,1358.4000244140625,265199.8965517241,True,True
SOLARA,Solara Active Pharma Sciences Limited,3672,EQ,NSE,True,True,True,True,520.6500244140625,282422.6785714286,True,True
SOLARINDS,Solar Industries India Limited,13332,EQ,NSE,True,True,True,True,18700.0,127263.89655172414,True,True
SOLARWORLD,Solarworld Energy Solutions Limited,759929,EQ,NSE,True,True,True,True,169.72000122070312,1003573.9642857144,True,True
SOLEX,Solex Energy Limited,759397,EQ,NSE,True,True,True,True,925.75,33789.275862068964,True,True
SOMANYCERA,Somany Ceramics Limited,3880,EQ,NSE,True,True,True,True,509.2999877929688,111126.20689655172,True,True
SOMATEX,Soma Textiles & Industries Limited,4201,EQ,NSE,True,True,False,True,95.9000015258789,19285.64285714286,False,False
SOMICONVEY,Somi Conveyor Beltings Limited,17794,EQ,NSE,True,True,False,True,94.76000213623048,58808.17857142857,False,False
SONACOMS,Sona BLW Precision Forgings Limited,4684,EQ,NSE,True,True,True,True,787.0,2877977.6333333333,True,True
SONAL,Sonal Mercantile Limited,762919,EQ,NSE,True,True,False,False,88.01000213623047,122.54545454545456,False,False
SONAMLTD,SONAM LIMITED,8806,EQ,NSE,True,True,False,True,54.16999816894531,52303.642857142855,False,False
SONATSOFTW,Sonata Software Limited,6596,EQ,NSE,True,True,True,True,350.29998779296875,3781598.206896552,True,True
SOTL,Savita Oil Technologies Limited,3021,EQ,NSE,True,True,True,True,643.0,512495.2068965517,True,True
SOUTHBANK,SOUTHBANK,5948,EQ,NSE,False,True,True,True,150.0,0.0,False,False
SOUTHWEST,South West Pinnacle Exploration Limited,9678,EQ,NSE,True,True,True,True,235.8800048828125,300336.8620689655,True,True
SPAL,S. P. Apparels Limited,18252,EQ,NSE,True,True,True,True,1032.4000244140625,254360.4333333333,True,True
SPANDANA,SPANDANA,11435,EQ,NSE,False,True,True,True,150.0,0.0,False,False
SPARC,Sun Pharma Advanced Research Company Limited,14788,EQ,NSE,True,True,True,True,207.2700042724609,2272034.724137931,True,True
SPCENET,Spacenet Enterprises India Limited,19372,EQ,NSE,True,True,False,True,3.470000028610229,716244.0714285715,False,False
SPECIALITY,Speciality Restaurants Limited,27107,EQ,NSE,True,True,True,True,139.4600067138672,71442.42857142857,True,True
SPECTRUM,Spectrum Electrical Industries Limited,30455,EQ,NSE,True,True,True,True,2552.10009765625,73297.58620689655,True,True
SPENCERS,Spencer's Retail Limited,8163,EQ,NSE,True,True,False,True,32.20000076293945,44621.25,False,False
SPIC,Southern Petrochemicals Industries Corporation  Limited,3252,EQ,NSE,True,True,False,True,68.08999633789062,259679.4827586207,False,False
SPICEJET,SPICEJET,500285,B,BSE,True,True,False,True,11.65999984741211,5469871.964285715,False,False
SPICELOUNG,SPICELOUNG,539895,B,BSE,True,True,False,True,25.1299991607666,54998.78571428572,False,False
SPLIL,SPL Industries Limited,11935,EQ,NSE,True,True,False,True,31.239999771118164,10172.464285714286,False,False
SPLPETRO,Supreme Petrochem Limited,9617,EQ,NSE,True,True,True,True,716.7999877929688,196854.32142857145,True,True
SPMLINFRA,SPML Infra Limited,3321,EQ,NSE,True,False,True,True,194.25,249112.64285714287,False,False
SPORTKING,Sportking India Limited,10733,EQ,NSE,True,True,True,True,217.509994506836,939694.1724137932,True,True
SPRAYKING,SPRAYKING,540079,B,BSE,True,True,False,True,1.3700000047683716,382112.3571428572,False,False
SRD,Shankar Lal Rampal Dye-Chem Limited,25737,EQ,NSE,True,True,False,True,38.68000030517578,33427.96428571428,False,False
SREEL,Sreeleathers Limited,31837,EQ,NSE,True,True,True,True,212.6100006103516,15342.655172413792,True,True
SRF,SRF Limited,3273,EQ,NSE,True,False,True,True,2642.300048828125,566780.4137931034,False,False
SRGHFL,SRGHFL,18119,EQ,NSE,False,True,True,True,150.0,0.0,False,False
SRHHYPOLTD,Sree Rayalaseema Hi-Strength Hypo Limited,14582,EQ,NSE,True,True,True,False,486.7000122070313,5220.678571428572,False,False
SRM,SRM Contractors Limited,23402,EQ,NSE,True,True,True,True,509.8500061035156,93151.58620689657,True,True
SRTL,Shree Ram Twistex Limited,760188,EQ,NSE,True,True,False,True,40.38999938964844,53017.892857142855,False,False
SSDL,Saraswati Saree Depot Limited,24856,EQ,NSE,True,True,False,True,54.90999984741211,18458.35714285714,False,False
SSFLPP,SSFLPP,890221,B,BSE,True,True,True,False,138.39999389648438,1880.7857142857144,False,False
SSWL,Steel Strips Wheels Limited,11829,EQ,NSE,True,True,True,True,316.5,1702997.4,True,True
STALLION,Stallion India Fluorochemicals Limited,29204,EQ,NSE,True,True,True,True,268.54998779296875,3700535.066666667,True,True
STANLEY,Stanley Lifestyles Limited,24226,EQ,NSE,True,True,True,True,155.0500030517578,172371.82142857142,True,True
STAR,Strides Pharma Science Limited,7374,EQ,NSE,True,True,True,True,994.5999755859376,159937.55172413794,True,True
STARCEMENT,Star Cement Limited,21091,EQ,NSE,True,True,True,True,203.72000122070312,217878.9642857143,True,True
STARHEALTH,STARHEALTH,7083,EQ,NSE,False,True,True,True,150.0,0.0,False,False
STARLENT,STARLENT,540492,B,BSE,True,True,False,True,8.859999656677246,324651.0714285714,False,False
STARPAPER,Star Paper Mills Limited,3291,EQ,NSE,True,True,True,True,152.0,18426.714285714286,True,True
STARTECK,STARTECK,9305,EQ,NSE,False,True,True,True,150.0,0.0,False,False
STCINDIA,The State Trading Corporation of India Limited,10948,EQ,NSE,True,True,True,True,119.2699966430664,43687.137931034486,True,True
STEELCAS,Steelcast Limited,6803,EQ,NSE,True,True,True,True,339.04998779296875,378709.53571428574,True,True
STEELCITY,Steel City Securities Limited,10406,EQ,NSE,True,True,False,True,86.5199966430664,23541.206896551725,False,False
STEELXIND,STEEL EXCHANGE INDIA LIMITED,21339,EQ,NSE,True,True,False,True,11.260000228881836,1886329.7666666664,False,False
STEL,Stel Holdings Limited,21484,EQ,NSE,True,True,True,False,561.9000244140625,4465.071428571428,False,False
STL,STL,540738,B,BSE,True,True,False,True,8.449999809265137,32454.39285714286,False,False
STOVEKRAFT,Stove Kraft Limited,2107,EQ,NSE,True,True,True,True,759.8499755859375,168101.60714285713,True,True
STUDDS,Studds Accessories Limited,759587,EQ,NSE,True,True,True,True,445.6000061035156,43521.48275862069,True,True
STYL,Seshaasai Technologies Limited,759934,EQ,NSE,True,True,True,True,361.7000122070313,258455.8620689655,True,True
STYLAMIND,Stylam Industries Limited,5186,EQ,NSE,True,True,True,True,3523.0,128477.92857142857,True,True
STYRENIX,Styrenix Performance Materials Limited,19,EQ,NSE,True,True,True,True,2488.60009765625,69756.17857142857,True,True
SUBROS,Subros Limited,3324,EQ,NSE,True,True,True,True,826.4500122070312,80467.0,True,True
SUDARCOLOR,Sudarshan Colorants India Limited,715,EQ,NSE,True,True,True,False,377.75,5677.714285714285,False,False
SUDARSCHEM,Sudarshan Chemical Industries Limited,3327,EQ,NSE,True,True,True,True,1047.199951171875,251428.06896551725,True,True
SUDEEPPHRM,Sudeep Pharma Limited,760039,EQ,NSE,True,True,True,True,871.7999877929688,193891.10344827583,True,True
SUKHJITS,Sukhjit Starch & Chemicals Limited,11804,EQ,NSE,True,True,True,True,165.30999755859375,19333.44827586207,True,True
SULA,Sula Vineyards Limited,13218,EQ,NSE,True,True,True,True,163.1199951171875,396871.8333333333,True,True
SUMEETINDS,Sumeet Industries Limited,20790,EQ,NSE,True,True,False,True,20.1299991607666,5416886.0,False,False
SUMICHEM,Sumitomo Chemical India Limited,17105,EQ,NSE,True,True,True,True,511.8999938964844,1823715.1724137927,True,True
SUMIT,Sumit Woods Limited,11140,EQ,NSE,True,True,False,True,55.84999847412109,76900.41379310345,False,False
SUMMITSEC,Summit Securities Limited,21275,EQ,NSE,True,True,True,False,1540.0999755859375,3298.25,False,False
SUNCLAY,Sundaram Clayton Limited,20956,EQ,NSE,True,True,True,True,1254.5999755859375,10285.42857142857,True,True
SUNDARAM,Sundaram Multi Pap Limited,18931,EQ,NSE,True,True,False,True,1.25,332772.3214285714,False,False
SUNDARMFIN,SUNDARMFIN,3339,EQ,NSE,False,True,True,True,150.0,0.0,False,False
SUNDRMFAST,Sundram Fasteners Limited,3345,EQ,NSE,True,True,True,True,992.8499755859376,132986.35714285713,True,True
SUNDROP,Sundrop Brands Limited,1663,EQ,NSE,True,True,True,True,666.7999877929688,22996.17857142857,True,True
SUNFLAG,Sunflag Iron And Steel Company Limited,3348,EQ,NSE,True,True,True,True,368.25,184500.8275862069,True,True
SUNPHARMA,Sun Pharmaceutical Industries Limited,3351,EQ,NSE,True,False,True,True,1964.0,2279123.1666666665,False,False
SUNTECK,Sunteck Realty Limited,17641,EQ,NSE,True,True,True,True,302.8500061035156,434418.275862069,True,True
SUNTV,Sun TV Network Limited,13404,EQ,NSE,True,True,True,True,502.3500061035156,240061.72413793104,True,True
SUPERHOUSE,Superhouse Limited,20616,EQ,NSE,True,False,True,True,157.69000244140625,25146.67857142857,False,False
SUPRAJIT,Suprajit Engineering Limited,11689,EQ,NSE,True,True,True,True,506.8999938964844,134628.58620689655,True,True
SUPREME,Supreme Holdings & Hospitality (India) Limited,29439,EQ,NSE,True,True,False,True,46.83000183105469,81490.24137931035,False,False
SUPREMEIND,Supreme Industries Limited,3363,EQ,NSE,True,True,True,True,3501.0,236099.5172413793,True,True
SUPREMEINF,Supreme Infrastructure India Limited,15002,EQ,NSE,True,True,False,True,87.12000274658203,203178.2142857143,False,False
SUPRIYA,Supriya Lifescience Limited,7390,EQ,NSE,True,True,True,True,887.6500244140625,361889.1785714286,True,True
SURAJEST,Suraj Estate Developers Limited,20822,EQ,NSE,True,True,True,True,200.13999938964844,54959.857142857145,True,True
SURAJLTD,Suraj Limited,24966,EQ,NSE,True,True,True,False,219.9600067138672,2091.1071428571427,False,False
SURAKSHA,Suraksha Diagnostic Limited,27334,EQ,NSE,True,True,True,True,251.1000061035156,44747.5,True,True
SURANASOL,Surana Solar Limited,21077,EQ,NSE,True,True,False,True,25.950000762939453,88814.71428571429,False,False
SURANAT&P,Surana Telecom and Power Limited,10700,EQ,NSE,True,True,False,True,18.270000457763672,67018.0,False,False
SURYALA,Suryalata Spinning Mills Limited,762924,EQ,NSE,True,True,True,False,406.5499877929688,2111.793103448276,False,False
SURYALAXMI,Suryalakshmi Cotton Mills Limited,11852,EQ,NSE,True,True,False,True,61.13999938964844,11408.82142857143,False,False
SURYAROSNI,Surya Roshni Limited,3375,EQ,NSE,True,True,True,True,238.22000122070312,454978.1034482759,True,True
SURYODAY,SURYODAY,2970,EQ,NSE,False,True,True,True,150.0,0.0,False,False
SUVEN,Suven Life Sciences Limited,11233,EQ,NSE,True,True,True,True,309.8500061035156,1618097.2142857143,True,True
SUVIDHAA,Suvidhaa Infoserve Limited,2998,EQ,NSE,True,True,False,True,2.5899999141693115,95648.17857142857,False,False
SUYOG,Suyog Telematics Limited,24851,EQ,NSE,True,True,True,True,852.5499877929688,39524.607142857145,True,True
SUZLON,Suzlon Energy Limited,12018,EQ,NSE,True,True,False,True,48.0099983215332,69832517.33333333,False,False
SWANCORP,SWAN CORP LIMITED,27095,EQ,NSE,True,True,True,True,313.54998779296875,858614.8928571428,True,True
SWARAJENG,Swaraj Engines Limited,3384,EQ,NSE,True,True,True,True,3598.60009765625,19375.310344827587,True,True
SWELECTES,Swelect Energy Systems Limited,11909,EQ,NSE,True,True,True,True,620.4500122070312,16433.89285714286,True,True
SWIGGY,Swiggy Limited,27066,EQ,NSE,True,True,True,True,291.0,22532571.03333333,True,True
SWSOLAR,Sterling and Wilson Renewable Energy Limited,12489,EQ,NSE,True,True,True,True,206.1000061035156,2197387.965517241,True,True
SYMPHONY,Symphony Limited,24190,EQ,NSE,True,True,True,True,672.2999877929688,98320.6551724138,True,True
SYNCOMF,Syncom Formulations (India) Limited,11992,EQ,NSE,True,True,False,True,13.300000190734863,1384073.0689655172,False,False
SYNGENE,Syngene International Limited,10243,EQ,NSE,True,True,True,True,410.2000122070313,1440519.4666666666,True,True
SYRMA,Syrma SGS Technology Limited,10793,EQ,NSE,True,True,True,True,1421.5999755859375,1442968.6666666667,True,True
TAALTECH,Taal Tech Limited,762929,EQ,NSE,True,True,True,False,3930.5,4128.551724137931,False,False
TAINWALCHM,Tainwala Chemical and Plastic (I) Limited,3396,EQ,NSE,True,True,True,True,207.41000366210932,18827.275862068964,True,True
TAJGVK,Taj GVK Hotels & Resorts Limited,9354,EQ,NSE,True,True,True,True,369.9500122070313,127757.07142857143,True,True
TAKE,Take Solutions Limited,14917,EQ,NSE,True,True,False,True,22.38999938964844,409104.8275862069,False,False
TALBROAUTO,Talbros Automotive Components Limited,13648,EQ,NSE,True,True,True,True,415.25,318177.8571428572,True,True
TANFACIND,TANFACIND,506854,B,BSE,True,False,True,True,3102.75,35339.82142857143,False,False
TANLA,Tanla Platforms Limited,13976,EQ,NSE,True,True,True,True,612.5,1791923.5862068965,True,True
TARACHAND,Tara Chand InfraLogistic Solutions Limited,23512,EQ,NSE,True,True,False,True,58.880001068115234,74900.35714285714,False,False
TARAPUR,Tarapur Transformers Limited,18827,EQ,NSE,True,True,False,True,14.989999771118164,24123.17857142857,False,False
TARC,TARC Limited,1581,EQ,NSE,True,True,True,True,133.30999755859375,3173280.071428572,True,True
TARIL,Transformers And Rectifiers (India) Limited,15174,EQ,NSE,True,True,True,True,294.20001220703125,2877148.2,True,True
TARMAT,Tarmat Limited,14771,EQ,NSE,True,True,False,True,49.900001525878906,10340.57142857143,False,False
TARSONS,Tarsons Products Limited,6943,EQ,NSE,True,True,True,True,324.20001220703125,765706.6071428572,True,True
TASTYBITE,Tasty Bite Eatables Limited,20092,EQ,NSE,True,True,True,False,9461.0,5557.75,False,False
TATACAP,TATACAP,759265,EQ,NSE,False,True,True,True,150.0,0.0,False,False
TATACHEM,Tata Chemicals Limited,3405,EQ,NSE,True,True,True,True,668.2999877929688,700529.4137931034,True,True
TATACOMM,Tata Communications Limited,3721,EQ,NSE,True,True,True,True,1778.5,404228.6206896552,True,True
TATACONSUM,TATA CONSUMER PRODUCTS LIMITED,3432,EQ,NSE,True,False,True,True,1092.0,1625086.4666666666,False,False
TATAELXSI,Tata Elxsi Limited,3411,EQ,NSE,True,True,True,True,3737.0,505511.1666666667,True,True
TATAINVEST,TATAINVEST,1621,EQ,NSE,False,True,True,True,150.0,0.0,False,False
TATAPOWER,Tata Power Company Limited,3426,EQ,NSE,True,True,True,True,380.0,4096420.733333333,True,True
TATASTEEL,Tata Steel Limited,3499,EQ,NSE,True,True,True,True,190.9499969482422,24301029.8,True,True
TATATECH,Tata Technologies Limited,20293,EQ,NSE,True,True,True,True,762.5499877929688,1129694.3333333333,True,True
TATVA,Tatva Chintan Pharma Chem Limited,5162,EQ,NSE,True,True,True,True,1766.300048828125,258380.8333333333,True,True
TBOTEK,TBO Tek Limited,23740,EQ,NSE,True,False,True,True,1603.199951171875,305044.1724137931,False,False
TBZ,Tribhovandas Bhimji Zaveri Limited,27037,EQ,NSE,True,True,True,True,275.8500061035156,2872945.2666666666,True,True
TCC,TCC Concept Limited,761814,EQ,NSE,True,True,True,True,289.3999938964844,41084.41379310345,True,True
TCI,Transport Corporation of India Limited,10580,EQ,NSE,True,True,True,True,914.0499877929688,39020.642857142855,True,True
TCIEXP,TCI Express Limited,19223,EQ,NSE,True,True,True,True,557.3499755859375,358897.5,True,True
TCPLPACK,TCPL Packaging Limited,184,EQ,NSE,True,True,True,False,3211.5,8780.379310344828,False,False
TCS,Tata Consultancy Services Limited,11536,EQ,NSE,True,False,True,True,2460.0,4685047.7,False,False
TDPOWERSYS,TD Power Systems Limited,25178,EQ,NSE,True,True,True,True,1127.5,1060357.448275862,True,True
TEAMGTY,Team India Guaranty Limited,10717,EQ,NSE,True,True,True,False,218.0,1904.5,False,False
TEAMLEASE,Teamlease Services Limited,12716,EQ,NSE,True,True,True,True,1261.0,42437.71428571428,True,True
TECHM,Tech Mahindra Limited,13538,EQ,NSE,True,True,True,True,1648.5,2736203.966666667,True,True
TECHNOE,Techno Electric & Engineering Company Limited,6445,EQ,NSE,True,False,True,True,985.4000244140624,143749.27586206896,False,False
TECHNVISN,TechNVision Ventures Limited,762939,EQ,NSE,True,True,True,False,4407.89990234375,1838.4137931034484,False,False
TECILCHEM,TECIL Chemicals and Hydro Power Limited,3453,EQ,NSE,True,True,False,True,9.979999542236328,12133.785714285714,False,False
TEGA,Tega Industries Limited,7105,EQ,NSE,True,True,True,True,1579.800048828125,60724.642857142855,True,True
TEJASNET,Tejas Networks Limited,21131,EQ,NSE,True,False,True,True,533.9500122070312,2334605.0,False,False
TEMBO,Tembo Global Industries Limited,3275,EQ,NSE,True,False,True,True,574.1500244140625,170575.9642857143,False,False
TENNIND,Tenneco Clean Air India Limited,759880,EQ,NSE,True,True,True,True,550.5499877929688,596389.8965517242,True,True
TERASOFT,Tera Software Limited,19292,EQ,NSE,True,True,True,True,408.5499877929688,13397.464285714286,True,True
TEXINFRA,Texmaco Infrastructure & Holdings Limited,11549,EQ,NSE,True,False,True,True,113.9499969482422,133499.9642857143,False,False
TEXMOPIPES,Texmo Pipes and Products Limited,18214,EQ,NSE,True,True,False,True,42.81999969482422,21116.896551724138,False,False
TEXRAIL,Texmaco Rail & Engineering Limited,21828,EQ,NSE,True,True,True,True,108.76000213623048,2402693.2413793104,True,True
TFCILTD,TFCILTD,3466,EQ,NSE,False,True,True,True,150.0,0.0,False,False
TFL,TFL,14319,EQ,NSE,False,True,True,True,150.0,0.0,False,False
TGBHOTELS,TGB Banquets And Hotels Limited,14607,EQ,NSE,True,True,False,True,9.220000267028809,60651.357142857145,False,False
TGVSL,TGVSL,507753,B,BSE,True,True,True,True,106.8499984741211,89451.28571428571,True,True
THAKDEV,Thakkers Developers Limited,762949,EQ,NSE,True,True,True,False,140.47000122070312,232.08695652173915,False,False
THANGAMAYL,Thangamayil Jewellery Limited,18118,EQ,NSE,True,True,True,True,4717.5,298482.4827586207,True,True
THEINVEST,THEINVEST,21427,EQ,NSE,False,True,True,True,150.0,0.0,False,False
THEJO,Thejo Engineering Limited,19279,EQ,NSE,True,True,True,False,2092.89990234375,9653.03448275862,False,False
THELEELA,Leela Palaces Hotels & Resorts Limited,757014,EQ,NSE,True,True,True,True,500.1000061035156,378103.4137931034,True,True
THEMISMED,Themis Medicare Limited,14485,EQ,NSE,True,True,True,True,115.41000366210938,178784.0,True,True
THERMAX,Thermax Limited,3475,EQ,NSE,True,False,True,True,4015.0,369252.6,False,False
THOMASCOOK,Thomas Cook  (India)  Limited,3481,EQ,NSE,True,True,True,True,105.97000122070312,1140453.2333333334,True,True
THOMASCOTT,Thomas Scott (India) Limited,31017,EQ,NSE,True,False,True,True,305.70001220703125,34833.53333333333,False,False
THYROCARE,Thyrocare Technologies Limited,17032,EQ,NSE,True,True,True,True,604.6500244140625,948343.3448275862,True,True
TI,Tilaknagar Industries Limited,19196,EQ,NSE,True,False,True,True,491.1499938964844,580659.2413793104,False,False
TIIL,Technocraft Industries (India) Limited,14223,EQ,NSE,True,True,True,False,2638.89990234375,8069.035714285715,False,False
TIINDIA,TIINDIA,312,EQ,NSE,False,True,True,True,150.0,0.0,False,False
TIJARIA,Tijaria Polypipes Limited,25482,EQ,NSE,True,True,False,True,4.880000114440918,72787.21428571429,False,False
TIL,TIL Limited,3484,EQ,NSE,True,True,True,True,259.70001220703125,1859713.551724138,True,True
TIMETECHNO,Time Technoplast Limited,14707,EQ,NSE,True,True,True,True,208.8300018310547,4315828.793103448,True,True
TIMEX,Timex Group India Limited,762954,EQ,NSE,True,True,True,True,556.9500122070312,426834.275862069,True,True
TIMKEN,Timken India Limited,14198,EQ,NSE,True,True,True,True,3231.89990234375,59688.03571428572,True,True
TINNARUBR,Tinna Rubber and Infrastructure Limited,756020,EQ,NSE,True,True,True,True,1121.0,229908.75,True,True
TIPSFILMS,Tips Films Limited,11374,EQ,NSE,True,True,True,True,378.5,31620.89285714286,True,True
TIPSMUSIC,Tips Music Limited,9117,EQ,NSE,True,True,True,True,669.2999877929688,958352.7857142856,True,True
TIRUMALCHM,Thirumalai Chemicals Limited,3496,EQ,NSE,True,True,True,True,185.3600006103516,915278.8214285716,True,True
TITAGARH,TITAGARH RAIL SYSTEMS LIMITED,15414,EQ,NSE,True,True,True,True,849.75,425283.7586206897,True,True
TITAN,Titan Company Limited,3506,EQ,NSE,True,True,True,True,4935.0,875263.0344827586,True,True
TMB,TMB,10945,EQ,NSE,False,True,True,True,150.0,0.0,False,False
TMCV,Tata Motors Limited,759782,EQ,NSE,True,True,True,True,446.75,7914279.9,True,True
TMPV,Tata Motors Passenger Vehicles Limited,3456,EQ,NSE,True,False,True,True,348.54998779296875,9191011.333333334,False,False
TNPETRO,Tamilnadu PetroProducts Limited,3509,EQ,NSE,True,True,False,True,96.58000183105467,120714.03571428572,False,False
TNPL,Tamil Nadu Newsprint & Papers Limited,3980,EQ,NSE,True,True,True,True,153.55999755859375,230603.75862068965,True,True
TNTELE,Tamilnadu Telecommunication Limited,3512,EQ,NSE,True,True,False,True,9.010000228881836,23128.28571428572,False,False
TOLINS,Tolins Tyres Limited,25262,EQ,NSE,True,True,True,True,103.4499969482422,66210.60714285714,True,True
TORNTPHARM,Torrent Pharmaceuticals Limited,3518,EQ,NSE,True,False,True,True,5030.0,778786.7333333333,False,False
TORNTPOWER,Torrent Power Limited,13786,EQ,NSE,True,True,True,True,1341.0,343165.7931034483,True,True
TOTAL,Total Transport Systems Limited,22423,EQ,NSE,True,True,False,True,62.459999084472656,17058.714285714286,False,False
TOUCHWOOD,Touchwood Entertainment Limited,16908,EQ,NSE,True,True,False,False,66.33000183105469,1193.821428571429,False,False
TPHQ,Teamo Productions HQ Limited,16996,EQ,NSE,True,True,False,True,0.4300000071525574,1573488.5714285714,False,False
TPLPLASTEH,TPL Plastech Limited,9219,EQ,NSE,True,True,False,True,80.37000274658203,214900.17857142852,False,False
TRACXN,Tracxn Technologies Limited,11582,EQ,NSE,True,True,False,True,30.06999969482422,106709.96428571428,False,False
TRANSPEK,Transpek Industry Limited,3531,EQ,NSE,True,True,True,True,1380.4000244140625,11464.857142857143,True,True
TRANSRAILL,Transrail Lighting Limited,28714,EQ,NSE,True,True,True,True,495.7999877929688,352399.4827586207,True,True
TRAVELFOOD,Travel Food Services Limited,757545,EQ,NSE,True,True,True,True,1366.0999755859375,20040.379310344822,True,True
TREEHOUSE,Tree House Education & Accessories Limited,25082,EQ,NSE,True,True,False,True,6.309999942779541,28190.28571428572,False,False
TREJHARA,TREJHARA SOLUTIONS LIMITED,7518,EQ,NSE,True,True,True,True,137.08999633789062,17420.0,True,True
TREL,Transindia Real Estate Limited,17795,EQ,NSE,True,True,False,True,24.479999542236328,92650.71428571428,False,False
TRENT,Trent Limited,1964,EQ,NSE,True,True,True,True,3107.699951171875,1457314.896551724,True,True
TRF,TRF Limited,17987,EQ,NSE,True,False,True,True,228.44000244140625,34050.23333333333,False,False
TRIDENT,Trident Limited,9685,EQ,NSE,True,True,False,True,24.96999931335449,7402699.4,False,False
TRIGYN,Trigyn Technologies Limited,5428,EQ,NSE,True,True,False,True,54.02999877929688,34093.21428571428,False,False
TRITURBINE,Triveni Turbine Limited,25584,EQ,NSE,True,True,True,True,618.7999877929688,878613.4285714285,True,True
TRL,TRL,541228,B,BSE,True,True,False,True,63.31999969482422,22730.39285714286,False,False
TRU,TRU,9378,EQ,NSE,False,True,True,True,150.0,0.0,False,False
TRUALT,TruAlt Bioenergy Limited,759210,EQ,NSE,True,True,True,True,436.7000122070313,333092.7,True,True
TSFINV,TSFINV,2183,EQ,NSE,False,True,True,True,150.0,0.0,False,False
TTKHLTCARE,TTK Healthcare Limited,11369,EQ,NSE,True,True,True,True,1037.699951171875,21418.82758620689,True,True
TTKPRESTIG,TTK Prestige Limited,3546,EQ,NSE,True,True,True,True,630.7999877929688,596781.724137931,True,True
TTL,T T Limited,14314,EQ,NSE,True,True,False,True,6.28000020980835,105828.75,False,False
TTML,Tata Teleservices (Maharashtra) Limited,8954,EQ,NSE,True,True,False,True,39.880001068115234,2070799.5,False,False
TURTLEMINT,TURTLEMINT,756090,EQ,NSE,False,True,True,True,150.0,0.0,False,False
TVSELECT,TVS Electronics Limited,11265,EQ,NSE,True,True,True,True,500.4500122070313,115766.28571428572,True,True
TVSHLTD,TVS Holdings Limited,29008,EQ,NSE,True,True,True,False,14790.0,9328.285714285714,False,False
TVSMOTOR,TVS Motor Company Limited,8479,EQ,NSE,True,True,True,True,4360.0,1315110.5714285714,True,True
TVSSCS,TVS Supply Chain Solutions Limited,18151,EQ,NSE,True,True,True,True,135.5399932861328,469938.7,True,True
TVSSRICHAK,TVS Srichakra Limited,14245,EQ,NSE,True,True,True,False,3982.199951171875,3522.3571428571427,False,False
TVTODAY,TV Today Network Limited,11275,EQ,NSE,True,False,True,True,115.66999816894533,84526.64285714286,False,False
TVVISION,TV Vision Limited,18504,EQ,NSE,True,True,False,True,4.449999809265137,13324.75,False,False
UBL,UBL,16713,EQ,NSE,False,True,True,True,150.0,0.0,False,False
UCAL,UCAL LIMITED,3570,EQ,NSE,True,True,True,True,115.98999786376952,18946.85714285714,True,True
UCOBANK,UCOBANK,11223,EQ,NSE,False,True,True,True,150.0,0.0,False,False
UDS,Updater Services Limited,19113,EQ,NSE,True,True,True,True,203.8300018310547,359813.8214285714,True,True
UEL,Ujaas Energy Limited,23507,EQ,NSE,True,True,True,False,202.91000366210932,8815.07142857143,False,False
UFBL,United Foodbrands Limited,3127,EQ,NSE,True,False,True,True,735.0999755859375,158528.75,False,False
UFLEX,UFLEX Limited,1053,EQ,NSE,True,True,True,True,475.3500061035156,568971.8214285715,True,True
UFO,UFO Moviez India Limited,9039,EQ,NSE,True,True,False,True,68.11000061035156,40886.92857142857,False,False
UGARSUGAR,The Ugar Sugar Works Limited,19578,EQ,NSE,True,True,False,True,44.97999954223633,176253.5172413793,False,False
UGROCAP,UGROCAP,5313,EQ,NSE,False,True,True,True,150.0,0.0,False,False
UHZAVERI,UHZAVERI,541338,B,BSE,True,True,False,True,10.020000457763672,30512.89285714286,False,False
UJJIVANSFB,UJJIVANSFB,15228,EQ,NSE,False,True,True,True,150.0,0.0,False,False
ULTRACEMCO,UltraTech Cement Limited,11532,EQ,NSE,True,True,True,True,12050.0,261314.0344827586,True,True
ULTRAMAR,Ultramarine & Pigments Limited,762961,EQ,NSE,True,True,True,True,389.0,23328.464285714286,True,True
UMESLTD,Usha Martin Education & Solutions Limited,19142,EQ,NSE,True,True,False,True,5.460000038146973,44280.607142857145,False,False
UMIYA-MRO,UMIYA BUILDCON LIMITED,8998,EQ,NSE,True,True,False,True,93.05999755859376,16393.58620689655,False,False
UNIAUTO,UNIAUTO,539314,B,BSE,True,True,False,True,51.22999954223633,12229.0,False,False
UNICHEMLAB,Unichem Laboratories Limited,3579,EQ,NSE,True,True,True,True,500.2999877929688,642950.8928571428,True,True
UNIECOM,Unicommerce Esolutions Limited,24809,EQ,NSE,True,True,False,True,86.12000274658203,559423.5714285715,False,False
UNIENTER,Uniphos Enterprises Limited,11293,EQ,NSE,True,True,False,True,96.95999908447266,16797.39285714286,False,False
UNIMECH,Unimech Aerospace and Manufacturing Limited,28960,EQ,NSE,True,True,True,True,1334.0999755859375,172831.7142857143,True,True
UNIONBANK,UNIONBANK,10753,EQ,NSE,False,True,True,True,150.0,0.0,False,False
UNIPARTS,Uniparts India Limited,13057,EQ,NSE,True,True,True,True,732.9500122070312,139376.0344827586,True,True
UNITDSPR,UNITDSPR,10447,EQ,NSE,False,True,True,True,150.0,0.0,False,False
UNITECH,Unitech Limited,3594,EQ,NSE,True,True,False,True,4.230000019073486,3348227.1379310344,False,False
UNITEDTEA,The United Nilgiri Tea Estates Company Limited,17999,EQ,NSE,True,True,True,False,471.3999938964844,2384.928571428572,False,False
UNIVCABLES,Universal Cables Limited,3607,EQ,NSE,True,True,True,True,1427.699951171875,135531.2068965517,True,True
UNOMINDA,UNO Minda Limited,14154,EQ,NSE,True,True,True,True,1227.0,904384.0333333332,True,True
UPL,UPL Limited,11287,EQ,NSE,True,True,True,True,581.9000244140625,2475988.933333333,True,True
URBANCO,Urban Company Limited,759084,EQ,NSE,True,True,True,True,141.88999938964844,5949875.666666667,True,True
URJA,Urja Global Limited,20203,EQ,NSE,True,True,False,True,10.050000190734863,999462.8965517242,False,False
URSUGAR,URSUGAR,539097,B,BSE,True,True,False,True,2.690000057220459,109446.46428571428,False,False
USHAMART,Usha Martin Limited,8840,EQ,NSE,True,True,True,True,503.6000061035156,553692.4642857143,True,True
USK,Udayshivakumar Infra Limited,14871,EQ,NSE,True,True,False,True,22.5,17713.714285714286,False,False
UTIAMC,UTI Asset Management Company Limited,527,EQ,NSE,True,True,True,True,909.0999755859376,338702.1034482759,True,True
UTKARSHBNK,UTKARSHBNK,17358,EQ,NSE,False,True,True,True,150.0,0.0,False,False
UTLSOLAR,Fujiyama Power Systems Limited,759876,EQ,NSE,True,True,True,True,389.5499877929688,465970.2068965517,True,True
UTTAMSUGAR,Uttam Sugar Mills Limited,13376,EQ,NSE,True,True,True,True,253.1199951171875,106317.17857142857,True,True
UYFINCORP,U. Y. Fincorp Limited,25626,EQ,NSE,True,True,False,True,19.36000061035156,434902.6785714286,False,False
V2RETAIL,V2 Retail Limited,14766,EQ,NSE,True,True,True,True,217.7400054931641,1045766.2142857144,True,True
VADILALIND,Vadilal Industries Limited,24196,EQ,NSE,True,True,True,True,7294.5,15101.82142857143,True,True
VAIBHAVGBL,Vaibhav Global Limited,11364,EQ,NSE,True,False,True,True,270.1000061035156,585485.7931034482,False,False
VAISHALI,Vaishali Pharma Limited,16589,EQ,NSE,True,True,False,True,7.820000171661377,112517.85714285714,False,False
VAKRANGEE,Vakrangee Limited,13342,EQ,NSE,True,True,False,True,6.03000020980835,1236789.0689655172,False,False
VAML,Vedanta Aluminium Metal Limited,750174,EQ,NSE,True,True,True,True,467.6000061035156,10593897.333333334,True,True
VARDMNPOLY,Vardhman Polytex Limited,3646,EQ,NSE,True,True,False,True,6.03000020980835,251379.64285714287,False,False
VARROC,Varroc Engineering Limited,3857,EQ,NSE,True,True,True,True,680.75,150588.83333333334,True,True
VASWANI,Vaswani Industries Limited,25340,EQ,NSE,True,True,False,True,52.560001373291016,27270.821428571428,False,False
VBL,Varun Beverages Limited,18921,EQ,NSE,True,True,True,True,439.0,7018746.666666667,True,True
VCL,Vaxtex Cotfab Limited,9020,EQ,NSE,True,True,False,True,1.1699999570846558,367678.0,False,False
VEDL,Vedanta Limited,3063,EQ,NSE,True,True,True,True,269.0,14419548.766666668,True,True
VEDPOWER,Vedanta Power Limited,750518,EQ,NSE,True,True,False,True,35.619998931884766,44312869.266666666,False,False
VEEDOL,Veedol Corporation Limited,14019,EQ,NSE,True,True,True,False,1434.4000244140625,8567.965517241379,False,False
VENKEYS,Venky's (India) Limited,3757,EQ,NSE,True,True,True,True,1595.199951171875,39349.75,True,True
VENTIVE,Ventive Hospitality Limited,28847,EQ,NSE,True,True,True,True,626.7000122070312,15593.607142857143,True,True
VENUSPIPES,Venus Pipes & Tubes Limited,9592,EQ,NSE,True,False,True,True,1633.9000244140625,118351.0,False,False
VERANDA,Veranda Learning Solutions Limited,8890,EQ,NSE,True,False,True,True,257.29998779296875,428004.5333333333,False,False
VESUVIUS,Vesuvius India Limited,3676,EQ,NSE,True,False,True,True,456.6000061035156,96666.0,False,False
VGL,VARVEE GLOBAL LIMITED,13771,EQ,NSE,True,True,False,True,61.33000183105469,45850.607142857145,False,False
VGUARD,V-Guard Industries Limited,15362,EQ,NSE,True,True,True,True,313.3500061035156,1461933.7142857143,True,True
VHL,Vardhman Holdings Limited,11892,EQ,NSE,True,True,True,False,3362.10009765625,539.8214285714286,False,False
VIDHIING,Vidhi Specialty Food Ingredients Limited,13536,EQ,NSE,True,True,True,True,330.8500061035156,56747.392857142855,True,True
VIDYAWIRES,Vidya Wires Limited,760224,EQ,NSE,True,True,False,True,92.13999938964844,994985.1379310344,False,False
VIJAYA,Vijaya Diagnostic Centre Limited,5585,EQ,NSE,True,True,True,True,1385.0999755859375,294852.9285714286,True,True
VIKASECO,Vikas EcoTech Limited,25756,EQ,NSE,True,True,False,True,1.1100000143051147,1856216.7586206896,False,False
VIKASLIFE,Vikas Lifecare Limited,9931,EQ,NSE,True,True,False,True,1.2599999904632568,2058209.75,False,False
VIKRAMSOLR,Vikram Solar Limited,759453,EQ,NSE,True,False,True,True,180.0399932861328,2279352.821428572,False,False
VIKRAN,Vikran Engineering Limited,758973,EQ,NSE,True,True,False,True,72.25,4207168.633333334,False,False
VIMTALABS,Vimta Labs Limited,13101,EQ,NSE,True,True,True,True,642.25,595570.3571428572,True,True
VINATIORGA,Vinati Organics Limited,17364,EQ,NSE,True,True,True,True,1319.5999755859375,59561.21428571428,True,True
VINCOFE,Vintage Coffee And Beverages Limited,25835,EQ,NSE,True,True,True,True,152.75,2380781.8620689656,True,True
VINDHYATEL,Vindhya Telelinks Limited,3694,EQ,NSE,True,True,True,True,2336.60009765625,58297.68965517241,True,True
VINNY,Vinny Overseas Limited,12490,EQ,NSE,True,True,False,True,1.0700000524520874,314796.21428571426,False,False
VINYLINDIA,Vinyl Chemicals (India) Limited,16821,EQ,NSE,True,True,True,True,247.6100006103516,13528.57142857143,True,True
VIPIND,VIP Industries Limited,3703,EQ,NSE,True,False,True,True,301.5,163646.5172413793,False,False
VIRINCHI,Virinchi Limited,15295,EQ,NSE,True,True,False,True,15.609999656677246,44359.57142857143,False,False
VISAKAIND,Visaka Industries Limited,4221,EQ,NSE,True,True,False,True,86.73999786376953,203105.32142857145,False,False
VISHAL,VISHAL,538598,B,BSE,True,True,False,True,18.21999931335449,56416.892857142855,False,False
VISHALBL,VISHALBL,539398,B,BSE,True,True,False,False,50.150001525878906,2956.1428571428573,False,False
VISHNU,Vishnu Chemicals Limited,6908,EQ,NSE,True,True,True,True,594.0499877929688,116018.92857142857,True,True
VISHWARAJ,Vishwaraj Sugar Industries Limited,13702,EQ,NSE,True,True,False,True,5.46999979019165,162747.75,False,False
VISL,Vedanta Iron and Steel Limited,750290,EQ,NSE,True,True,False,True,35.54999923706055,63981046.16666666,False,False
VIVIDHA,Visagar Polytex Limited,29877,EQ,NSE,True,True,False,True,0.5099999904632568,208178.75,False,False
VIVIDM,VIVIDM,542046,B,BSE,True,True,False,True,5.059999942779541,198775.42857142852,False,False
VIYASH,Viyash Scientific Limited,14296,EQ,NSE,True,True,True,True,266.3999938964844,1738625.5,True,True
VLSFINANCE,VLSFINANCE,3715,EQ,NSE,False,True,True,True,150.0,0.0,False,False
VMART,V-Mart Retail Limited,29284,EQ,NSE,True,True,True,True,775.3499755859375,162299.4642857143,True,True
VMM,Vishal Mega Mart Limited,27969,EQ,NSE,True,False,True,True,111.3000030517578,10608819.633333333,False,False
VOEPL,Virtuoso Optoelectronics Limited,761916,EQ,NSE,True,False,True,True,484.1499938964844,150675.625,False,False
VOGL,Vedanta Oil and Gas Limited,750368,EQ,NSE,True,True,False,True,37.79999923706055,74170781.6,False,False
VOLTAMP,Voltamp Transformers Limited,13577,EQ,NSE,True,True,True,True,9881.5,28955.714285714286,True,True
VOLTAS,Voltas Limited,3718,EQ,NSE,True,True,True,True,1327.699951171875,676067.0,True,True
VRAJ,Vraj Iron and Steel Limited,24321,EQ,NSE,True,True,True,True,121.58999633789062,72037.37931034483,True,True
VRFILMS,VRFILMS,542654,B,BSE,True,True,False,False,14.489999771118164,5592.071428571428,False,False
VRLLOG,VRL Logistics Limited,8696,EQ,NSE,True,False,True,True,280.25,467937.275862069,False,False
VSL,VSL,540252,B,BSE,True,True,False,True,10.3100004196167,304182.4285714286,False,False
VSSL,Vardhman Special Steels Limited,27067,EQ,NSE,True,True,True,True,304.79998779296875,164467.60714285713,True,True
VSTIND,VST Industries Limited,3724,EQ,NSE,True,True,True,True,221.22000122070312,430724.13333333336,True,True
VSTL,Vibhor Steel Tubes Limited,22730,EQ,NSE,True,True,True,False,111.5199966430664,9065.535714285714,False,False
VSTTILLERS,V.S.T Tillers Tractors Limited,24292,EQ,NSE,True,True,True,False,4462.39990234375,7659.392857142857,False,False
VTL,Vardhman Textiles Limited,2073,EQ,NSE,True,True,True,True,598.0499877929688,338449.7586206897,True,True
WAAREEENER,Waaree Energies Limited,25907,EQ,NSE,True,True,True,True,2670.0,907105.1,True,True
WAAREEINDO,Indosolar Limited,19955,EQ,NSE,True,True,True,True,313.3500061035156,67245.06896551725,True,True
WAAREERTL,Waaree Renewable Technologies Limited,756038,EQ,NSE,True,True,True,True,912.5999755859376,258753.0,True,True
WABAG,VA Tech Wabag Limited,20188,EQ,NSE,True,True,True,True,1951.4000244140625,831696.6666666666,True,True
WAKEFIT,Wakefit Innovations Limited,760259,EQ,NSE,True,True,True,True,128.02000427246094,5732368.172413793,True,True
WALCHANNAG,Walchandnagar Industries Limited,3736,EQ,NSE,True,True,True,True,233.8800048828125,1235034.4137931035,True,True
WANBURY,Wanbury Limited,14063,EQ,NSE,True,True,True,True,278.8999938964844,616449.9655172414,True,True
WCIL,Western Carriers (India) Limited,25403,EQ,NSE,True,True,False,True,91.38999938964844,49004.892857142855,False,False
WEALTH,Wealth First Portfolio Managers Limited,1923,EQ,NSE,True,True,True,False,928.5,1856.357142857143,False,False
WEBELSOLAR,Websol Energy System Limited,14602,EQ,NSE,True,True,False,True,96.31999969482422,1628985.4137931035,False,False
WEIZMANIND,Weizmann Limited,3748,EQ,NSE,True,True,False,False,77.30000305175781,2576.1071428571427,False,False
WEL,Wonder Electricals Limited,7835,EQ,NSE,True,True,True,True,117.69000244140624,219428.89285714287,True,True
WELCORP,Welspun Corp Limited,11821,EQ,NSE,True,True,True,True,1736.5999755859375,1222900.5333333334,True,True
WELENT,Welspun Enterprises Limited,11626,EQ,NSE,True,True,True,True,606.9000244140625,339513.6785714286,True,True
WELSPLSOL,Welspun Specialty Solutions Limited,762971,EQ,NSE,True,True,False,True,50.56999969482422,793481.724137931,False,False
WELSPUNLIV,Welspun Living Limited,11253,EQ,NSE,True,True,True,True,160.72999572753906,2391627.1666666665,True,True
WENDT,Wendt (India) Limited,4235,EQ,NSE,True,False,True,True,8102.0,10218.862068965518,False,False
WESTLIFE,WESTLIFE FOODWORLD LIMITED,11580,EQ,NSE,True,True,True,True,542.5499877929688,199348.86666666667,True,True
WEWORK,WeWork India Management Limited,759434,EQ,NSE,True,True,True,True,737.3499755859375,518024.3448275862,True,True
WHEELS,Wheels India Limited,3766,EQ,NSE,True,True,True,True,1408.800048828125,176953.75,True,True
WHIRLPOOL,Whirlpool of India Limited,18011,EQ,NSE,True,True,True,True,820.5,325854.26666666666,True,True
WILLAMAGOR,Williamson Magor & Company Limited,3772,EQ,NSE,True,True,False,False,25.600000381469727,1596.642857142857,False,False
WINDLAS,Windlas Biotech Limited,5366,EQ,NSE,True,False,True,True,862.25,42047.857142857145,False,False
WINDMACHIN,Windsor Machines Limited,24969,EQ,NSE,True,True,True,True,282.8999938964844,66060.0,True,True
WIPL,The Western India Plywoods Limited,20481,EQ,NSE,True,True,True,False,168.50999450683594,3440.785714285714,False,False
WIPRO,Wipro Limited,3787,EQ,NSE,True,False,True,True,186.3000030517578,20121944.066666663,False,False
WOCKPHARMA,Wockhardt Limited,7506,EQ,NSE,True,False,True,True,2022.5999755859373,637140.8,False,False
WONDERLA,Wonderla Holidays Limited,3002,EQ,NSE,True,False,True,True,508.8500061035156,87948.89655172414,False,False
WORTHPERI,Worth Peripherals Limited,22277,EQ,NSE,True,True,True,True,152.97999572753906,20114.53571428572,True,True
WPIL,WPIL Limited,762978,EQ,NSE,True,True,True,True,446.1000061035156,65022.93103448276,True,True
WSI,W S Industries (I) Limited,14828,EQ,NSE,True,True,False,True,60.0099983215332,55775.17857142857,False,False
WSTCSTPAPR,West Coast Paper Mills Limited,3799,EQ,NSE,True,True,True,True,571.75,232775.75862068965,True,True
XCHANGING,Xchanging Solutions Limited,11705,EQ,NSE,True,True,False,True,68.38999938964844,101243.6551724138,False,False
XELPMOC,Xelpmoc Design And Tech Limited,8477,EQ,NSE,True,True,False,False,81.5199966430664,8383.67857142857,False,False
XPROINDIA,Xpro India Limited,11407,EQ,NSE,True,True,True,True,1178.199951171875,58067.0,True,True
XTGLOBAL,Xtglobal Infotech Limited,25235,EQ,NSE,True,True,False,True,33.16999816894531,89034.60714285714,False,False
YASHO,Yasho Industries Limited,18131,EQ,NSE,True,True,True,True,4359.89990234375,49713.55172413793,True,True
YATHARTH,Yatharth Hospital & Trauma Care Services Limited,17738,EQ,NSE,True,True,True,True,845.5,229287.75862068965,True,True
YATRA,Yatra Online Limited,18760,EQ,NSE,True,False,True,True,106.9499969482422,975810.7931034482,False,False
YESBANK,YESBANK,11915,EQ,NSE,False,True,True,True,150.0,0.0,False,False
YUKEN,Yuken India Limited,5501,EQ,NSE,True,True,True,False,714.9000244140625,8952.42857142857,False,False
ZAGGLE,Zaggle Prepaid Ocean Services Limited,18608,EQ,NSE,True,True,True,True,203.83999633789065,653091.2857142857,True,True
ZEEL,Zee Entertainment Enterprises Limited,3812,EQ,NSE,True,True,False,True,99.5500030517578,25766097.20689655,False,False
ZEEMEDIA,Zee Media Corporation Limited,14003,EQ,NSE,True,True,False,True,7.050000190734863,1015961.1071428572,False,False
ZENITHEXPO,Zenith Exports Limited,4176,EQ,NSE,True,True,True,False,197.0,250.78571428571428,False,False
ZENITHSTL,Zenith Steel Pipes & Industries Limited,14562,EQ,NSE,True,True,False,True,5.610000133514404,81988.53571428571,False,False
ZENSARTECH,Zensar Technologies Limited,1076,EQ,NSE,True,True,True,True,511.7999877929688,9176116.32142857,True,True
ZENTEC,Zen Technologies Limited,7508,EQ,NSE,True,True,True,True,1683.4000244140625,561534.275862069,True,True
ZFCVINDIA,ZF Commercial Vehicle Control Systems India Limited,16915,EQ,NSE,True,True,True,True,2555.60009765625,226304.27586206896,True,True
ZFSTEERING,ZF Steering Gear (India) Limited,4229,EQ,NSE,True,True,True,False,665.9500122070312,5872.428571428572,False,False
ZODIAC,Zodiac Energy Limited,7129,EQ,NSE,True,True,True,False,257.6000061035156,8145.724137931034,False,False
ZODIACLOTH,Zodiac Clothing Company Limited,3821,EQ,NSE,True,True,False,True,76.93000030517578,21059.103448275862,False,False
ZOTA,Zota Health Care LImited,11394,EQ,NSE,True,True,True,True,1252.5,56818.25,True,True
ZSARACOM,Saraswati Commercial India Limited,762985,EQ,NSE,True,True,True,False,12048.0,174.31034482758622,False,False
ZUARI,Zuari Agro Chemicals Limited,29050,EQ,NSE,True,False,True,True,231.6499938964844,142480.55172413794,False,False
ZUARIIND,ZUARI INDUSTRIES LIMITED,3827,EQ,NSE,True,True,True,True,263.6499938964844,29022.67857142857,True,True
ZYDUSLIFE,Zydus Lifesciences Limited,7929,EQ,NSE,True,True,True,True,1130.0,1214721.1379310344,True,True
ZYDUSWELL,Zydus Wellness Limited,17635,EQ,NSE,True,True,True,True,550.2000122070312,1117621.8620689656,True,True
